{
  "dataset_revision": "6e346642246bfb4928c560ee08640dc84d074e8c",
  "mteb_dataset_name": "LEMBPasskeyRetrieval",
  "mteb_version": "1.6.23",
  "test": {
    "evaluation_time": 2.14,
    "map_at_1": 0.04,
    "map_at_10": 0.17625,
    "map_at_100": 0.19196,
    "map_at_1000": 0.19196,
    "map_at_20": 0.1875,
    "map_at_3": 0.10667,
    "map_at_5": 0.13567,
    "mrr_at_1": 0.04,
    "mrr_at_10": 0.17625,
    "mrr_at_100": 0.19196,
    "mrr_at_1000": 0.19196,
    "mrr_at_20": 0.1875,
    "mrr_at_3": 0.10667,
    "mrr_at_5": 0.13567,
    "ndcg_at_1": 0.04,
    "ndcg_at_10": 0.2884,
    "ndcg_at_100": 0.36238,
    "ndcg_at_1000": 0.36238,
    "ndcg_at_20": 0.3291,
    "ndcg_at_3": 0.14,
    "ndcg_at_5": 0.1908,
    "precision_at_1": 0.04,
    "precision_at_10": 0.066,
    "precision_at_100": 0.01,
    "precision_at_1000": 0.001,
    "precision_at_20": 0.041,
    "precision_at_3": 0.08,
    "precision_at_5": 0.072,
    "recall_at_1": 0.04,
    "recall_at_10": 0.66,
    "recall_at_100": 1.0,
    "recall_at_1000": 1.0,
    "recall_at_20": 0.82,
    "recall_at_3": 0.24,
    "recall_at_5": 0.36
  }
}