{
  "dataset_revision": "6e346642246bfb4928c560ee08640dc84d074e8c",
  "mteb_dataset_name": "LEMBNeedleRetrieval",
  "mteb_version": "1.6.23",
  "test": {
    "evaluation_time": 9.78,
    "map_at_1": 0.12,
    "map_at_10": 0.24356,
    "map_at_100": 0.26646,
    "map_at_1000": 0.26646,
    "map_at_20": 0.26563,
    "map_at_3": 0.18333,
    "map_at_5": 0.19133,
    "mrr_at_1": 0.12,
    "mrr_at_10": 0.24356,
    "mrr_at_100": 0.26646,
    "mrr_at_1000": 0.26646,
    "mrr_at_20": 0.26563,
    "mrr_at_3": 0.18333,
    "mrr_at_5": 0.19133,
    "ndcg_at_1": 0.12,
    "ndcg_at_10": 0.34682,
    "ndcg_at_100": 0.42517,
    "ndcg_at_1000": 0.42517,
    "ndcg_at_20": 0.42087,
    "ndcg_at_3": 0.20309,
    "ndcg_at_5": 0.21857,
    "precision_at_1": 0.12,
    "precision_at_10": 0.07,
    "precision_at_100": 0.01,
    "precision_at_1000": 0.001,
    "precision_at_20": 0.049,
    "precision_at_3": 0.08667,
    "precision_at_5": 0.06,
    "recall_at_1": 0.12,
    "recall_at_10": 0.7,
    "recall_at_100": 1.0,
    "recall_at_1000": 1.0,
    "recall_at_20": 0.98,
    "recall_at_3": 0.26,
    "recall_at_5": 0.3
  }
}