{
  "dataset_revision": "6e346642246bfb4928c560ee08640dc84d074e8c",
  "mteb_dataset_name": "LEMBPasskeyRetrieval",
  "mteb_version": "1.6.23",
  "test": {
    "evaluation_time": 0.01,
    "map_at_1": 0.24,
    "map_at_10": 0.30048,
    "map_at_100": 0.31628,
    "map_at_1000": 0.31628,
    "map_at_20": 0.30982,
    "map_at_3": 0.26333,
    "map_at_5": 0.27233,
    "mrr_at_1": 0.24,
    "mrr_at_10": 0.30048,
    "mrr_at_100": 0.31628,
    "mrr_at_1000": 0.31628,
    "mrr_at_20": 0.30982,
    "mrr_at_3": 0.26333,
    "mrr_at_5": 0.27233,
    "ndcg_at_1": 0.24,
    "ndcg_at_10": 0.35512,
    "ndcg_at_100": 0.44575,
    "ndcg_at_1000": 0.44575,
    "ndcg_at_20": 0.39008,
    "ndcg_at_3": 0.27262,
    "ndcg_at_5": 0.28897,
    "precision_at_1": 0.24,
    "precision_at_10": 0.054,
    "precision_at_100": 0.01,
    "precision_at_1000": 0.001,
    "precision_at_20": 0.034,
    "precision_at_3": 0.1,
    "precision_at_5": 0.068,
    "recall_at_1": 0.24,
    "recall_at_10": 0.54,
    "recall_at_100": 1.0,
    "recall_at_1000": 1.0,
    "recall_at_20": 0.68,
    "recall_at_3": 0.3,
    "recall_at_5": 0.34
  }
}