{
  "dataset_revision": "6e346642246bfb4928c560ee08640dc84d074e8c",
  "mteb_dataset_name": "LEMBNeedleRetrieval",
  "mteb_version": "1.6.23",
  "test": {
    "evaluation_time": 0.03,
    "map_at_1": 0.48,
    "map_at_10": 0.60038,
    "map_at_100": 0.60796,
    "map_at_1000": 0.60796,
    "map_at_20": 0.6057,
    "map_at_3": 0.57,
    "map_at_5": 0.584,
    "mrr_at_1": 0.48,
    "mrr_at_10": 0.60038,
    "mrr_at_100": 0.60796,
    "mrr_at_1000": 0.60796,
    "mrr_at_20": 0.6057,
    "mrr_at_3": 0.57,
    "mrr_at_5": 0.584,
    "ndcg_at_1": 0.48,
    "ndcg_at_10": 0.66244,
    "ndcg_at_100": 0.69494,
    "ndcg_at_1000": 0.69494,
    "ndcg_at_20": 0.6824,
    "ndcg_at_3": 0.59833,
    "ndcg_at_5": 0.62329,
    "precision_at_1": 0.48,
    "precision_at_10": 0.086,
    "precision_at_100": 0.01,
    "precision_at_1000": 0.001,
    "precision_at_20": 0.047,
    "precision_at_3": 0.22667,
    "precision_at_5": 0.148,
    "recall_at_1": 0.48,
    "recall_at_10": 0.86,
    "recall_at_100": 1.0,
    "recall_at_1000": 1.0,
    "recall_at_20": 0.94,
    "recall_at_3": 0.68,
    "recall_at_5": 0.74
  }
}