{
  "dataset_revision": "6e346642246bfb4928c560ee08640dc84d074e8c",
  "mteb_dataset_name": "LEMBNeedleRetrieval",
  "mteb_version": "1.6.23",
  "test": {
    "evaluation_time": 5.83,
    "map_at_1": 0.58,
    "map_at_10": 0.70367,
    "map_at_100": 0.71022,
    "map_at_1000": 0.71022,
    "map_at_20": 0.71022,
    "map_at_3": 0.68,
    "map_at_5": 0.697,
    "mrr_at_1": 0.58,
    "mrr_at_10": 0.70367,
    "mrr_at_100": 0.71022,
    "mrr_at_1000": 0.71022,
    "mrr_at_20": 0.71022,
    "mrr_at_3": 0.68,
    "mrr_at_5": 0.697,
    "ndcg_at_1": 0.58,
    "ndcg_at_10": 0.75702,
    "ndcg_at_100": 0.77848,
    "ndcg_at_1000": 0.77848,
    "ndcg_at_20": 0.77848,
    "ndcg_at_3": 0.71095,
    "ndcg_at_5": 0.74277,
    "precision_at_1": 0.58,
    "precision_at_10": 0.092,
    "precision_at_100": 0.01,
    "precision_at_1000": 0.001,
    "precision_at_20": 0.05,
    "precision_at_3": 0.26667,
    "precision_at_5": 0.176,
    "recall_at_1": 0.58,
    "recall_at_10": 0.92,
    "recall_at_100": 1.0,
    "recall_at_1000": 1.0,
    "recall_at_20": 1.0,
    "recall_at_3": 0.8,
    "recall_at_5": 0.88
  }
}