{
  "dataset_revision": "6e346642246bfb4928c560ee08640dc84d074e8c",
  "mteb_dataset_name": "LEMBNeedleRetrieval",
  "mteb_version": "1.6.23",
  "test": {
    "evaluation_time": 31.01,
    "map_at_1": 0.18,
    "map_at_10": 0.25805,
    "map_at_100": 0.27286,
    "map_at_1000": 0.27286,
    "map_at_20": 0.25916,
    "map_at_3": 0.23333,
    "map_at_5": 0.25233,
    "mrr_at_1": 0.18,
    "mrr_at_10": 0.25433,
    "mrr_at_100": 0.27178,
    "mrr_at_1000": 0.27178,
    "mrr_at_20": 0.25826,
    "mrr_at_3": 0.23333,
    "mrr_at_5": 0.25233,
    "ndcg_at_1": 0.18,
    "ndcg_at_10": 0.29739,
    "ndcg_at_100": 0.40527,
    "ndcg_at_1000": 0.40527,
    "ndcg_at_20": 0.30209,
    "ndcg_at_3": 0.25047,
    "ndcg_at_5": 0.28405,
    "precision_at_1": 0.18,
    "precision_at_10": 0.042,
    "precision_at_100": 0.01,
    "precision_at_1000": 0.001,
    "precision_at_20": 0.022,
    "precision_at_3": 0.1,
    "precision_at_5": 0.076,
    "recall_at_1": 0.18,
    "recall_at_10": 0.42,
    "recall_at_100": 1.0,
    "recall_at_1000": 1.0,
    "recall_at_20": 0.44,
    "recall_at_3": 0.3,
    "recall_at_5": 0.38
  }
}