{
  "dataset_revision": "6e346642246bfb4928c560ee08640dc84d074e8c",
  "mteb_dataset_name": "LEMBNeedleRetrieval",
  "mteb_version": "1.6.23",
  "test": {
    "evaluation_time": 5.21,
    "map_at_1": 0.38,
    "map_at_10": 0.395,
    "map_at_100": 0.40432,
    "map_at_1000": 0.40432,
    "map_at_20": 0.395,
    "map_at_3": 0.38667,
    "map_at_5": 0.39167,
    "mrr_at_1": 0.38,
    "mrr_at_10": 0.395,
    "mrr_at_100": 0.40533,
    "mrr_at_1000": 0.40533,
    "mrr_at_20": 0.395,
    "mrr_at_3": 0.38667,
    "mrr_at_5": 0.39167,
    "ndcg_at_1": 0.38,
    "ndcg_at_10": 0.40574,
    "ndcg_at_100": 0.49965,
    "ndcg_at_1000": 0.49965,
    "ndcg_at_20": 0.40574,
    "ndcg_at_3": 0.39,
    "ndcg_at_5": 0.39861,
    "precision_at_1": 0.38,
    "precision_at_10": 0.044,
    "precision_at_100": 0.01,
    "precision_at_1000": 0.001,
    "precision_at_20": 0.022,
    "precision_at_3": 0.13333,
    "precision_at_5": 0.084,
    "recall_at_1": 0.38,
    "recall_at_10": 0.44,
    "recall_at_100": 1.0,
    "recall_at_1000": 1.0,
    "recall_at_20": 0.44,
    "recall_at_3": 0.4,
    "recall_at_5": 0.42
  }
}