{
  "dataset_revision": "6e346642246bfb4928c560ee08640dc84d074e8c",
  "mteb_dataset_name": "LEMBPasskeyRetrieval",
  "mteb_version": "1.6.23",
  "test": {
    "evaluation_time": 0.02,
    "map_at_1": 0.02,
    "map_at_10": 0.04586,
    "map_at_100": 0.06826,
    "map_at_1000": 0.06826,
    "map_at_20": 0.05006,
    "map_at_3": 0.03,
    "map_at_5": 0.039,
    "mrr_at_1": 0.02,
    "mrr_at_10": 0.04333,
    "mrr_at_100": 0.06685,
    "mrr_at_1000": 0.06685,
    "mrr_at_20": 0.04797,
    "mrr_at_3": 0.03667,
    "mrr_at_5": 0.03667,
    "ndcg_at_1": 0.02,
    "ndcg_at_10": 0.0672,
    "ndcg_at_100": 0.22549,
    "ndcg_at_1000": 0.22549,
    "ndcg_at_20": 0.0824,
    "ndcg_at_3": 0.03262,
    "ndcg_at_5": 0.04897,
    "precision_at_1": 0.02,
    "precision_at_10": 0.014,
    "precision_at_100": 0.01,
    "precision_at_1000": 0.001,
    "precision_at_20": 0.01,
    "precision_at_3": 0.01333,
    "precision_at_5": 0.016,
    "recall_at_1": 0.02,
    "recall_at_10": 0.14,
    "recall_at_100": 1.0,
    "recall_at_1000": 1.0,
    "recall_at_20": 0.2,
    "recall_at_3": 0.04,
    "recall_at_5": 0.08
  }
}