{
  "dataset_revision": "6e346642246bfb4928c560ee08640dc84d074e8c",
  "mteb_dataset_name": "LEMBNeedleRetrieval",
  "mteb_version": "1.6.23",
  "test": {
    "evaluation_time": 0.05,
    "map_at_1": 0.02,
    "map_at_10": 0.04317,
    "map_at_100": 0.06835,
    "map_at_1000": 0.06835,
    "map_at_20": 0.05014,
    "map_at_3": 0.03333,
    "map_at_5": 0.03733,
    "mrr_at_1": 0.02,
    "mrr_at_10": 0.0535,
    "mrr_at_100": 0.0774,
    "mrr_at_1000": 0.0774,
    "mrr_at_20": 0.05867,
    "mrr_at_3": 0.04,
    "mrr_at_5": 0.049,
    "ndcg_at_1": 0.02,
    "ndcg_at_10": 0.06117,
    "ndcg_at_100": 0.22782,
    "ndcg_at_1000": 0.22782,
    "ndcg_at_20": 0.08646,
    "ndcg_at_3": 0.04,
    "ndcg_at_5": 0.04774,
    "precision_at_1": 0.02,
    "precision_at_10": 0.012,
    "precision_at_100": 0.01,
    "precision_at_1000": 0.001,
    "precision_at_20": 0.011,
    "precision_at_3": 0.02,
    "precision_at_5": 0.016,
    "recall_at_1": 0.02,
    "recall_at_10": 0.12,
    "recall_at_100": 1.0,
    "recall_at_1000": 1.0,
    "recall_at_20": 0.22,
    "recall_at_3": 0.06,
    "recall_at_5": 0.08
  }
}