{
  "dataset_revision": "6e346642246bfb4928c560ee08640dc84d074e8c",
  "mteb_dataset_name": "LEMBNeedleRetrieval",
  "mteb_version": "1.6.23",
  "test": {
    "evaluation_time": 112.02,
    "map_at_1": 0.5,
    "map_at_10": 0.653,
    "map_at_100": 0.65482,
    "map_at_1000": 0.65482,
    "map_at_20": 0.65482,
    "map_at_3": 0.61,
    "map_at_5": 0.641,
    "mrr_at_1": 0.5,
    "mrr_at_10": 0.653,
    "mrr_at_100": 0.65482,
    "mrr_at_1000": 0.65482,
    "mrr_at_20": 0.65482,
    "mrr_at_3": 0.61,
    "mrr_at_5": 0.641,
    "ndcg_at_1": 0.5,
    "ndcg_at_10": 0.73227,
    "ndcg_at_100": 0.73785,
    "ndcg_at_1000": 0.73785,
    "ndcg_at_20": 0.73785,
    "ndcg_at_3": 0.64833,
    "ndcg_at_5": 0.70512,
    "precision_at_1": 0.5,
    "precision_at_10": 0.098,
    "precision_at_100": 0.01,
    "precision_at_1000": 0.001,
    "precision_at_20": 0.05,
    "precision_at_3": 0.25333,
    "precision_at_5": 0.18,
    "recall_at_1": 0.5,
    "recall_at_10": 0.98,
    "recall_at_100": 1.0,
    "recall_at_1000": 1.0,
    "recall_at_20": 1.0,
    "recall_at_3": 0.76,
    "recall_at_5": 0.9
  }
}