{
  "dataset_revision": "6e346642246bfb4928c560ee08640dc84d074e8c",
  "mteb_dataset_name": "LEMBNeedleRetrieval",
  "mteb_version": "1.6.23",
  "test": {
    "evaluation_time": 22.64,
    "map_at_1": 0.02,
    "map_at_10": 0.05108,
    "map_at_100": 0.06906,
    "map_at_1000": 0.06906,
    "map_at_20": 0.05407,
    "map_at_3": 0.03667,
    "map_at_5": 0.04067,
    "mrr_at_1": 0.04,
    "mrr_at_10": 0.05822,
    "mrr_at_100": 0.08224,
    "mrr_at_1000": 0.08224,
    "mrr_at_20": 0.06705,
    "mrr_at_3": 0.05,
    "mrr_at_5": 0.054,
    "ndcg_at_1": 0.02,
    "ndcg_at_10": 0.07595,
    "ndcg_at_100": 0.22327,
    "ndcg_at_1000": 0.22327,
    "ndcg_at_20": 0.08632,
    "ndcg_at_3": 0.04262,
    "ndcg_at_5": 0.05036,
    "precision_at_1": 0.02,
    "precision_at_10": 0.016,
    "precision_at_100": 0.01,
    "precision_at_1000": 0.001,
    "precision_at_20": 0.01,
    "precision_at_3": 0.02,
    "precision_at_5": 0.016,
    "recall_at_1": 0.02,
    "recall_at_10": 0.16,
    "recall_at_100": 1.0,
    "recall_at_1000": 1.0,
    "recall_at_20": 0.2,
    "recall_at_3": 0.06,
    "recall_at_5": 0.08
  }
}