{
  "dataset_revision": "6e346642246bfb4928c560ee08640dc84d074e8c",
  "mteb_dataset_name": "LEMBPasskeyRetrieval",
  "mteb_version": "1.6.23",
  "test": {
    "evaluation_time": 22.23,
    "map_at_1": 0.02,
    "map_at_10": 0.03369,
    "map_at_100": 0.05553,
    "map_at_1000": 0.05553,
    "map_at_20": 0.0401,
    "map_at_3": 0.02,
    "map_at_5": 0.025,
    "mrr_at_1": 0.0,
    "mrr_at_10": 0.019,
    "mrr_at_100": 0.04259,
    "mrr_at_1000": 0.04259,
    "mrr_at_20": 0.02526,
    "mrr_at_3": 0.01,
    "mrr_at_5": 0.019,
    "ndcg_at_1": 0.02,
    "ndcg_at_10": 0.04871,
    "ndcg_at_100": 0.21159,
    "ndcg_at_1000": 0.21159,
    "ndcg_at_20": 0.0733,
    "ndcg_at_3": 0.02,
    "ndcg_at_5": 0.02861,
    "precision_at_1": 0.02,
    "precision_at_10": 0.01,
    "precision_at_100": 0.01,
    "precision_at_1000": 0.001,
    "precision_at_20": 0.01,
    "precision_at_3": 0.00667,
    "precision_at_5": 0.008,
    "recall_at_1": 0.02,
    "recall_at_10": 0.1,
    "recall_at_100": 1.0,
    "recall_at_1000": 1.0,
    "recall_at_20": 0.2,
    "recall_at_3": 0.02,
    "recall_at_5": 0.04
  }
}