{
  "dataset_revision": "6e346642246bfb4928c560ee08640dc84d074e8c",
  "mteb_dataset_name": "LEMBPasskeyRetrieval",
  "mteb_version": "1.6.23",
  "test": {
    "evaluation_time": 13.13,
    "map_at_1": 0.0,
    "map_at_10": 0.01956,
    "map_at_100": 0.04343,
    "map_at_1000": 0.04343,
    "map_at_20": 0.02667,
    "map_at_3": 0.01,
    "map_at_5": 0.014,
    "mrr_at_1": 0.0,
    "mrr_at_10": 0.02275,
    "mrr_at_100": 0.0401,
    "mrr_at_1000": 0.0401,
    "mrr_at_20": 0.02441,
    "mrr_at_3": 0.0,
    "mrr_at_5": 0.009,
    "ndcg_at_1": 0.0,
    "ndcg_at_10": 0.0335,
    "ndcg_at_100": 0.20237,
    "ndcg_at_1000": 0.20237,
    "ndcg_at_20": 0.05902,
    "ndcg_at_3": 0.01262,
    "ndcg_at_5": 0.02036,
    "precision_at_1": 0.0,
    "precision_at_10": 0.008,
    "precision_at_100": 0.01,
    "precision_at_1000": 0.001,
    "precision_at_20": 0.009,
    "precision_at_3": 0.00667,
    "precision_at_5": 0.008,
    "recall_at_1": 0.0,
    "recall_at_10": 0.08,
    "recall_at_100": 1.0,
    "recall_at_1000": 1.0,
    "recall_at_20": 0.18,
    "recall_at_3": 0.02,
    "recall_at_5": 0.04
  }
}