{
  "dataset_revision": "6e346642246bfb4928c560ee08640dc84d074e8c",
  "mteb_dataset_name": "LEMBPasskeyRetrieval",
  "mteb_version": "1.6.23",
  "test": {
    "evaluation_time": 0.01,
    "map_at_1": 0.06,
    "map_at_10": 0.062,
    "map_at_100": 0.08407,
    "map_at_1000": 0.08407,
    "map_at_20": 0.06838,
    "map_at_3": 0.06,
    "map_at_5": 0.06,
    "mrr_at_1": 0.06,
    "mrr_at_10": 0.064,
    "mrr_at_100": 0.08775,
    "mrr_at_1000": 0.08775,
    "mrr_at_20": 0.07219,
    "mrr_at_3": 0.06,
    "mrr_at_5": 0.064,
    "ndcg_at_1": 0.06,
    "ndcg_at_10": 0.06578,
    "ndcg_at_100": 0.23148,
    "ndcg_at_1000": 0.23148,
    "ndcg_at_20": 0.09036,
    "ndcg_at_3": 0.06,
    "ndcg_at_5": 0.06,
    "precision_at_1": 0.06,
    "precision_at_10": 0.008,
    "precision_at_100": 0.01,
    "precision_at_1000": 0.001,
    "precision_at_20": 0.009,
    "precision_at_3": 0.02,
    "precision_at_5": 0.012,
    "recall_at_1": 0.06,
    "recall_at_10": 0.08,
    "recall_at_100": 1.0,
    "recall_at_1000": 1.0,
    "recall_at_20": 0.18,
    "recall_at_3": 0.06,
    "recall_at_5": 0.06
  }
}