{
  "dataset_revision": "6e346642246bfb4928c560ee08640dc84d074e8c",
  "mteb_dataset_name": "LEMBPasskeyRetrieval",
  "mteb_version": "1.6.23",
  "test": {
    "evaluation_time": 0.03,
    "map_at_1": 0.38,
    "map_at_10": 0.38,
    "map_at_100": 0.38964,
    "map_at_1000": 0.38964,
    "map_at_20": 0.38,
    "map_at_3": 0.38,
    "map_at_5": 0.38,
    "mrr_at_1": 0.38,
    "mrr_at_10": 0.38,
    "mrr_at_100": 0.38956,
    "mrr_at_1000": 0.38956,
    "mrr_at_20": 0.38,
    "mrr_at_3": 0.38,
    "mrr_at_5": 0.38,
    "ndcg_at_1": 0.38,
    "ndcg_at_10": 0.38,
    "ndcg_at_100": 0.48253,
    "ndcg_at_1000": 0.48253,
    "ndcg_at_20": 0.38,
    "ndcg_at_3": 0.38,
    "ndcg_at_5": 0.38,
    "precision_at_1": 0.38,
    "precision_at_10": 0.038,
    "precision_at_100": 0.01,
    "precision_at_1000": 0.001,
    "precision_at_20": 0.019,
    "precision_at_3": 0.12667,
    "precision_at_5": 0.076,
    "recall_at_1": 0.38,
    "recall_at_10": 0.38,
    "recall_at_100": 1.0,
    "recall_at_1000": 1.0,
    "recall_at_20": 0.38,
    "recall_at_3": 0.38,
    "recall_at_5": 0.38
  }
}