{
  "dataset_revision": "6e346642246bfb4928c560ee08640dc84d074e8c",
  "mteb_dataset_name": "LEMBNeedleRetrieval",
  "mteb_version": "1.6.23",
  "test": {
    "evaluation_time": 0.02,
    "map_at_1": 0.38,
    "map_at_10": 0.43467,
    "map_at_100": 0.44347,
    "map_at_1000": 0.44347,
    "map_at_20": 0.43584,
    "map_at_3": 0.41667,
    "map_at_5": 0.43467,
    "mrr_at_1": 0.38,
    "mrr_at_10": 0.43467,
    "mrr_at_100": 0.44346,
    "mrr_at_1000": 0.44346,
    "mrr_at_20": 0.43584,
    "mrr_at_3": 0.41667,
    "mrr_at_5": 0.43467,
    "ndcg_at_1": 0.38,
    "ndcg_at_10": 0.46056,
    "ndcg_at_100": 0.53941,
    "ndcg_at_1000": 0.53941,
    "ndcg_at_20": 0.46535,
    "ndcg_at_3": 0.42786,
    "ndcg_at_5": 0.46056,
    "precision_at_1": 0.38,
    "precision_at_10": 0.054,
    "precision_at_100": 0.01,
    "precision_at_1000": 0.001,
    "precision_at_20": 0.028,
    "precision_at_3": 0.15333,
    "precision_at_5": 0.108,
    "recall_at_1": 0.38,
    "recall_at_10": 0.54,
    "recall_at_100": 1.0,
    "recall_at_1000": 1.0,
    "recall_at_20": 0.56,
    "recall_at_3": 0.46,
    "recall_at_5": 0.54
  }
}