{
  "dataset_revision": "6e346642246bfb4928c560ee08640dc84d074e8c",
  "mteb_dataset_name": "LEMBNeedleRetrieval",
  "mteb_version": "1.6.23",
  "test": {
    "evaluation_time": 23.67,
    "map_at_1": 0.0,
    "map_at_10": 0.02467,
    "map_at_100": 0.04639,
    "map_at_1000": 0.04639,
    "map_at_20": 0.03064,
    "map_at_3": 0.01667,
    "map_at_5": 0.02467,
    "mrr_at_1": 0.0,
    "mrr_at_10": 0.01844,
    "mrr_at_100": 0.04095,
    "mrr_at_1000": 0.04095,
    "mrr_at_20": 0.02508,
    "mrr_at_3": 0.00667,
    "mrr_at_5": 0.00667,
    "ndcg_at_1": 0.0,
    "ndcg_at_10": 0.03809,
    "ndcg_at_100": 0.20389,
    "ndcg_at_1000": 0.20389,
    "ndcg_at_20": 0.06217,
    "ndcg_at_3": 0.02262,
    "ndcg_at_5": 0.03809,
    "precision_at_1": 0.0,
    "precision_at_10": 0.008,
    "precision_at_100": 0.01,
    "precision_at_1000": 0.001,
    "precision_at_20": 0.009,
    "precision_at_3": 0.01333,
    "precision_at_5": 0.016,
    "recall_at_1": 0.0,
    "recall_at_10": 0.08,
    "recall_at_100": 1.0,
    "recall_at_1000": 1.0,
    "recall_at_20": 0.18,
    "recall_at_3": 0.04,
    "recall_at_5": 0.08
  }
}