{
  "dataset_revision": "6e346642246bfb4928c560ee08640dc84d074e8c",
  "mteb_dataset_name": "LEMBPasskeyRetrieval",
  "mteb_version": "1.6.23",
  "test": {
    "evaluation_time": 22.33,
    "map_at_1": 0.02,
    "map_at_10": 0.034,
    "map_at_100": 0.05671,
    "map_at_1000": 0.05671,
    "map_at_20": 0.04058,
    "map_at_3": 0.02667,
    "map_at_5": 0.03067,
    "mrr_at_1": 0.02,
    "mrr_at_10": 0.034,
    "mrr_at_100": 0.05852,
    "mrr_at_1000": 0.05852,
    "mrr_at_20": 0.04355,
    "mrr_at_3": 0.02667,
    "mrr_at_5": 0.03067,
    "ndcg_at_1": 0.02,
    "ndcg_at_10": 0.04486,
    "ndcg_at_100": 0.21222,
    "ndcg_at_1000": 0.21222,
    "ndcg_at_20": 0.06968,
    "ndcg_at_3": 0.03,
    "ndcg_at_5": 0.03774,
    "precision_at_1": 0.02,
    "precision_at_10": 0.008,
    "precision_at_100": 0.01,
    "precision_at_1000": 0.001,
    "precision_at_20": 0.009,
    "precision_at_3": 0.01333,
    "precision_at_5": 0.012,
    "recall_at_1": 0.02,
    "recall_at_10": 0.08,
    "recall_at_100": 1.0,
    "recall_at_1000": 1.0,
    "recall_at_20": 0.18,
    "recall_at_3": 0.04,
    "recall_at_5": 0.06
  }
}