{
  "dataset_revision": "6e346642246bfb4928c560ee08640dc84d074e8c",
  "mteb_dataset_name": "LEMBNeedleRetrieval",
  "mteb_version": "1.6.23",
  "test": {
    "evaluation_time": 25.49,
    "map_at_1": 0.04,
    "map_at_10": 0.06536,
    "map_at_100": 0.0878,
    "map_at_1000": 0.0878,
    "map_at_20": 0.07552,
    "map_at_3": 0.05,
    "map_at_5": 0.058,
    "mrr_at_1": 0.04,
    "mrr_at_10": 0.06694,
    "mrr_at_100": 0.08958,
    "mrr_at_1000": 0.08958,
    "mrr_at_20": 0.07634,
    "mrr_at_3": 0.05,
    "mrr_at_5": 0.06,
    "ndcg_at_1": 0.04,
    "ndcg_at_10": 0.08685,
    "ndcg_at_100": 0.24191,
    "ndcg_at_1000": 0.24191,
    "ndcg_at_20": 0.12612,
    "ndcg_at_3": 0.05262,
    "ndcg_at_5": 0.06809,
    "precision_at_1": 0.04,
    "precision_at_10": 0.016,
    "precision_at_100": 0.01,
    "precision_at_1000": 0.001,
    "precision_at_20": 0.016,
    "precision_at_3": 0.02,
    "precision_at_5": 0.02,
    "recall_at_1": 0.04,
    "recall_at_10": 0.16,
    "recall_at_100": 1.0,
    "recall_at_1000": 1.0,
    "recall_at_20": 0.32,
    "recall_at_3": 0.06,
    "recall_at_5": 0.1
  }
}