{
  "dataset_revision": "6e346642246bfb4928c560ee08640dc84d074e8c",
  "mteb_dataset_name": "LEMBPasskeyRetrieval",
  "mteb_version": "1.6.23",
  "test": {
    "evaluation_time": 26.85,
    "map_at_1": 0.02,
    "map_at_10": 0.032,
    "map_at_100": 0.05379,
    "map_at_1000": 0.05379,
    "map_at_20": 0.03668,
    "map_at_3": 0.02667,
    "map_at_5": 0.02667,
    "mrr_at_1": 0.02,
    "mrr_at_10": 0.03,
    "mrr_at_100": 0.05191,
    "mrr_at_1000": 0.05191,
    "mrr_at_20": 0.03564,
    "mrr_at_3": 0.02667,
    "mrr_at_5": 0.02667,
    "ndcg_at_1": 0.02,
    "ndcg_at_10": 0.04291,
    "ndcg_at_100": 0.20778,
    "ndcg_at_1000": 0.20778,
    "ndcg_at_20": 0.05872,
    "ndcg_at_3": 0.03,
    "ndcg_at_5": 0.03,
    "precision_at_1": 0.02,
    "precision_at_10": 0.008,
    "precision_at_100": 0.01,
    "precision_at_1000": 0.001,
    "precision_at_20": 0.007,
    "precision_at_3": 0.01333,
    "precision_at_5": 0.008,
    "recall_at_1": 0.02,
    "recall_at_10": 0.08,
    "recall_at_100": 1.0,
    "recall_at_1000": 1.0,
    "recall_at_20": 0.14,
    "recall_at_3": 0.04,
    "recall_at_5": 0.04
  }
}