{
  "dataset_revision": "6e346642246bfb4928c560ee08640dc84d074e8c",
  "mteb_dataset_name": "LEMBNeedleRetrieval",
  "mteb_version": "1.6.23",
  "test": {
    "evaluation_time": 0.03,
    "map_at_1": 0.44,
    "map_at_10": 0.56783,
    "map_at_100": 0.57312,
    "map_at_1000": 0.57312,
    "map_at_20": 0.56783,
    "map_at_3": 0.53667,
    "map_at_5": 0.55867,
    "mrr_at_1": 0.44,
    "mrr_at_10": 0.56783,
    "mrr_at_100": 0.57312,
    "mrr_at_1000": 0.57312,
    "mrr_at_20": 0.56783,
    "mrr_at_3": 0.53667,
    "mrr_at_5": 0.55867,
    "ndcg_at_1": 0.44,
    "ndcg_at_10": 0.62933,
    "ndcg_at_100": 0.66413,
    "ndcg_at_1000": 0.66413,
    "ndcg_at_20": 0.62933,
    "ndcg_at_3": 0.56833,
    "ndcg_at_5": 0.60877,
    "precision_at_1": 0.44,
    "precision_at_10": 0.082,
    "precision_at_100": 0.01,
    "precision_at_1000": 0.001,
    "precision_at_20": 0.041,
    "precision_at_3": 0.22,
    "precision_at_5": 0.152,
    "recall_at_1": 0.44,
    "recall_at_10": 0.82,
    "recall_at_100": 1.0,
    "recall_at_1000": 1.0,
    "recall_at_20": 0.82,
    "recall_at_3": 0.66,
    "recall_at_5": 0.76
  }
}