{
  "dataset_revision": "6e346642246bfb4928c560ee08640dc84d074e8c",
  "mteb_dataset_name": "LEMBPasskeyRetrieval",
  "mteb_version": "1.6.23",
  "test": {
    "evaluation_time": 4.02,
    "map_at_1": 0.26,
    "map_at_10": 0.3044,
    "map_at_100": 0.32068,
    "map_at_1000": 0.32068,
    "map_at_20": 0.30995,
    "map_at_3": 0.28333,
    "map_at_5": 0.29333,
    "mrr_at_1": 0.26,
    "mrr_at_10": 0.3044,
    "mrr_at_100": 0.32068,
    "mrr_at_1000": 0.32068,
    "mrr_at_20": 0.30995,
    "mrr_at_3": 0.28333,
    "mrr_at_5": 0.29333,
    "ndcg_at_1": 0.26,
    "ndcg_at_10": 0.33615,
    "ndcg_at_100": 0.44224,
    "ndcg_at_1000": 0.44224,
    "ndcg_at_20": 0.35637,
    "ndcg_at_3": 0.29262,
    "ndcg_at_5": 0.30985,
    "precision_at_1": 0.26,
    "precision_at_10": 0.044,
    "precision_at_100": 0.01,
    "precision_at_1000": 0.001,
    "precision_at_20": 0.026,
    "precision_at_3": 0.10667,
    "precision_at_5": 0.072,
    "recall_at_1": 0.26,
    "recall_at_10": 0.44,
    "recall_at_100": 1.0,
    "recall_at_1000": 1.0,
    "recall_at_20": 0.52,
    "recall_at_3": 0.32,
    "recall_at_5": 0.36
  }
}