{
  "dataset_revision": "6e346642246bfb4928c560ee08640dc84d074e8c",
  "mteb_dataset_name": "LEMBNeedleRetrieval",
  "mteb_version": "1.6.23",
  "test": {
    "evaluation_time": 3.64,
    "map_at_1": 0.48,
    "map_at_10": 0.63039,
    "map_at_100": 0.63477,
    "map_at_1000": 0.63477,
    "map_at_20": 0.63172,
    "map_at_3": 0.60667,
    "map_at_5": 0.62167,
    "mrr_at_1": 0.48,
    "mrr_at_10": 0.63039,
    "mrr_at_100": 0.63477,
    "mrr_at_1000": 0.63477,
    "mrr_at_20": 0.63172,
    "mrr_at_3": 0.60667,
    "mrr_at_5": 0.62167,
    "ndcg_at_1": 0.48,
    "ndcg_at_10": 0.69592,
    "ndcg_at_100": 0.71765,
    "ndcg_at_1000": 0.71765,
    "ndcg_at_20": 0.70092,
    "ndcg_at_3": 0.64619,
    "ndcg_at_5": 0.67203,
    "precision_at_1": 0.48,
    "precision_at_10": 0.09,
    "precision_at_100": 0.01,
    "precision_at_1000": 0.001,
    "precision_at_20": 0.046,
    "precision_at_3": 0.25333,
    "precision_at_5": 0.164,
    "recall_at_1": 0.48,
    "recall_at_10": 0.9,
    "recall_at_100": 1.0,
    "recall_at_1000": 1.0,
    "recall_at_20": 0.92,
    "recall_at_3": 0.76,
    "recall_at_5": 0.82
  }
}