{
  "dataset_revision": "6e346642246bfb4928c560ee08640dc84d074e8c",
  "mteb_dataset_name": "LEMBPasskeyRetrieval",
  "mteb_version": "1.6.23",
  "test": {
    "evaluation_time": 3.15,
    "map_at_1": 0.02,
    "map_at_10": 0.03806,
    "map_at_100": 0.06082,
    "map_at_1000": 0.06082,
    "map_at_20": 0.04474,
    "map_at_3": 0.03,
    "map_at_5": 0.03,
    "mrr_at_1": 0.02,
    "mrr_at_10": 0.03771,
    "mrr_at_100": 0.05886,
    "mrr_at_1000": 0.05886,
    "mrr_at_20": 0.04273,
    "mrr_at_3": 0.03,
    "mrr_at_5": 0.03,
    "ndcg_at_1": 0.02,
    "ndcg_at_10": 0.05207,
    "ndcg_at_100": 0.21653,
    "ndcg_at_1000": 0.21653,
    "ndcg_at_20": 0.07703,
    "ndcg_at_3": 0.03262,
    "ndcg_at_5": 0.03262,
    "precision_at_1": 0.02,
    "precision_at_10": 0.01,
    "precision_at_100": 0.01,
    "precision_at_1000": 0.001,
    "precision_at_20": 0.01,
    "precision_at_3": 0.01333,
    "precision_at_5": 0.008,
    "recall_at_1": 0.02,
    "recall_at_10": 0.1,
    "recall_at_100": 1.0,
    "recall_at_1000": 1.0,
    "recall_at_20": 0.2,
    "recall_at_3": 0.04,
    "recall_at_5": 0.04
  }
}