{
  "dataset_revision": "6e346642246bfb4928c560ee08640dc84d074e8c",
  "mteb_dataset_name": "LEMBNeedleRetrieval",
  "mteb_version": "1.6.23",
  "test": {
    "evaluation_time": 2.66,
    "map_at_1": 0.02,
    "map_at_10": 0.05186,
    "map_at_100": 0.07355,
    "map_at_1000": 0.07355,
    "map_at_20": 0.05696,
    "map_at_3": 0.03667,
    "map_at_5": 0.04567,
    "mrr_at_1": 0.02,
    "mrr_at_10": 0.0445,
    "mrr_at_100": 0.06769,
    "mrr_at_1000": 0.06769,
    "mrr_at_20": 0.05291,
    "mrr_at_3": 0.03667,
    "mrr_at_5": 0.03667,
    "ndcg_at_1": 0.02,
    "ndcg_at_10": 0.07276,
    "ndcg_at_100": 0.22997,
    "ndcg_at_1000": 0.22997,
    "ndcg_at_20": 0.0924,
    "ndcg_at_3": 0.04262,
    "ndcg_at_5": 0.05897,
    "precision_at_1": 0.02,
    "precision_at_10": 0.014,
    "precision_at_100": 0.01,
    "precision_at_1000": 0.001,
    "precision_at_20": 0.011,
    "precision_at_3": 0.02,
    "precision_at_5": 0.02,
    "recall_at_1": 0.02,
    "recall_at_10": 0.14,
    "recall_at_100": 1.0,
    "recall_at_1000": 1.0,
    "recall_at_20": 0.22,
    "recall_at_3": 0.06,
    "recall_at_5": 0.1
  }
}