{
  "dataset_revision": "6e346642246bfb4928c560ee08640dc84d074e8c",
  "mteb_dataset_name": "LEMBNeedleRetrieval",
  "mteb_version": "1.6.23",
  "test": {
    "evaluation_time": 0.03,
    "map_at_1": 0.32,
    "map_at_10": 0.45644,
    "map_at_100": 0.46976,
    "map_at_1000": 0.46976,
    "map_at_20": 0.468,
    "map_at_3": 0.41667,
    "map_at_5": 0.44067,
    "mrr_at_1": 0.32,
    "mrr_at_10": 0.45644,
    "mrr_at_100": 0.46976,
    "mrr_at_1000": 0.46976,
    "mrr_at_20": 0.468,
    "mrr_at_3": 0.41667,
    "mrr_at_5": 0.44067,
    "ndcg_at_1": 0.32,
    "ndcg_at_10": 0.52909,
    "ndcg_at_100": 0.58447,
    "ndcg_at_1000": 0.58447,
    "ndcg_at_20": 0.57007,
    "ndcg_at_3": 0.44833,
    "ndcg_at_5": 0.49052,
    "precision_at_1": 0.32,
    "precision_at_10": 0.076,
    "precision_at_100": 0.01,
    "precision_at_1000": 0.001,
    "precision_at_20": 0.046,
    "precision_at_3": 0.18,
    "precision_at_5": 0.128,
    "recall_at_1": 0.32,
    "recall_at_10": 0.76,
    "recall_at_100": 1.0,
    "recall_at_1000": 1.0,
    "recall_at_20": 0.92,
    "recall_at_3": 0.54,
    "recall_at_5": 0.64
  }
}