{
  "dataset_revision": "6e346642246bfb4928c560ee08640dc84d074e8c",
  "mteb_dataset_name": "LEMBPasskeyRetrieval",
  "mteb_version": "1.6.23",
  "test": {
    "evaluation_time": 0.01,
    "map_at_1": 0.02,
    "map_at_10": 0.16341,
    "map_at_100": 0.17926,
    "map_at_1000": 0.17926,
    "map_at_20": 0.16881,
    "map_at_3": 0.14,
    "map_at_5": 0.155,
    "mrr_at_1": 0.02,
    "mrr_at_10": 0.16341,
    "mrr_at_100": 0.17926,
    "mrr_at_1000": 0.17926,
    "mrr_at_20": 0.16881,
    "mrr_at_3": 0.14,
    "mrr_at_5": 0.155,
    "ndcg_at_1": 0.02,
    "ndcg_at_10": 0.24089,
    "ndcg_at_100": 0.34087,
    "ndcg_at_1000": 0.34087,
    "ndcg_at_20": 0.26091,
    "ndcg_at_3": 0.19524,
    "ndcg_at_5": 0.22108,
    "precision_at_1": 0.02,
    "precision_at_10": 0.048,
    "precision_at_100": 0.01,
    "precision_at_1000": 0.001,
    "precision_at_20": 0.028,
    "precision_at_3": 0.12,
    "precision_at_5": 0.084,
    "recall_at_1": 0.02,
    "recall_at_10": 0.48,
    "recall_at_100": 1.0,
    "recall_at_1000": 1.0,
    "recall_at_20": 0.56,
    "recall_at_3": 0.36,
    "recall_at_5": 0.42
  }
}