{
  "dataset_revision": "6e346642246bfb4928c560ee08640dc84d074e8c",
  "mteb_dataset_name": "LEMBPasskeyRetrieval",
  "mteb_version": "1.6.23",
  "test": {
    "evaluation_time": 31.05,
    "map_at_1": 0.44,
    "map_at_10": 0.465,
    "map_at_100": 0.47153,
    "map_at_1000": 0.47153,
    "map_at_20": 0.465,
    "map_at_3": 0.46,
    "map_at_5": 0.465,
    "mrr_at_1": 0.44,
    "mrr_at_10": 0.465,
    "mrr_at_100": 0.47168,
    "mrr_at_1000": 0.47168,
    "mrr_at_20": 0.465,
    "mrr_at_3": 0.46,
    "mrr_at_5": 0.465,
    "ndcg_at_1": 0.44,
    "ndcg_at_10": 0.47385,
    "ndcg_at_100": 0.55335,
    "ndcg_at_1000": 0.55335,
    "ndcg_at_20": 0.47385,
    "ndcg_at_3": 0.46524,
    "ndcg_at_5": 0.47385,
    "precision_at_1": 0.44,
    "precision_at_10": 0.05,
    "precision_at_100": 0.01,
    "precision_at_1000": 0.001,
    "precision_at_20": 0.025,
    "precision_at_3": 0.16,
    "precision_at_5": 0.1,
    "recall_at_1": 0.44,
    "recall_at_10": 0.5,
    "recall_at_100": 1.0,
    "recall_at_1000": 1.0,
    "recall_at_20": 0.5,
    "recall_at_3": 0.48,
    "recall_at_5": 0.5
  }
}