{
  "dataset_revision": "6e346642246bfb4928c560ee08640dc84d074e8c",
  "mteb_dataset_name": "LEMBNeedleRetrieval",
  "mteb_version": "1.6.23",
  "test": {
    "evaluation_time": 30.98,
    "map_at_1": 0.18,
    "map_at_10": 0.25067,
    "map_at_100": 0.26685,
    "map_at_1000": 0.26685,
    "map_at_20": 0.25388,
    "map_at_3": 0.23333,
    "map_at_5": 0.24733,
    "mrr_at_1": 0.18,
    "mrr_at_10": 0.25191,
    "mrr_at_100": 0.26698,
    "mrr_at_1000": 0.26698,
    "mrr_at_20": 0.25502,
    "mrr_at_3": 0.23333,
    "mrr_at_5": 0.24233,
    "ndcg_at_1": 0.18,
    "ndcg_at_10": 0.28256,
    "ndcg_at_100": 0.39837,
    "ndcg_at_1000": 0.39837,
    "ndcg_at_20": 0.29653,
    "ndcg_at_3": 0.25047,
    "ndcg_at_5": 0.27544,
    "precision_at_1": 0.18,
    "precision_at_10": 0.038,
    "precision_at_100": 0.01,
    "precision_at_1000": 0.001,
    "precision_at_20": 0.022,
    "precision_at_3": 0.1,
    "precision_at_5": 0.072,
    "recall_at_1": 0.18,
    "recall_at_10": 0.38,
    "recall_at_100": 1.0,
    "recall_at_1000": 1.0,
    "recall_at_20": 0.44,
    "recall_at_3": 0.3,
    "recall_at_5": 0.36
  }
}