{
  "dataset_revision": "6e346642246bfb4928c560ee08640dc84d074e8c",
  "mteb_dataset_name": "LEMBNeedleRetrieval",
  "mteb_version": "1.6.23",
  "test": {
    "evaluation_time": 24.25,
    "map_at_1": 0.6,
    "map_at_10": 0.72591,
    "map_at_100": 0.72793,
    "map_at_1000": 0.72793,
    "map_at_20": 0.72702,
    "map_at_3": 0.70333,
    "map_at_5": 0.70833,
    "mrr_at_1": 0.6,
    "mrr_at_10": 0.72591,
    "mrr_at_100": 0.72793,
    "mrr_at_1000": 0.72793,
    "mrr_at_20": 0.72702,
    "mrr_at_3": 0.70333,
    "mrr_at_5": 0.70833,
    "ndcg_at_1": 0.6,
    "ndcg_at_10": 0.78255,
    "ndcg_at_100": 0.79168,
    "ndcg_at_1000": 0.79168,
    "ndcg_at_20": 0.78726,
    "ndcg_at_3": 0.73357,
    "ndcg_at_5": 0.74218,
    "precision_at_1": 0.6,
    "precision_at_10": 0.096,
    "precision_at_100": 0.01,
    "precision_at_1000": 0.001,
    "precision_at_20": 0.049,
    "precision_at_3": 0.27333,
    "precision_at_5": 0.168,
    "recall_at_1": 0.6,
    "recall_at_10": 0.96,
    "recall_at_100": 1.0,
    "recall_at_1000": 1.0,
    "recall_at_20": 0.98,
    "recall_at_3": 0.82,
    "recall_at_5": 0.84
  }
}