{
  "dataset_revision": "6e346642246bfb4928c560ee08640dc84d074e8c",
  "mteb_dataset_name": "LEMBNeedleRetrieval",
  "mteb_version": "1.6.23",
  "test": {
    "evaluation_time": 0.01,
    "map_at_1": 0.32,
    "map_at_10": 0.36167,
    "map_at_100": 0.37263,
    "map_at_1000": 0.37263,
    "map_at_20": 0.36348,
    "map_at_3": 0.35667,
    "map_at_5": 0.36167,
    "mrr_at_1": 0.32,
    "mrr_at_10": 0.36167,
    "mrr_at_100": 0.37327,
    "mrr_at_1000": 0.37327,
    "mrr_at_20": 0.36348,
    "mrr_at_3": 0.35667,
    "mrr_at_5": 0.36167,
    "ndcg_at_1": 0.32,
    "ndcg_at_10": 0.37647,
    "ndcg_at_100": 0.47559,
    "ndcg_at_1000": 0.47559,
    "ndcg_at_20": 0.38205,
    "ndcg_at_3": 0.36786,
    "ndcg_at_5": 0.37647,
    "precision_at_1": 0.32,
    "precision_at_10": 0.042,
    "precision_at_100": 0.01,
    "precision_at_1000": 0.001,
    "precision_at_20": 0.022,
    "precision_at_3": 0.13333,
    "precision_at_5": 0.084,
    "recall_at_1": 0.32,
    "recall_at_10": 0.42,
    "recall_at_100": 1.0,
    "recall_at_1000": 1.0,
    "recall_at_20": 0.44,
    "recall_at_3": 0.4,
    "recall_at_5": 0.42
  }
}