{
  "dataset_revision": "6e346642246bfb4928c560ee08640dc84d074e8c",
  "mteb_dataset_name": "LEMBNeedleRetrieval",
  "mteb_version": "1.6.23",
  "test": {
    "evaluation_time": 1.4,
    "map_at_1": 0.6,
    "map_at_10": 0.6669,
    "map_at_100": 0.67415,
    "map_at_1000": 0.67415,
    "map_at_20": 0.67415,
    "map_at_3": 0.63333,
    "map_at_5": 0.64633,
    "mrr_at_1": 0.6,
    "mrr_at_10": 0.6669,
    "mrr_at_100": 0.67415,
    "mrr_at_1000": 0.67415,
    "mrr_at_20": 0.67415,
    "mrr_at_3": 0.63333,
    "mrr_at_5": 0.64633,
    "ndcg_at_1": 0.6,
    "ndcg_at_10": 0.72029,
    "ndcg_at_100": 0.74596,
    "ndcg_at_1000": 0.74596,
    "ndcg_at_20": 0.74596,
    "ndcg_at_3": 0.64524,
    "ndcg_at_5": 0.66932,
    "precision_at_1": 0.6,
    "precision_at_10": 0.09,
    "precision_at_100": 0.01,
    "precision_at_1000": 0.001,
    "precision_at_20": 0.05,
    "precision_at_3": 0.22667,
    "precision_at_5": 0.148,
    "recall_at_1": 0.6,
    "recall_at_10": 0.9,
    "recall_at_100": 1.0,
    "recall_at_1000": 1.0,
    "recall_at_20": 1.0,
    "recall_at_3": 0.68,
    "recall_at_5": 0.74
  }
}