{
  "dataset_revision": "6e346642246bfb4928c560ee08640dc84d074e8c",
  "mteb_dataset_name": "LEMBPasskeyRetrieval",
  "mteb_version": "1.6.23",
  "test": {
    "evaluation_time": 1.11,
    "map_at_1": 0.22,
    "map_at_10": 0.27956,
    "map_at_100": 0.30246,
    "map_at_1000": 0.30246,
    "map_at_20": 0.28961,
    "map_at_3": 0.26333,
    "map_at_5": 0.27733,
    "mrr_at_1": 0.22,
    "mrr_at_10": 0.27956,
    "mrr_at_100": 0.30246,
    "mrr_at_1000": 0.30246,
    "mrr_at_20": 0.28961,
    "mrr_at_3": 0.26333,
    "mrr_at_5": 0.27733,
    "ndcg_at_1": 0.22,
    "ndcg_at_10": 0.30884,
    "ndcg_at_100": 0.43159,
    "ndcg_at_1000": 0.43159,
    "ndcg_at_20": 0.34127,
    "ndcg_at_3": 0.27786,
    "ndcg_at_5": 0.30282,
    "precision_at_1": 0.22,
    "precision_at_10": 0.04,
    "precision_at_100": 0.01,
    "precision_at_1000": 0.001,
    "precision_at_20": 0.026,
    "precision_at_3": 0.10667,
    "precision_at_5": 0.076,
    "recall_at_1": 0.22,
    "recall_at_10": 0.4,
    "recall_at_100": 1.0,
    "recall_at_1000": 1.0,
    "recall_at_20": 0.52,
    "recall_at_3": 0.32,
    "recall_at_5": 0.38
  }
}