{
  "dataset_revision": "6e346642246bfb4928c560ee08640dc84d074e8c",
  "mteb_dataset_name": "LEMBNeedleRetrieval",
  "mteb_version": "1.6.23",
  "test": {
    "evaluation_time": 81.85,
    "map_at_1": 0.4,
    "map_at_10": 0.43,
    "map_at_100": 0.44437,
    "map_at_1000": 0.44437,
    "map_at_20": 0.43111,
    "map_at_3": 0.43,
    "map_at_5": 0.43,
    "mrr_at_1": 0.4,
    "mrr_at_10": 0.43,
    "mrr_at_100": 0.44489,
    "mrr_at_1000": 0.44489,
    "mrr_at_20": 0.43284,
    "mrr_at_3": 0.43,
    "mrr_at_5": 0.43,
    "ndcg_at_1": 0.4,
    "ndcg_at_10": 0.43786,
    "ndcg_at_100": 0.53943,
    "ndcg_at_1000": 0.53943,
    "ndcg_at_20": 0.44256,
    "ndcg_at_3": 0.43786,
    "ndcg_at_5": 0.43786,
    "precision_at_1": 0.4,
    "precision_at_10": 0.046,
    "precision_at_100": 0.01,
    "precision_at_1000": 0.001,
    "precision_at_20": 0.024,
    "precision_at_3": 0.15333,
    "precision_at_5": 0.092,
    "recall_at_1": 0.4,
    "recall_at_10": 0.46,
    "recall_at_100": 1.0,
    "recall_at_1000": 1.0,
    "recall_at_20": 0.48,
    "recall_at_3": 0.46,
    "recall_at_5": 0.46
  }
}