{
  "dataset_revision": "6e346642246bfb4928c560ee08640dc84d074e8c",
  "mteb_dataset_name": "LEMBPasskeyRetrieval",
  "mteb_version": "1.6.23",
  "test": {
    "evaluation_time": 79.61,
    "map_at_1": 0.5,
    "map_at_10": 0.5,
    "map_at_100": 0.50653,
    "map_at_1000": 0.50653,
    "map_at_20": 0.5,
    "map_at_3": 0.5,
    "map_at_5": 0.5,
    "mrr_at_1": 0.5,
    "mrr_at_10": 0.5,
    "mrr_at_100": 0.50693,
    "mrr_at_1000": 0.50693,
    "mrr_at_20": 0.5,
    "mrr_at_3": 0.5,
    "mrr_at_5": 0.5,
    "ndcg_at_1": 0.5,
    "ndcg_at_10": 0.5,
    "ndcg_at_100": 0.5795,
    "ndcg_at_1000": 0.5795,
    "ndcg_at_20": 0.5,
    "ndcg_at_3": 0.5,
    "ndcg_at_5": 0.5,
    "precision_at_1": 0.5,
    "precision_at_10": 0.05,
    "precision_at_100": 0.01,
    "precision_at_1000": 0.001,
    "precision_at_20": 0.025,
    "precision_at_3": 0.16667,
    "precision_at_5": 0.1,
    "recall_at_1": 0.5,
    "recall_at_10": 0.5,
    "recall_at_100": 1.0,
    "recall_at_1000": 1.0,
    "recall_at_20": 0.5,
    "recall_at_3": 0.5,
    "recall_at_5": 0.5
  }
}