{
  "dataset_revision": "6e346642246bfb4928c560ee08640dc84d074e8c",
  "mteb_dataset_name": "LEMBNeedleRetrieval",
  "mteb_version": "1.6.23",
  "test": {
    "evaluation_time": 0.02,
    "map_at_1": 0.1,
    "map_at_10": 0.10508,
    "map_at_100": 0.12611,
    "map_at_1000": 0.12611,
    "map_at_20": 0.11149,
    "map_at_3": 0.1,
    "map_at_5": 0.1,
    "mrr_at_1": 0.1,
    "mrr_at_10": 0.10472,
    "mrr_at_100": 0.12832,
    "mrr_at_1000": 0.12832,
    "mrr_at_20": 0.11162,
    "mrr_at_3": 0.1,
    "mrr_at_5": 0.1,
    "ndcg_at_1": 0.1,
    "ndcg_at_10": 0.11269,
    "ndcg_at_100": 0.26833,
    "ndcg_at_1000": 0.26833,
    "ndcg_at_20": 0.13725,
    "ndcg_at_3": 0.1,
    "ndcg_at_5": 0.1,
    "precision_at_1": 0.1,
    "precision_at_10": 0.014,
    "precision_at_100": 0.01,
    "precision_at_1000": 0.001,
    "precision_at_20": 0.012,
    "precision_at_3": 0.03333,
    "precision_at_5": 0.02,
    "recall_at_1": 0.1,
    "recall_at_10": 0.14,
    "recall_at_100": 1.0,
    "recall_at_1000": 1.0,
    "recall_at_20": 0.24,
    "recall_at_3": 0.1,
    "recall_at_5": 0.1
  }
}