{
  "dataset_revision": "6e346642246bfb4928c560ee08640dc84d074e8c",
  "mteb_dataset_name": "LEMBNeedleRetrieval",
  "mteb_version": "1.6.23",
  "test": {
    "evaluation_time": 45.4,
    "map_at_1": 0.3,
    "map_at_10": 0.41963,
    "map_at_100": 0.43387,
    "map_at_1000": 0.43387,
    "map_at_20": 0.42842,
    "map_at_3": 0.37,
    "map_at_5": 0.397,
    "mrr_at_1": 0.3,
    "mrr_at_10": 0.41963,
    "mrr_at_100": 0.43387,
    "mrr_at_1000": 0.43387,
    "mrr_at_20": 0.42842,
    "mrr_at_3": 0.37,
    "mrr_at_5": 0.397,
    "ndcg_at_1": 0.3,
    "ndcg_at_10": 0.49513,
    "ndcg_at_100": 0.55548,
    "ndcg_at_1000": 0.55548,
    "ndcg_at_20": 0.52609,
    "ndcg_at_3": 0.39309,
    "ndcg_at_5": 0.44214,
    "precision_at_1": 0.3,
    "precision_at_10": 0.074,
    "precision_at_100": 0.01,
    "precision_at_1000": 0.001,
    "precision_at_20": 0.043,
    "precision_at_3": 0.15333,
    "precision_at_5": 0.116,
    "recall_at_1": 0.3,
    "recall_at_10": 0.74,
    "recall_at_100": 1.0,
    "recall_at_1000": 1.0,
    "recall_at_20": 0.86,
    "recall_at_3": 0.46,
    "recall_at_5": 0.58
  }
}