{
  "dataset_revision": "6e346642246bfb4928c560ee08640dc84d074e8c",
  "mteb_dataset_name": "LEMBNeedleRetrieval",
  "mteb_version": "1.6.23",
  "test": {
    "evaluation_time": 31.95,
    "map_at_1": 0.12,
    "map_at_10": 0.17071,
    "map_at_100": 0.19234,
    "map_at_1000": 0.19234,
    "map_at_20": 0.1776,
    "map_at_3": 0.15333,
    "map_at_5": 0.15833,
    "mrr_at_1": 0.12,
    "mrr_at_10": 0.16056,
    "mrr_at_100": 0.18229,
    "mrr_at_1000": 0.18229,
    "mrr_at_20": 0.16595,
    "mrr_at_3": 0.15333,
    "mrr_at_5": 0.15833,
    "ndcg_at_1": 0.12,
    "ndcg_at_10": 0.20143,
    "ndcg_at_100": 0.33697,
    "ndcg_at_1000": 0.33697,
    "ndcg_at_20": 0.22663,
    "ndcg_at_3": 0.16524,
    "ndcg_at_5": 0.17385,
    "precision_at_1": 0.12,
    "precision_at_10": 0.03,
    "precision_at_100": 0.01,
    "precision_at_1000": 0.001,
    "precision_at_20": 0.02,
    "precision_at_3": 0.06667,
    "precision_at_5": 0.044,
    "recall_at_1": 0.12,
    "recall_at_10": 0.3,
    "recall_at_100": 1.0,
    "recall_at_1000": 1.0,
    "recall_at_20": 0.4,
    "recall_at_3": 0.2,
    "recall_at_5": 0.22
  }
}