{
  "dataset_revision": "6e346642246bfb4928c560ee08640dc84d074e8c",
  "mteb_dataset_name": "LEMBPasskeyRetrieval",
  "mteb_version": "1.6.23",
  "test": {
    "evaluation_time": 26.58,
    "map_at_1": 0.02,
    "map_at_10": 0.0325,
    "map_at_100": 0.05639,
    "map_at_1000": 0.05639,
    "map_at_20": 0.04127,
    "map_at_3": 0.02,
    "map_at_5": 0.03,
    "mrr_at_1": 0.02,
    "mrr_at_10": 0.0315,
    "mrr_at_100": 0.0576,
    "mrr_at_1000": 0.0576,
    "mrr_at_20": 0.04066,
    "mrr_at_3": 0.02,
    "mrr_at_5": 0.029,
    "ndcg_at_1": 0.02,
    "ndcg_at_10": 0.04354,
    "ndcg_at_100": 0.21267,
    "ndcg_at_1000": 0.21267,
    "ndcg_at_20": 0.07779,
    "ndcg_at_3": 0.02,
    "ndcg_at_5": 0.03723,
    "precision_at_1": 0.02,
    "precision_at_10": 0.008,
    "precision_at_100": 0.01,
    "precision_at_1000": 0.001,
    "precision_at_20": 0.011,
    "precision_at_3": 0.00667,
    "precision_at_5": 0.012,
    "recall_at_1": 0.02,
    "recall_at_10": 0.08,
    "recall_at_100": 1.0,
    "recall_at_1000": 1.0,
    "recall_at_20": 0.22,
    "recall_at_3": 0.02,
    "recall_at_5": 0.06
  }
}