{
  "dataset_revision": "6e346642246bfb4928c560ee08640dc84d074e8c",
  "mteb_dataset_name": "LEMBNeedleRetrieval",
  "mteb_version": "1.6.23",
  "test": {
    "evaluation_time": 27.2,
    "map_at_1": 0.04,
    "map_at_10": 0.05586,
    "map_at_100": 0.07736,
    "map_at_1000": 0.07736,
    "map_at_20": 0.05973,
    "map_at_3": 0.04,
    "map_at_5": 0.053,
    "mrr_at_1": 0.04,
    "mrr_at_10": 0.05186,
    "mrr_at_100": 0.07493,
    "mrr_at_1000": 0.07493,
    "mrr_at_20": 0.05734,
    "mrr_at_3": 0.04,
    "mrr_at_5": 0.049,
    "ndcg_at_1": 0.04,
    "ndcg_at_10": 0.07075,
    "ndcg_at_100": 0.23056,
    "ndcg_at_1000": 0.23056,
    "ndcg_at_20": 0.08551,
    "ndcg_at_3": 0.04,
    "ndcg_at_5": 0.06409,
    "precision_at_1": 0.04,
    "precision_at_10": 0.012,
    "precision_at_100": 0.01,
    "precision_at_1000": 0.001,
    "precision_at_20": 0.009,
    "precision_at_3": 0.01333,
    "precision_at_5": 0.02,
    "recall_at_1": 0.04,
    "recall_at_10": 0.12,
    "recall_at_100": 1.0,
    "recall_at_1000": 1.0,
    "recall_at_20": 0.18,
    "recall_at_3": 0.04,
    "recall_at_5": 0.1
  }
}