{
  "dataset_revision": "6e346642246bfb4928c560ee08640dc84d074e8c",
  "mteb_dataset_name": "LEMBNeedleRetrieval",
  "mteb_version": "1.6.23",
  "test": {
    "evaluation_time": 6.03,
    "map_at_1": 0.54,
    "map_at_10": 0.6,
    "map_at_100": 0.60323,
    "map_at_1000": 0.60323,
    "map_at_20": 0.6,
    "map_at_3": 0.58667,
    "map_at_5": 0.59667,
    "mrr_at_1": 0.54,
    "mrr_at_10": 0.6,
    "mrr_at_100": 0.60323,
    "mrr_at_1000": 0.60323,
    "mrr_at_20": 0.6,
    "mrr_at_3": 0.58667,
    "mrr_at_5": 0.59667,
    "ndcg_at_1": 0.54,
    "ndcg_at_10": 0.62959,
    "ndcg_at_100": 0.67292,
    "ndcg_at_1000": 0.67292,
    "ndcg_at_20": 0.62959,
    "ndcg_at_3": 0.60524,
    "ndcg_at_5": 0.62246,
    "precision_at_1": 0.54,
    "precision_at_10": 0.072,
    "precision_at_100": 0.01,
    "precision_at_1000": 0.001,
    "precision_at_20": 0.036,
    "precision_at_3": 0.22,
    "precision_at_5": 0.14,
    "recall_at_1": 0.54,
    "recall_at_10": 0.72,
    "recall_at_100": 1.0,
    "recall_at_1000": 1.0,
    "recall_at_20": 0.72,
    "recall_at_3": 0.66,
    "recall_at_5": 0.7
  }
}