{
  "dataset_revision": "6e346642246bfb4928c560ee08640dc84d074e8c",
  "mteb_dataset_name": "LEMBPasskeyRetrieval",
  "mteb_version": "1.6.23",
  "test": {
    "evaluation_time": 0.03,
    "map_at_1": 0.02,
    "map_at_10": 0.04267,
    "map_at_100": 0.06216,
    "map_at_1000": 0.06216,
    "map_at_20": 0.0492,
    "map_at_3": 0.02667,
    "map_at_5": 0.03567,
    "mrr_at_1": 0.02,
    "mrr_at_10": 0.04686,
    "mrr_at_100": 0.06472,
    "mrr_at_1000": 0.06472,
    "mrr_at_20": 0.05334,
    "mrr_at_3": 0.02667,
    "mrr_at_5": 0.03667,
    "ndcg_at_1": 0.02,
    "ndcg_at_10": 0.06475,
    "ndcg_at_100": 0.21693,
    "ndcg_at_1000": 0.21693,
    "ndcg_at_20": 0.08955,
    "ndcg_at_3": 0.03,
    "ndcg_at_5": 0.04635,
    "precision_at_1": 0.02,
    "precision_at_10": 0.014,
    "precision_at_100": 0.01,
    "precision_at_1000": 0.001,
    "precision_at_20": 0.012,
    "precision_at_3": 0.01333,
    "precision_at_5": 0.016,
    "recall_at_1": 0.02,
    "recall_at_10": 0.14,
    "recall_at_100": 1.0,
    "recall_at_1000": 1.0,
    "recall_at_20": 0.24,
    "recall_at_3": 0.04,
    "recall_at_5": 0.08
  }
}