{
  "dataset_revision": "6e346642246bfb4928c560ee08640dc84d074e8c",
  "mteb_dataset_name": "LEMBNeedleRetrieval",
  "mteb_version": "1.6.23",
  "test": {
    "evaluation_time": 0.09,
    "map_at_1": 0.0,
    "map_at_10": 0.04456,
    "map_at_100": 0.06869,
    "map_at_1000": 0.06869,
    "map_at_20": 0.05399,
    "map_at_3": 0.03,
    "map_at_5": 0.03,
    "mrr_at_1": 0.0,
    "mrr_at_10": 0.04728,
    "mrr_at_100": 0.07292,
    "mrr_at_1000": 0.07292,
    "mrr_at_20": 0.05746,
    "mrr_at_3": 0.03333,
    "mrr_at_5": 0.03833,
    "ndcg_at_1": 0.0,
    "ndcg_at_10": 0.07994,
    "ndcg_at_100": 0.23308,
    "ndcg_at_1000": 0.23308,
    "ndcg_at_20": 0.11498,
    "ndcg_at_3": 0.04262,
    "ndcg_at_5": 0.04262,
    "precision_at_1": 0.0,
    "precision_at_10": 0.02,
    "precision_at_100": 0.01,
    "precision_at_1000": 0.001,
    "precision_at_20": 0.017,
    "precision_at_3": 0.02667,
    "precision_at_5": 0.016,
    "recall_at_1": 0.0,
    "recall_at_10": 0.2,
    "recall_at_100": 1.0,
    "recall_at_1000": 1.0,
    "recall_at_20": 0.34,
    "recall_at_3": 0.08,
    "recall_at_5": 0.08
  }
}