{
  "dataset_revision": "6e346642246bfb4928c560ee08640dc84d074e8c",
  "mteb_dataset_name": "LEMBNeedleRetrieval",
  "mteb_version": "1.6.23",
  "test": {
    "evaluation_time": 4.58,
    "map_at_1": 0.18,
    "map_at_10": 0.28834,
    "map_at_100": 0.30887,
    "map_at_1000": 0.30887,
    "map_at_20": 0.30405,
    "map_at_3": 0.25667,
    "map_at_5": 0.26067,
    "mrr_at_1": 0.18,
    "mrr_at_10": 0.28834,
    "mrr_at_100": 0.30887,
    "mrr_at_1000": 0.30887,
    "mrr_at_20": 0.30405,
    "mrr_at_3": 0.25667,
    "mrr_at_5": 0.26067,
    "ndcg_at_1": 0.18,
    "ndcg_at_10": 0.36129,
    "ndcg_at_100": 0.45132,
    "ndcg_at_1000": 0.45132,
    "ndcg_at_20": 0.41749,
    "ndcg_at_3": 0.28786,
    "ndcg_at_5": 0.29559,
    "precision_at_1": 0.18,
    "precision_at_10": 0.06,
    "precision_at_100": 0.01,
    "precision_at_1000": 0.001,
    "precision_at_20": 0.041,
    "precision_at_3": 0.12667,
    "precision_at_5": 0.08,
    "recall_at_1": 0.18,
    "recall_at_10": 0.6,
    "recall_at_100": 1.0,
    "recall_at_1000": 1.0,
    "recall_at_20": 0.82,
    "recall_at_3": 0.38,
    "recall_at_5": 0.4
  }
}