{
  "dataset_revision": "6e346642246bfb4928c560ee08640dc84d074e8c",
  "mteb_dataset_name": "LEMBPasskeyRetrieval",
  "mteb_version": "1.6.23",
  "test": {
    "evaluation_time": 104.24,
    "map_at_1": 0.02,
    "map_at_10": 0.04686,
    "map_at_100": 0.07106,
    "map_at_1000": 0.07106,
    "map_at_20": 0.05534,
    "map_at_3": 0.03667,
    "map_at_5": 0.04067,
    "mrr_at_1": 0.0,
    "mrr_at_10": 0.02219,
    "mrr_at_100": 0.04552,
    "mrr_at_1000": 0.04552,
    "mrr_at_20": 0.02946,
    "mrr_at_3": 0.01,
    "mrr_at_5": 0.014,
    "ndcg_at_1": 0.02,
    "ndcg_at_10": 0.06415,
    "ndcg_at_100": 0.22787,
    "ndcg_at_1000": 0.22787,
    "ndcg_at_20": 0.0947,
    "ndcg_at_3": 0.04262,
    "ndcg_at_5": 0.05036,
    "precision_at_1": 0.02,
    "precision_at_10": 0.012,
    "precision_at_100": 0.01,
    "precision_at_1000": 0.001,
    "precision_at_20": 0.012,
    "precision_at_3": 0.02,
    "precision_at_5": 0.016,
    "recall_at_1": 0.02,
    "recall_at_10": 0.12,
    "recall_at_100": 1.0,
    "recall_at_1000": 1.0,
    "recall_at_20": 0.24,
    "recall_at_3": 0.06,
    "recall_at_5": 0.08
  }
}