{
  "dataset_revision": "6e346642246bfb4928c560ee08640dc84d074e8c",
  "mteb_dataset_name": "LEMBNeedleRetrieval",
  "mteb_version": "1.6.23",
  "test": {
    "evaluation_time": 2.84,
    "map_at_1": 0.36,
    "map_at_10": 0.57555,
    "map_at_100": 0.57985,
    "map_at_1000": 0.57985,
    "map_at_20": 0.57918,
    "map_at_3": 0.53333,
    "map_at_5": 0.55733,
    "mrr_at_1": 0.36,
    "mrr_at_10": 0.57555,
    "mrr_at_100": 0.57985,
    "mrr_at_1000": 0.57985,
    "mrr_at_20": 0.57918,
    "mrr_at_3": 0.53333,
    "mrr_at_5": 0.55733,
    "ndcg_at_1": 0.36,
    "ndcg_at_10": 0.6651,
    "ndcg_at_100": 0.6803,
    "ndcg_at_1000": 0.6803,
    "ndcg_at_20": 0.67626,
    "ndcg_at_3": 0.5819,
    "ndcg_at_5": 0.62409,
    "precision_at_1": 0.36,
    "precision_at_10": 0.094,
    "precision_at_100": 0.01,
    "precision_at_1000": 0.001,
    "precision_at_20": 0.049,
    "precision_at_3": 0.24,
    "precision_at_5": 0.164,
    "recall_at_1": 0.36,
    "recall_at_10": 0.94,
    "recall_at_100": 1.0,
    "recall_at_1000": 1.0,
    "recall_at_20": 0.98,
    "recall_at_3": 0.72,
    "recall_at_5": 0.82
  }
}