{
  "dataset_revision": "6e346642246bfb4928c560ee08640dc84d074e8c",
  "mteb_dataset_name": "LEMBPasskeyRetrieval",
  "mteb_version": "1.6.23",
  "test": {
    "evaluation_time": 51.66,
    "map_at_1": 0.14,
    "map_at_10": 0.24928,
    "map_at_100": 0.26066,
    "map_at_1000": 0.26066,
    "map_at_20": 0.25243,
    "map_at_3": 0.23,
    "map_at_5": 0.235,
    "mrr_at_1": 0.14,
    "mrr_at_10": 0.24928,
    "mrr_at_100": 0.26066,
    "mrr_at_1000": 0.26066,
    "mrr_at_20": 0.25243,
    "mrr_at_3": 0.23,
    "mrr_at_5": 0.235,
    "ndcg_at_1": 0.14,
    "ndcg_at_10": 0.30398,
    "ndcg_at_100": 0.39521,
    "ndcg_at_1000": 0.39521,
    "ndcg_at_20": 0.31456,
    "ndcg_at_3": 0.25833,
    "ndcg_at_5": 0.26694,
    "precision_at_1": 0.14,
    "precision_at_10": 0.048,
    "precision_at_100": 0.01,
    "precision_at_1000": 0.001,
    "precision_at_20": 0.026,
    "precision_at_3": 0.11333,
    "precision_at_5": 0.072,
    "recall_at_1": 0.14,
    "recall_at_10": 0.48,
    "recall_at_100": 1.0,
    "recall_at_1000": 1.0,
    "recall_at_20": 0.52,
    "recall_at_3": 0.34,
    "recall_at_5": 0.36
  }
}