{
  "dataset_revision": "6e346642246bfb4928c560ee08640dc84d074e8c",
  "mteb_dataset_name": "LEMBNeedleRetrieval",
  "mteb_version": "1.6.23",
  "test": {
    "evaluation_time": 50.39,
    "map_at_1": 0.38,
    "map_at_10": 0.50994,
    "map_at_100": 0.51516,
    "map_at_1000": 0.51516,
    "map_at_20": 0.51217,
    "map_at_3": 0.45,
    "map_at_5": 0.487,
    "mrr_at_1": 0.38,
    "mrr_at_10": 0.50994,
    "mrr_at_100": 0.51516,
    "mrr_at_1000": 0.51516,
    "mrr_at_20": 0.51217,
    "mrr_at_3": 0.45,
    "mrr_at_5": 0.487,
    "ndcg_at_1": 0.38,
    "ndcg_at_10": 0.59748,
    "ndcg_at_100": 0.62354,
    "ndcg_at_1000": 0.62354,
    "ndcg_at_20": 0.6069,
    "ndcg_at_3": 0.47786,
    "ndcg_at_5": 0.54413,
    "precision_at_1": 0.38,
    "precision_at_10": 0.088,
    "precision_at_100": 0.01,
    "precision_at_1000": 0.001,
    "precision_at_20": 0.046,
    "precision_at_3": 0.18667,
    "precision_at_5": 0.144,
    "recall_at_1": 0.38,
    "recall_at_10": 0.88,
    "recall_at_100": 1.0,
    "recall_at_1000": 1.0,
    "recall_at_20": 0.92,
    "recall_at_3": 0.56,
    "recall_at_5": 0.72
  }
}