{
  "dataset_revision": "6e346642246bfb4928c560ee08640dc84d074e8c",
  "mteb_dataset_name": "LEMBPasskeyRetrieval",
  "mteb_version": "1.6.23",
  "test": {
    "evaluation_time": 5.46,
    "map_at_1": 0.04,
    "map_at_10": 0.04956,
    "map_at_100": 0.07308,
    "map_at_1000": 0.07308,
    "map_at_20": 0.05692,
    "map_at_3": 0.04,
    "map_at_5": 0.044,
    "mrr_at_1": 0.04,
    "mrr_at_10": 0.04486,
    "mrr_at_100": 0.06755,
    "mrr_at_1000": 0.06755,
    "mrr_at_20": 0.05216,
    "mrr_at_3": 0.04,
    "mrr_at_5": 0.04,
    "ndcg_at_1": 0.04,
    "ndcg_at_10": 0.06088,
    "ndcg_at_100": 0.22631,
    "ndcg_at_1000": 0.22631,
    "ndcg_at_20": 0.08673,
    "ndcg_at_3": 0.04,
    "ndcg_at_5": 0.04774,
    "precision_at_1": 0.04,
    "precision_at_10": 0.01,
    "precision_at_100": 0.01,
    "precision_at_1000": 0.001,
    "precision_at_20": 0.01,
    "precision_at_3": 0.01333,
    "precision_at_5": 0.012,
    "recall_at_1": 0.04,
    "recall_at_10": 0.1,
    "recall_at_100": 1.0,
    "recall_at_1000": 1.0,
    "recall_at_20": 0.2,
    "recall_at_3": 0.04,
    "recall_at_5": 0.06
  }
}