{
  "dataset_revision": "6e346642246bfb4928c560ee08640dc84d074e8c",
  "mteb_dataset_name": "LEMBNeedleRetrieval",
  "mteb_version": "1.6.23",
  "test": {
    "evaluation_time": 81.37,
    "map_at_1": 0.18,
    "map_at_10": 0.20867,
    "map_at_100": 0.22883,
    "map_at_1000": 0.22883,
    "map_at_20": 0.21446,
    "map_at_3": 0.20667,
    "map_at_5": 0.20667,
    "mrr_at_1": 0.18,
    "mrr_at_10": 0.20667,
    "mrr_at_100": 0.22493,
    "mrr_at_1000": 0.22493,
    "mrr_at_20": 0.20778,
    "mrr_at_3": 0.20667,
    "mrr_at_5": 0.20667,
    "ndcg_at_1": 0.18,
    "ndcg_at_10": 0.22102,
    "ndcg_at_100": 0.36008,
    "ndcg_at_1000": 0.36008,
    "ndcg_at_20": 0.24487,
    "ndcg_at_3": 0.21524,
    "ndcg_at_5": 0.21524,
    "precision_at_1": 0.18,
    "precision_at_10": 0.026,
    "precision_at_100": 0.01,
    "precision_at_1000": 0.001,
    "precision_at_20": 0.018,
    "precision_at_3": 0.08,
    "precision_at_5": 0.048,
    "recall_at_1": 0.18,
    "recall_at_10": 0.26,
    "recall_at_100": 1.0,
    "recall_at_1000": 1.0,
    "recall_at_20": 0.36,
    "recall_at_3": 0.24,
    "recall_at_5": 0.24
  }
}