{
  "dataset_revision": "6e346642246bfb4928c560ee08640dc84d074e8c",
  "mteb_dataset_name": "LEMBNeedleRetrieval",
  "mteb_version": "1.6.23",
  "test": {
    "evaluation_time": 11.99,
    "map_at_1": 0.0,
    "map_at_10": 0.01922,
    "map_at_100": 0.04134,
    "map_at_1000": 0.04134,
    "map_at_20": 0.02634,
    "map_at_3": 0.01,
    "map_at_5": 0.015,
    "mrr_at_1": 0.02,
    "mrr_at_10": 0.04072,
    "mrr_at_100": 0.06239,
    "mrr_at_1000": 0.06239,
    "mrr_at_20": 0.04602,
    "mrr_at_3": 0.03,
    "mrr_at_5": 0.034,
    "ndcg_at_1": 0.0,
    "ndcg_at_10": 0.03303,
    "ndcg_at_100": 0.1984,
    "ndcg_at_1000": 0.1984,
    "ndcg_at_20": 0.05856,
    "ndcg_at_3": 0.01262,
    "ndcg_at_5": 0.02123,
    "precision_at_1": 0.0,
    "precision_at_10": 0.008,
    "precision_at_100": 0.01,
    "precision_at_1000": 0.001,
    "precision_at_20": 0.009,
    "precision_at_3": 0.00667,
    "precision_at_5": 0.008,
    "recall_at_1": 0.0,
    "recall_at_10": 0.08,
    "recall_at_100": 1.0,
    "recall_at_1000": 1.0,
    "recall_at_20": 0.18,
    "recall_at_3": 0.02,
    "recall_at_5": 0.04
  }
}