{
  "dataset_revision": "6e346642246bfb4928c560ee08640dc84d074e8c",
  "mteb_dataset_name": "LEMBPasskeyRetrieval",
  "mteb_version": "1.6.23",
  "test": {
    "evaluation_time": 12.8,
    "map_at_1": 0.0,
    "map_at_10": 0.002,
    "map_at_100": 0.0267,
    "map_at_1000": 0.0267,
    "map_at_20": 0.00865,
    "map_at_3": 0.0,
    "map_at_5": 0.0,
    "mrr_at_1": 0.0,
    "mrr_at_10": 0.00708,
    "mrr_at_100": 0.02599,
    "mrr_at_1000": 0.02599,
    "mrr_at_20": 0.00808,
    "mrr_at_3": 0.0,
    "mrr_at_5": 0.0,
    "ndcg_at_1": 0.0,
    "ndcg_at_10": 0.00578,
    "ndcg_at_100": 0.18475,
    "ndcg_at_1000": 0.18475,
    "ndcg_at_20": 0.0307,
    "ndcg_at_3": 0.0,
    "ndcg_at_5": 0.0,
    "precision_at_1": 0.0,
    "precision_at_10": 0.002,
    "precision_at_100": 0.01,
    "precision_at_1000": 0.001,
    "precision_at_20": 0.006,
    "precision_at_3": 0.0,
    "precision_at_5": 0.0,
    "recall_at_1": 0.0,
    "recall_at_10": 0.02,
    "recall_at_100": 1.0,
    "recall_at_1000": 1.0,
    "recall_at_20": 0.12,
    "recall_at_3": 0.0,
    "recall_at_5": 0.0
  }
}