{
  "dataset_revision": "6e346642246bfb4928c560ee08640dc84d074e8c",
  "mteb_dataset_name": "LEMBNeedleRetrieval",
  "mteb_version": "1.6.23",
  "test": {
    "evaluation_time": 9.49,
    "map_at_1": 0.44,
    "map_at_10": 0.56119,
    "map_at_100": 0.56893,
    "map_at_1000": 0.56893,
    "map_at_20": 0.5661,
    "map_at_3": 0.52667,
    "map_at_5": 0.54567,
    "mrr_at_1": 0.44,
    "mrr_at_10": 0.56119,
    "mrr_at_100": 0.56893,
    "mrr_at_1000": 0.56893,
    "mrr_at_20": 0.5661,
    "mrr_at_3": 0.52667,
    "mrr_at_5": 0.54567,
    "ndcg_at_1": 0.44,
    "ndcg_at_10": 0.62755,
    "ndcg_at_100": 0.66338,
    "ndcg_at_1000": 0.66338,
    "ndcg_at_20": 0.64698,
    "ndcg_at_3": 0.55571,
    "ndcg_at_5": 0.58929,
    "precision_at_1": 0.44,
    "precision_at_10": 0.084,
    "precision_at_100": 0.01,
    "precision_at_1000": 0.001,
    "precision_at_20": 0.046,
    "precision_at_3": 0.21333,
    "precision_at_5": 0.144,
    "recall_at_1": 0.44,
    "recall_at_10": 0.84,
    "recall_at_100": 1.0,
    "recall_at_1000": 1.0,
    "recall_at_20": 0.92,
    "recall_at_3": 0.64,
    "recall_at_5": 0.72
  }
}