{
  "dataset_revision": "6e346642246bfb4928c560ee08640dc84d074e8c",
  "mteb_dataset_name": "LEMBNeedleRetrieval",
  "mteb_version": "1.6.23",
  "test": {
    "evaluation_time": 7.83,
    "map_at_1": 0.2,
    "map_at_10": 0.32167,
    "map_at_100": 0.33458,
    "map_at_1000": 0.33458,
    "map_at_20": 0.32646,
    "map_at_3": 0.30333,
    "map_at_5": 0.31833,
    "mrr_at_1": 0.2,
    "mrr_at_10": 0.32167,
    "mrr_at_100": 0.33462,
    "mrr_at_1000": 0.33462,
    "mrr_at_20": 0.3264,
    "mrr_at_3": 0.30333,
    "mrr_at_5": 0.31833,
    "ndcg_at_1": 0.2,
    "ndcg_at_10": 0.36653,
    "ndcg_at_100": 0.45813,
    "ndcg_at_1000": 0.45813,
    "ndcg_at_20": 0.38581,
    "ndcg_at_3": 0.33357,
    "ndcg_at_5": 0.35941,
    "precision_at_1": 0.2,
    "precision_at_10": 0.05,
    "precision_at_100": 0.01,
    "precision_at_1000": 0.001,
    "precision_at_20": 0.029,
    "precision_at_3": 0.14,
    "precision_at_5": 0.096,
    "recall_at_1": 0.2,
    "recall_at_10": 0.5,
    "recall_at_100": 1.0,
    "recall_at_1000": 1.0,
    "recall_at_20": 0.58,
    "recall_at_3": 0.42,
    "recall_at_5": 0.48
  }
}