{
  "dataset_revision": "6e346642246bfb4928c560ee08640dc84d074e8c",
  "mteb_dataset_name": "LEMBPasskeyRetrieval",
  "mteb_version": "1.6.23",
  "test": {
    "evaluation_time": 9.4,
    "map_at_1": 0.16,
    "map_at_10": 0.20633,
    "map_at_100": 0.22074,
    "map_at_1000": 0.22074,
    "map_at_20": 0.20912,
    "map_at_3": 0.19333,
    "map_at_5": 0.20633,
    "mrr_at_1": 0.16,
    "mrr_at_10": 0.20633,
    "mrr_at_100": 0.22066,
    "mrr_at_1000": 0.22066,
    "mrr_at_20": 0.20912,
    "mrr_at_3": 0.19333,
    "mrr_at_5": 0.20633,
    "ndcg_at_1": 0.16,
    "ndcg_at_10": 0.22932,
    "ndcg_at_100": 0.35103,
    "ndcg_at_1000": 0.35103,
    "ndcg_at_20": 0.23947,
    "ndcg_at_3": 0.20524,
    "ndcg_at_5": 0.22932,
    "precision_at_1": 0.16,
    "precision_at_10": 0.03,
    "precision_at_100": 0.01,
    "precision_at_1000": 0.001,
    "precision_at_20": 0.017,
    "precision_at_3": 0.08,
    "precision_at_5": 0.06,
    "recall_at_1": 0.16,
    "recall_at_10": 0.3,
    "recall_at_100": 1.0,
    "recall_at_1000": 1.0,
    "recall_at_20": 0.34,
    "recall_at_3": 0.24,
    "recall_at_5": 0.3
  }
}