{
  "dataset_revision": "6e346642246bfb4928c560ee08640dc84d074e8c",
  "mteb_dataset_name": "LEMBNeedleRetrieval",
  "mteb_version": "1.6.23",
  "test": {
    "evaluation_time": 0.01,
    "map_at_1": 0.52,
    "map_at_10": 0.58922,
    "map_at_100": 0.59969,
    "map_at_1000": 0.59969,
    "map_at_20": 0.59751,
    "map_at_3": 0.56,
    "map_at_5": 0.573,
    "mrr_at_1": 0.52,
    "mrr_at_10": 0.58922,
    "mrr_at_100": 0.59969,
    "mrr_at_1000": 0.59969,
    "mrr_at_20": 0.59751,
    "mrr_at_3": 0.56,
    "mrr_at_5": 0.573,
    "ndcg_at_1": 0.52,
    "ndcg_at_10": 0.63828,
    "ndcg_at_100": 0.68387,
    "ndcg_at_1000": 0.68387,
    "ndcg_at_20": 0.66859,
    "ndcg_at_3": 0.57524,
    "ndcg_at_5": 0.59932,
    "precision_at_1": 0.52,
    "precision_at_10": 0.08,
    "precision_at_100": 0.01,
    "precision_at_1000": 0.001,
    "precision_at_20": 0.046,
    "precision_at_3": 0.20667,
    "precision_at_5": 0.136,
    "recall_at_1": 0.52,
    "recall_at_10": 0.8,
    "recall_at_100": 1.0,
    "recall_at_1000": 1.0,
    "recall_at_20": 0.92,
    "recall_at_3": 0.62,
    "recall_at_5": 0.68
  }
}