{
  "dataset_revision": "6e346642246bfb4928c560ee08640dc84d074e8c",
  "mteb_dataset_name": "LEMBPasskeyRetrieval",
  "mteb_version": "1.6.23",
  "test": {
    "evaluation_time": 0.03,
    "map_at_1": 0.06,
    "map_at_10": 0.09539,
    "map_at_100": 0.13275,
    "map_at_1000": 0.13275,
    "map_at_20": 0.12335,
    "map_at_3": 0.07667,
    "map_at_5": 0.09067,
    "mrr_at_1": 0.06,
    "mrr_at_10": 0.09539,
    "mrr_at_100": 0.13275,
    "mrr_at_1000": 0.13275,
    "mrr_at_20": 0.12335,
    "mrr_at_3": 0.07667,
    "mrr_at_5": 0.09067,
    "ndcg_at_1": 0.06,
    "ndcg_at_10": 0.11991,
    "ndcg_at_100": 0.29399,
    "ndcg_at_1000": 0.29399,
    "ndcg_at_20": 0.22138,
    "ndcg_at_3": 0.08262,
    "ndcg_at_5": 0.10758,
    "precision_at_1": 0.06,
    "precision_at_10": 0.02,
    "precision_at_100": 0.01,
    "precision_at_1000": 0.001,
    "precision_at_20": 0.03,
    "precision_at_3": 0.03333,
    "precision_at_5": 0.032,
    "recall_at_1": 0.06,
    "recall_at_10": 0.2,
    "recall_at_100": 1.0,
    "recall_at_1000": 1.0,
    "recall_at_20": 0.6,
    "recall_at_3": 0.1,
    "recall_at_5": 0.16
  }
}