{
  "dataset_revision": "6e346642246bfb4928c560ee08640dc84d074e8c",
  "mteb_dataset_name": "LEMBNeedleRetrieval",
  "mteb_version": "1.6.23",
  "test": {
    "evaluation_time": 5.07,
    "map_at_1": 0.54,
    "map_at_10": 0.676,
    "map_at_100": 0.68242,
    "map_at_1000": 0.68242,
    "map_at_20": 0.68242,
    "map_at_3": 0.65333,
    "map_at_5": 0.66933,
    "mrr_at_1": 0.54,
    "mrr_at_10": 0.676,
    "mrr_at_100": 0.68242,
    "mrr_at_1000": 0.68242,
    "mrr_at_20": 0.68242,
    "mrr_at_3": 0.65333,
    "mrr_at_5": 0.66933,
    "ndcg_at_1": 0.54,
    "ndcg_at_10": 0.73615,
    "ndcg_at_100": 0.75745,
    "ndcg_at_1000": 0.75745,
    "ndcg_at_20": 0.75745,
    "ndcg_at_3": 0.69095,
    "ndcg_at_5": 0.7219,
    "precision_at_1": 0.54,
    "precision_at_10": 0.092,
    "precision_at_100": 0.01,
    "precision_at_1000": 0.001,
    "precision_at_20": 0.05,
    "precision_at_3": 0.26667,
    "precision_at_5": 0.176,
    "recall_at_1": 0.54,
    "recall_at_10": 0.92,
    "recall_at_100": 1.0,
    "recall_at_1000": 1.0,
    "recall_at_20": 1.0,
    "recall_at_3": 0.8,
    "recall_at_5": 0.88
  }
}