{
  "dataset_revision": "6e346642246bfb4928c560ee08640dc84d074e8c",
  "mteb_dataset_name": "LEMBPasskeyRetrieval",
  "mteb_version": "1.6.23",
  "test": {
    "evaluation_time": 57.02,
    "map_at_1": 0.02,
    "map_at_10": 0.03736,
    "map_at_100": 0.06053,
    "map_at_1000": 0.06053,
    "map_at_20": 0.04674,
    "map_at_3": 0.02,
    "map_at_5": 0.028,
    "mrr_at_1": 0.02,
    "mrr_at_10": 0.03736,
    "mrr_at_100": 0.06049,
    "mrr_at_1000": 0.06049,
    "mrr_at_20": 0.04674,
    "mrr_at_3": 0.02,
    "mrr_at_5": 0.028,
    "ndcg_at_1": 0.02,
    "ndcg_at_10": 0.06001,
    "ndcg_at_100": 0.21878,
    "ndcg_at_1000": 0.21878,
    "ndcg_at_20": 0.09505,
    "ndcg_at_3": 0.02,
    "ndcg_at_5": 0.03547,
    "precision_at_1": 0.02,
    "precision_at_10": 0.014,
    "precision_at_100": 0.01,
    "precision_at_1000": 0.001,
    "precision_at_20": 0.014,
    "precision_at_3": 0.00667,
    "precision_at_5": 0.012,
    "recall_at_1": 0.02,
    "recall_at_10": 0.14,
    "recall_at_100": 1.0,
    "recall_at_1000": 1.0,
    "recall_at_20": 0.28,
    "recall_at_3": 0.02,
    "recall_at_5": 0.06
  }
}