{
  "dataset_revision": "6e346642246bfb4928c560ee08640dc84d074e8c",
  "mteb_dataset_name": "LEMBNeedleRetrieval",
  "mteb_version": "1.6.23",
  "test": {
    "evaluation_time": 55.19,
    "map_at_1": 0.0,
    "map_at_10": 0.0321,
    "map_at_100": 0.05149,
    "map_at_1000": 0.05149,
    "map_at_20": 0.03829,
    "map_at_3": 0.01333,
    "map_at_5": 0.01833,
    "mrr_at_1": 0.0,
    "mrr_at_10": 0.0321,
    "mrr_at_100": 0.05171,
    "mrr_at_1000": 0.05171,
    "mrr_at_20": 0.03699,
    "mrr_at_3": 0.01333,
    "mrr_at_5": 0.01833,
    "ndcg_at_1": 0.0,
    "ndcg_at_10": 0.0614,
    "ndcg_at_100": 0.2115,
    "ndcg_at_1000": 0.2115,
    "ndcg_at_20": 0.08574,
    "ndcg_at_3": 0.02,
    "ndcg_at_5": 0.02861,
    "precision_at_1": 0.0,
    "precision_at_10": 0.016,
    "precision_at_100": 0.01,
    "precision_at_1000": 0.001,
    "precision_at_20": 0.013,
    "precision_at_3": 0.01333,
    "precision_at_5": 0.012,
    "recall_at_1": 0.0,
    "recall_at_10": 0.16,
    "recall_at_100": 1.0,
    "recall_at_1000": 1.0,
    "recall_at_20": 0.26,
    "recall_at_3": 0.04,
    "recall_at_5": 0.06
  }
}