{
  "dataset_revision": "6e346642246bfb4928c560ee08640dc84d074e8c",
  "mteb_dataset_name": "LEMBNeedleRetrieval",
  "mteb_version": "1.6.23",
  "test": {
    "evaluation_time": 0.05,
    "map_at_1": 0.02,
    "map_at_10": 0.0438,
    "map_at_100": 0.06488,
    "map_at_1000": 0.06488,
    "map_at_20": 0.04969,
    "map_at_3": 0.03,
    "map_at_5": 0.034,
    "mrr_at_1": 0.02,
    "mrr_at_10": 0.04283,
    "mrr_at_100": 0.06787,
    "mrr_at_1000": 0.06787,
    "mrr_at_20": 0.05428,
    "mrr_at_3": 0.03333,
    "mrr_at_5": 0.03833,
    "ndcg_at_1": 0.02,
    "ndcg_at_10": 0.06537,
    "ndcg_at_100": 0.22097,
    "ndcg_at_1000": 0.22097,
    "ndcg_at_20": 0.08604,
    "ndcg_at_3": 0.03262,
    "ndcg_at_5": 0.04036,
    "precision_at_1": 0.02,
    "precision_at_10": 0.014,
    "precision_at_100": 0.01,
    "precision_at_1000": 0.001,
    "precision_at_20": 0.011,
    "precision_at_3": 0.01333,
    "precision_at_5": 0.012,
    "recall_at_1": 0.02,
    "recall_at_10": 0.14,
    "recall_at_100": 1.0,
    "recall_at_1000": 1.0,
    "recall_at_20": 0.22,
    "recall_at_3": 0.04,
    "recall_at_5": 0.06
  }
}