{
  "dataset_revision": "6e346642246bfb4928c560ee08640dc84d074e8c",
  "mteb_dataset_name": "LEMBPasskeyRetrieval",
  "mteb_version": "1.6.23",
  "test": {
    "evaluation_time": 0.02,
    "map_at_1": 0.02,
    "map_at_10": 0.06186,
    "map_at_100": 0.08546,
    "map_at_1000": 0.08546,
    "map_at_20": 0.07034,
    "map_at_3": 0.04667,
    "map_at_5": 0.05567,
    "mrr_at_1": 0.02,
    "mrr_at_10": 0.04567,
    "mrr_at_100": 0.06645,
    "mrr_at_1000": 0.06645,
    "mrr_at_20": 0.05013,
    "mrr_at_3": 0.03333,
    "mrr_at_5": 0.04233,
    "ndcg_at_1": 0.02,
    "ndcg_at_10": 0.08538,
    "ndcg_at_100": 0.2427,
    "ndcg_at_1000": 0.2427,
    "ndcg_at_20": 0.11593,
    "ndcg_at_3": 0.05524,
    "ndcg_at_5": 0.07159,
    "precision_at_1": 0.02,
    "precision_at_10": 0.016,
    "precision_at_100": 0.01,
    "precision_at_1000": 0.001,
    "precision_at_20": 0.014,
    "precision_at_3": 0.02667,
    "precision_at_5": 0.024,
    "recall_at_1": 0.02,
    "recall_at_10": 0.16,
    "recall_at_100": 1.0,
    "recall_at_1000": 1.0,
    "recall_at_20": 0.28,
    "recall_at_3": 0.08,
    "recall_at_5": 0.12
  }
}