{
  "dataset_revision": "6e346642246bfb4928c560ee08640dc84d074e8c",
  "mteb_dataset_name": "LEMBNeedleRetrieval",
  "mteb_version": "1.6.23",
  "test": {
    "evaluation_time": 4.35,
    "map_at_1": 0.76,
    "map_at_10": 0.84533,
    "map_at_100": 0.84533,
    "map_at_1000": 0.84533,
    "map_at_20": 0.84533,
    "map_at_3": 0.83333,
    "map_at_5": 0.84533,
    "mrr_at_1": 0.76,
    "mrr_at_10": 0.84533,
    "mrr_at_100": 0.84533,
    "mrr_at_1000": 0.84533,
    "mrr_at_20": 0.84533,
    "mrr_at_3": 0.83333,
    "mrr_at_5": 0.84533,
    "ndcg_at_1": 0.76,
    "ndcg_at_10": 0.88369,
    "ndcg_at_100": 0.88369,
    "ndcg_at_1000": 0.88369,
    "ndcg_at_20": 0.88369,
    "ndcg_at_3": 0.86047,
    "ndcg_at_5": 0.88369,
    "precision_at_1": 0.76,
    "precision_at_10": 0.1,
    "precision_at_100": 0.01,
    "precision_at_1000": 0.001,
    "precision_at_20": 0.05,
    "precision_at_3": 0.31333,
    "precision_at_5": 0.2,
    "recall_at_1": 0.76,
    "recall_at_10": 1.0,
    "recall_at_100": 1.0,
    "recall_at_1000": 1.0,
    "recall_at_20": 1.0,
    "recall_at_3": 0.94,
    "recall_at_5": 1.0
  }
}