{
  "dataset_revision": "6e346642246bfb4928c560ee08640dc84d074e8c",
  "mteb_dataset_name": "LEMBNeedleRetrieval",
  "mteb_version": "1.6.23",
  "test": {
    "evaluation_time": 63.01,
    "map_at_1": 0.26,
    "map_at_10": 0.35516,
    "map_at_100": 0.37199,
    "map_at_1000": 0.37199,
    "map_at_20": 0.36594,
    "map_at_3": 0.31667,
    "map_at_5": 0.33467,
    "mrr_at_1": 0.26,
    "mrr_at_10": 0.35516,
    "mrr_at_100": 0.37199,
    "mrr_at_1000": 0.37199,
    "mrr_at_20": 0.36594,
    "mrr_at_3": 0.31667,
    "mrr_at_5": 0.33467,
    "ndcg_at_1": 0.26,
    "ndcg_at_10": 0.42146,
    "ndcg_at_100": 0.50039,
    "ndcg_at_1000": 0.50039,
    "ndcg_at_20": 0.46155,
    "ndcg_at_3": 0.33786,
    "ndcg_at_5": 0.37056,
    "precision_at_1": 0.26,
    "precision_at_10": 0.064,
    "precision_at_100": 0.01,
    "precision_at_1000": 0.001,
    "precision_at_20": 0.04,
    "precision_at_3": 0.13333,
    "precision_at_5": 0.096,
    "recall_at_1": 0.26,
    "recall_at_10": 0.64,
    "recall_at_100": 1.0,
    "recall_at_1000": 1.0,
    "recall_at_20": 0.8,
    "recall_at_3": 0.4,
    "recall_at_5": 0.48
  }
}