{
  "dataset_revision": "6e346642246bfb4928c560ee08640dc84d074e8c",
  "mteb_dataset_name": "LEMBPasskeyRetrieval",
  "mteb_version": "1.6.23",
  "test": {
    "evaluation_time": 58.32,
    "map_at_1": 0.36,
    "map_at_10": 0.42706,
    "map_at_100": 0.44448,
    "map_at_1000": 0.44448,
    "map_at_20": 0.43941,
    "map_at_3": 0.4,
    "map_at_5": 0.413,
    "mrr_at_1": 0.36,
    "mrr_at_10": 0.42706,
    "mrr_at_100": 0.44448,
    "mrr_at_1000": 0.44448,
    "mrr_at_20": 0.43941,
    "mrr_at_3": 0.4,
    "mrr_at_5": 0.413,
    "ndcg_at_1": 0.36,
    "ndcg_at_10": 0.47136,
    "ndcg_at_100": 0.55354,
    "ndcg_at_1000": 0.55354,
    "ndcg_at_20": 0.51665,
    "ndcg_at_3": 0.41047,
    "ndcg_at_5": 0.43456,
    "precision_at_1": 0.36,
    "precision_at_10": 0.062,
    "precision_at_100": 0.01,
    "precision_at_1000": 0.001,
    "precision_at_20": 0.04,
    "precision_at_3": 0.14667,
    "precision_at_5": 0.1,
    "recall_at_1": 0.36,
    "recall_at_10": 0.62,
    "recall_at_100": 1.0,
    "recall_at_1000": 1.0,
    "recall_at_20": 0.8,
    "recall_at_3": 0.44,
    "recall_at_5": 0.5
  }
}