{
  "dataset_revision": "6e346642246bfb4928c560ee08640dc84d074e8c",
  "mteb_dataset_name": "LEMBNeedleRetrieval",
  "mteb_version": "1.6.23",
  "test": {
    "evaluation_time": 29.44,
    "map_at_1": 0.68,
    "map_at_10": 0.79586,
    "map_at_100": 0.79586,
    "map_at_1000": 0.79586,
    "map_at_20": 0.79586,
    "map_at_3": 0.76667,
    "map_at_5": 0.78967,
    "mrr_at_1": 0.68,
    "mrr_at_10": 0.79586,
    "mrr_at_100": 0.79586,
    "mrr_at_1000": 0.79586,
    "mrr_at_20": 0.79586,
    "mrr_at_3": 0.76667,
    "mrr_at_5": 0.78967,
    "ndcg_at_1": 0.68,
    "ndcg_at_10": 0.84605,
    "ndcg_at_100": 0.84605,
    "ndcg_at_1000": 0.84605,
    "ndcg_at_20": 0.84605,
    "ndcg_at_3": 0.79095,
    "ndcg_at_5": 0.83226,
    "precision_at_1": 0.68,
    "precision_at_10": 0.1,
    "precision_at_100": 0.01,
    "precision_at_1000": 0.001,
    "precision_at_20": 0.05,
    "precision_at_3": 0.28667,
    "precision_at_5": 0.192,
    "recall_at_1": 0.68,
    "recall_at_10": 1.0,
    "recall_at_100": 1.0,
    "recall_at_1000": 1.0,
    "recall_at_20": 1.0,
    "recall_at_3": 0.86,
    "recall_at_5": 0.96
  }
}