{
  "dataset_revision": "6e346642246bfb4928c560ee08640dc84d074e8c",
  "mteb_dataset_name": "LEMBNeedleRetrieval",
  "mteb_version": "1.6.23",
  "test": {
    "evaluation_time": 34.8,
    "map_at_1": 0.08,
    "map_at_10": 0.09852,
    "map_at_100": 0.12203,
    "map_at_1000": 0.12203,
    "map_at_20": 0.10846,
    "map_at_3": 0.08667,
    "map_at_5": 0.09567,
    "mrr_at_1": 0.08,
    "mrr_at_10": 0.1155,
    "mrr_at_100": 0.13796,
    "mrr_at_1000": 0.13796,
    "mrr_at_20": 0.12652,
    "mrr_at_3": 0.09667,
    "mrr_at_5": 0.10567,
    "ndcg_at_1": 0.08,
    "ndcg_at_10": 0.11302,
    "ndcg_at_100": 0.26994,
    "ndcg_at_1000": 0.26994,
    "ndcg_at_20": 0.14866,
    "ndcg_at_3": 0.09,
    "ndcg_at_5": 0.10635,
    "precision_at_1": 0.08,
    "precision_at_10": 0.016,
    "precision_at_100": 0.01,
    "precision_at_1000": 0.001,
    "precision_at_20": 0.015,
    "precision_at_3": 0.03333,
    "precision_at_5": 0.028,
    "recall_at_1": 0.08,
    "recall_at_10": 0.16,
    "recall_at_100": 1.0,
    "recall_at_1000": 1.0,
    "recall_at_20": 0.3,
    "recall_at_3": 0.1,
    "recall_at_5": 0.14
  }
}