{
  "dataset_revision": "6e346642246bfb4928c560ee08640dc84d074e8c",
  "mteb_dataset_name": "LEMBNeedleRetrieval",
  "mteb_version": "1.6.23",
  "test": {
    "evaluation_time": 0.01,
    "map_at_1": 0.64,
    "map_at_10": 0.747,
    "map_at_100": 0.75449,
    "map_at_1000": 0.75449,
    "map_at_20": 0.75358,
    "map_at_3": 0.74,
    "map_at_5": 0.745,
    "mrr_at_1": 0.64,
    "mrr_at_10": 0.747,
    "mrr_at_100": 0.75449,
    "mrr_at_1000": 0.75449,
    "mrr_at_20": 0.75358,
    "mrr_at_3": 0.74,
    "mrr_at_5": 0.745,
    "ndcg_at_1": 0.64,
    "ndcg_at_10": 0.78534,
    "ndcg_at_100": 0.81127,
    "ndcg_at_1000": 0.81127,
    "ndcg_at_20": 0.80685,
    "ndcg_at_3": 0.77095,
    "ndcg_at_5": 0.77956,
    "precision_at_1": 0.64,
    "precision_at_10": 0.09,
    "precision_at_100": 0.01,
    "precision_at_1000": 0.001,
    "precision_at_20": 0.049,
    "precision_at_3": 0.28667,
    "precision_at_5": 0.176,
    "recall_at_1": 0.64,
    "recall_at_10": 0.9,
    "recall_at_100": 1.0,
    "recall_at_1000": 1.0,
    "recall_at_20": 0.98,
    "recall_at_3": 0.86,
    "recall_at_5": 0.88
  }
}