{
  "dataset_revision": "6e346642246bfb4928c560ee08640dc84d074e8c",
  "mteb_dataset_name": "LEMBNeedleRetrieval",
  "mteb_version": "1.6.23",
  "test": {
    "evaluation_time": 8.57,
    "map_at_1": 0.0,
    "map_at_10": 0.01869,
    "map_at_100": 0.04301,
    "map_at_1000": 0.04301,
    "map_at_20": 0.02702,
    "map_at_3": 0.0,
    "map_at_5": 0.01,
    "mrr_at_1": 0.0,
    "mrr_at_10": 0.02191,
    "mrr_at_100": 0.04017,
    "mrr_at_1000": 0.04017,
    "mrr_at_20": 0.02427,
    "mrr_at_3": 0.0,
    "mrr_at_5": 0.009,
    "ndcg_at_1": 0.0,
    "ndcg_at_10": 0.03733,
    "ndcg_at_100": 0.20426,
    "ndcg_at_1000": 0.20426,
    "ndcg_at_20": 0.06766,
    "ndcg_at_3": 0.0,
    "ndcg_at_5": 0.01723,
    "precision_at_1": 0.0,
    "precision_at_10": 0.01,
    "precision_at_100": 0.01,
    "precision_at_1000": 0.001,
    "precision_at_20": 0.011,
    "precision_at_3": 0.0,
    "precision_at_5": 0.008,
    "recall_at_1": 0.0,
    "recall_at_10": 0.1,
    "recall_at_100": 1.0,
    "recall_at_1000": 1.0,
    "recall_at_20": 0.22,
    "recall_at_3": 0.0,
    "recall_at_5": 0.04
  }
}