{
  "dataset_revision": "6e346642246bfb4928c560ee08640dc84d074e8c",
  "mteb_dataset_name": "LEMBNeedleRetrieval",
  "mteb_version": "1.6.23",
  "test": {
    "evaluation_time": 273.89,
    "map_at_1": 0.14,
    "map_at_10": 0.30967,
    "map_at_100": 0.3212,
    "map_at_1000": 0.3212,
    "map_at_20": 0.31768,
    "map_at_3": 0.25333,
    "map_at_5": 0.27833,
    "mrr_at_1": 0.14,
    "mrr_at_10": 0.30967,
    "mrr_at_100": 0.3212,
    "mrr_at_1000": 0.3212,
    "mrr_at_20": 0.31768,
    "mrr_at_3": 0.25333,
    "mrr_at_5": 0.27833,
    "ndcg_at_1": 0.14,
    "ndcg_at_10": 0.41998,
    "ndcg_at_100": 0.47039,
    "ndcg_at_1000": 0.47039,
    "ndcg_at_20": 0.44992,
    "ndcg_at_3": 0.29571,
    "ndcg_at_5": 0.34301,
    "precision_at_1": 0.14,
    "precision_at_10": 0.078,
    "precision_at_100": 0.01,
    "precision_at_1000": 0.001,
    "precision_at_20": 0.045,
    "precision_at_3": 0.14,
    "precision_at_5": 0.108,
    "recall_at_1": 0.14,
    "recall_at_10": 0.78,
    "recall_at_100": 1.0,
    "recall_at_1000": 1.0,
    "recall_at_20": 0.9,
    "recall_at_3": 0.42,
    "recall_at_5": 0.54
  }
}