{
  "dataset_revision": "6e346642246bfb4928c560ee08640dc84d074e8c",
  "mteb_dataset_name": "LEMBPasskeyRetrieval",
  "mteb_version": "1.6.23",
  "test": {
    "evaluation_time": 281.08,
    "map_at_1": 0.14,
    "map_at_10": 0.18856,
    "map_at_100": 0.20992,
    "map_at_1000": 0.20992,
    "map_at_20": 0.19922,
    "map_at_3": 0.16333,
    "map_at_5": 0.18133,
    "mrr_at_1": 0.14,
    "mrr_at_10": 0.18856,
    "mrr_at_100": 0.20992,
    "mrr_at_1000": 0.20992,
    "mrr_at_20": 0.19922,
    "mrr_at_3": 0.16333,
    "mrr_at_5": 0.18133,
    "ndcg_at_1": 0.14,
    "ndcg_at_10": 0.22396,
    "ndcg_at_100": 0.35175,
    "ndcg_at_1000": 0.35175,
    "ndcg_at_20": 0.26053,
    "ndcg_at_3": 0.17262,
    "ndcg_at_5": 0.20532,
    "precision_at_1": 0.14,
    "precision_at_10": 0.034,
    "precision_at_100": 0.01,
    "precision_at_1000": 0.001,
    "precision_at_20": 0.024,
    "precision_at_3": 0.06667,
    "precision_at_5": 0.056,
    "recall_at_1": 0.14,
    "recall_at_10": 0.34,
    "recall_at_100": 1.0,
    "recall_at_1000": 1.0,
    "recall_at_20": 0.48,
    "recall_at_3": 0.2,
    "recall_at_5": 0.28
  }
}