{
  "dataset_revision": "6e346642246bfb4928c560ee08640dc84d074e8c",
  "mteb_dataset_name": "LEMBNeedleRetrieval",
  "mteb_version": "1.6.23",
  "test": {
    "evaluation_time": 9.25,
    "map_at_1": 0.02,
    "map_at_10": 0.03483,
    "map_at_100": 0.05849,
    "map_at_1000": 0.05849,
    "map_at_20": 0.04354,
    "map_at_3": 0.02,
    "map_at_5": 0.029,
    "mrr_at_1": 0.02,
    "mrr_at_10": 0.04486,
    "mrr_at_100": 0.06633,
    "mrr_at_1000": 0.06633,
    "mrr_at_20": 0.04898,
    "mrr_at_3": 0.03,
    "mrr_at_5": 0.035,
    "ndcg_at_1": 0.02,
    "ndcg_at_10": 0.04978,
    "ndcg_at_100": 0.21491,
    "ndcg_at_1000": 0.21491,
    "ndcg_at_20": 0.08059,
    "ndcg_at_3": 0.02,
    "ndcg_at_5": 0.03635,
    "precision_at_1": 0.02,
    "precision_at_10": 0.01,
    "precision_at_100": 0.01,
    "precision_at_1000": 0.001,
    "precision_at_20": 0.011,
    "precision_at_3": 0.00667,
    "precision_at_5": 0.012,
    "recall_at_1": 0.02,
    "recall_at_10": 0.1,
    "recall_at_100": 1.0,
    "recall_at_1000": 1.0,
    "recall_at_20": 0.22,
    "recall_at_3": 0.02,
    "recall_at_5": 0.06
  }
}