{
  "dataset_revision": "6e346642246bfb4928c560ee08640dc84d074e8c",
  "mteb_dataset_name": "LEMBNeedleRetrieval",
  "mteb_version": "1.6.23",
  "test": {
    "evaluation_time": 23.66,
    "map_at_1": 0.56,
    "map_at_10": 0.65206,
    "map_at_100": 0.65902,
    "map_at_1000": 0.65902,
    "map_at_20": 0.65674,
    "map_at_3": 0.61667,
    "map_at_5": 0.64067,
    "mrr_at_1": 0.56,
    "mrr_at_10": 0.65206,
    "mrr_at_100": 0.65902,
    "mrr_at_1000": 0.65902,
    "mrr_at_20": 0.65674,
    "mrr_at_3": 0.61667,
    "mrr_at_5": 0.64067,
    "ndcg_at_1": 0.56,
    "ndcg_at_10": 0.70186,
    "ndcg_at_100": 0.73303,
    "ndcg_at_1000": 0.73303,
    "ndcg_at_20": 0.71765,
    "ndcg_at_3": 0.63309,
    "ndcg_at_5": 0.67528,
    "precision_at_1": 0.56,
    "precision_at_10": 0.086,
    "precision_at_100": 0.01,
    "precision_at_1000": 0.001,
    "precision_at_20": 0.046,
    "precision_at_3": 0.22667,
    "precision_at_5": 0.156,
    "recall_at_1": 0.56,
    "recall_at_10": 0.86,
    "recall_at_100": 1.0,
    "recall_at_1000": 1.0,
    "recall_at_20": 0.92,
    "recall_at_3": 0.68,
    "recall_at_5": 0.78
  }
}