{
  "dataset_revision": "6e346642246bfb4928c560ee08640dc84d074e8c",
  "mteb_dataset_name": "LEMBPasskeyRetrieval",
  "mteb_version": "1.6.23",
  "test": {
    "evaluation_time": 24.72,
    "map_at_1": 0.22,
    "map_at_10": 0.38019,
    "map_at_100": 0.39122,
    "map_at_1000": 0.39122,
    "map_at_20": 0.38449,
    "map_at_3": 0.37333,
    "map_at_5": 0.37733,
    "mrr_at_1": 0.22,
    "mrr_at_10": 0.38019,
    "mrr_at_100": 0.39122,
    "mrr_at_1000": 0.39122,
    "mrr_at_20": 0.38449,
    "mrr_at_3": 0.37333,
    "mrr_at_5": 0.37733,
    "ndcg_at_1": 0.22,
    "ndcg_at_10": 0.43583,
    "ndcg_at_100": 0.51007,
    "ndcg_at_1000": 0.51007,
    "ndcg_at_20": 0.4512,
    "ndcg_at_3": 0.42142,
    "ndcg_at_5": 0.42916,
    "precision_at_1": 0.22,
    "precision_at_10": 0.06,
    "precision_at_100": 0.01,
    "precision_at_1000": 0.001,
    "precision_at_20": 0.033,
    "precision_at_3": 0.18667,
    "precision_at_5": 0.116,
    "recall_at_1": 0.22,
    "recall_at_10": 0.6,
    "recall_at_100": 1.0,
    "recall_at_1000": 1.0,
    "recall_at_20": 0.66,
    "recall_at_3": 0.56,
    "recall_at_5": 0.58
  }
}