{
  "dataset_revision": "6e346642246bfb4928c560ee08640dc84d074e8c",
  "mteb_dataset_name": "LEMBPasskeyRetrieval",
  "mteb_version": "1.6.23",
  "test": {
    "evaluation_time": 40.61,
    "map_at_1": 0.06,
    "map_at_10": 0.10102,
    "map_at_100": 0.12549,
    "map_at_1000": 0.12549,
    "map_at_20": 0.10978,
    "map_at_3": 0.08667,
    "map_at_5": 0.09567,
    "mrr_at_1": 0.06,
    "mrr_at_10": 0.10067,
    "mrr_at_100": 0.1245,
    "mrr_at_1000": 0.1245,
    "mrr_at_20": 0.1092,
    "mrr_at_3": 0.08667,
    "mrr_at_5": 0.09567,
    "ndcg_at_1": 0.06,
    "ndcg_at_10": 0.12456,
    "ndcg_at_100": 0.27799,
    "ndcg_at_1000": 0.27799,
    "ndcg_at_20": 0.15544,
    "ndcg_at_3": 0.09524,
    "ndcg_at_5": 0.11159,
    "precision_at_1": 0.06,
    "precision_at_10": 0.02,
    "precision_at_100": 0.01,
    "precision_at_1000": 0.001,
    "precision_at_20": 0.016,
    "precision_at_3": 0.04,
    "precision_at_5": 0.032,
    "recall_at_1": 0.06,
    "recall_at_10": 0.2,
    "recall_at_100": 1.0,
    "recall_at_1000": 1.0,
    "recall_at_20": 0.32,
    "recall_at_3": 0.12,
    "recall_at_5": 0.16
  }
}