{
  "dataset_revision": "6e346642246bfb4928c560ee08640dc84d074e8c",
  "mteb_dataset_name": "LEMBNeedleRetrieval",
  "mteb_version": "1.6.23",
  "test": {
    "evaluation_time": 54.7,
    "map_at_1": 0.08,
    "map_at_10": 0.09,
    "map_at_100": 0.11525,
    "map_at_1000": 0.11525,
    "map_at_20": 0.09891,
    "map_at_3": 0.09,
    "map_at_5": 0.09,
    "mrr_at_1": 0.08,
    "mrr_at_10": 0.09,
    "mrr_at_100": 0.11533,
    "mrr_at_1000": 0.11533,
    "mrr_at_20": 0.09891,
    "mrr_at_3": 0.09,
    "mrr_at_5": 0.09,
    "ndcg_at_1": 0.08,
    "ndcg_at_10": 0.09262,
    "ndcg_at_100": 0.26139,
    "ndcg_at_1000": 0.26139,
    "ndcg_at_20": 0.12701,
    "ndcg_at_3": 0.09262,
    "ndcg_at_5": 0.09262,
    "precision_at_1": 0.08,
    "precision_at_10": 0.01,
    "precision_at_100": 0.01,
    "precision_at_1000": 0.001,
    "precision_at_20": 0.012,
    "precision_at_3": 0.03333,
    "precision_at_5": 0.02,
    "recall_at_1": 0.08,
    "recall_at_10": 0.1,
    "recall_at_100": 1.0,
    "recall_at_1000": 1.0,
    "recall_at_20": 0.24,
    "recall_at_3": 0.1,
    "recall_at_5": 0.1
  }
}