{
  "dataset_revision": "6e346642246bfb4928c560ee08640dc84d074e8c",
  "mteb_dataset_name": "LEMBPasskeyRetrieval",
  "mteb_version": "1.6.23",
  "test": {
    "evaluation_time": 8.96,
    "map_at_1": 0.02,
    "map_at_10": 0.06638,
    "map_at_100": 0.09297,
    "map_at_1000": 0.09297,
    "map_at_20": 0.07746,
    "map_at_3": 0.05333,
    "map_at_5": 0.05733,
    "mrr_at_1": 0.02,
    "mrr_at_10": 0.06638,
    "mrr_at_100": 0.09297,
    "mrr_at_1000": 0.09297,
    "mrr_at_20": 0.07746,
    "mrr_at_3": 0.05333,
    "mrr_at_5": 0.05733,
    "ndcg_at_1": 0.02,
    "ndcg_at_10": 0.09343,
    "ndcg_at_100": 0.25385,
    "ndcg_at_1000": 0.25385,
    "ndcg_at_20": 0.1338,
    "ndcg_at_3": 0.06524,
    "ndcg_at_5": 0.07297,
    "precision_at_1": 0.02,
    "precision_at_10": 0.018,
    "precision_at_100": 0.01,
    "precision_at_1000": 0.001,
    "precision_at_20": 0.017,
    "precision_at_3": 0.03333,
    "precision_at_5": 0.024,
    "recall_at_1": 0.02,
    "recall_at_10": 0.18,
    "recall_at_100": 1.0,
    "recall_at_1000": 1.0,
    "recall_at_20": 0.34,
    "recall_at_3": 0.1,
    "recall_at_5": 0.12
  }
}