{
  "dataset_revision": "6e346642246bfb4928c560ee08640dc84d074e8c",
  "mteb_dataset_name": "LEMBNeedleRetrieval",
  "mteb_version": "1.6.23",
  "test": {
    "evaluation_time": 8.47,
    "map_at_1": 0.08,
    "map_at_10": 0.125,
    "map_at_100": 0.15196,
    "map_at_1000": 0.15196,
    "map_at_20": 0.14119,
    "map_at_3": 0.10667,
    "map_at_5": 0.11067,
    "mrr_at_1": 0.08,
    "mrr_at_10": 0.125,
    "mrr_at_100": 0.15196,
    "mrr_at_1000": 0.15196,
    "mrr_at_20": 0.14119,
    "mrr_at_3": 0.10667,
    "mrr_at_5": 0.11067,
    "ndcg_at_1": 0.08,
    "ndcg_at_10": 0.16006,
    "ndcg_at_100": 0.30591,
    "ndcg_at_1000": 0.30591,
    "ndcg_at_20": 0.2201,
    "ndcg_at_3": 0.11524,
    "ndcg_at_5": 0.12297,
    "precision_at_1": 0.08,
    "precision_at_10": 0.028,
    "precision_at_100": 0.01,
    "precision_at_1000": 0.001,
    "precision_at_20": 0.026,
    "precision_at_3": 0.04667,
    "precision_at_5": 0.032,
    "recall_at_1": 0.08,
    "recall_at_10": 0.28,
    "recall_at_100": 1.0,
    "recall_at_1000": 1.0,
    "recall_at_20": 0.52,
    "recall_at_3": 0.14,
    "recall_at_5": 0.16
  }
}