{
  "dataset_revision": "6e346642246bfb4928c560ee08640dc84d074e8c",
  "mteb_dataset_name": "LEMBNeedleRetrieval",
  "mteb_version": "1.6.23",
  "test": {
    "evaluation_time": 90.48,
    "map_at_1": 0.12,
    "map_at_10": 0.26044,
    "map_at_100": 0.27574,
    "map_at_1000": 0.27574,
    "map_at_20": 0.27245,
    "map_at_3": 0.19,
    "map_at_5": 0.221,
    "mrr_at_1": 0.12,
    "mrr_at_10": 0.26044,
    "mrr_at_100": 0.27574,
    "mrr_at_1000": 0.27574,
    "mrr_at_20": 0.27245,
    "mrr_at_3": 0.19,
    "mrr_at_5": 0.221,
    "ndcg_at_1": 0.12,
    "ndcg_at_10": 0.36628,
    "ndcg_at_100": 0.43052,
    "ndcg_at_1000": 0.43052,
    "ndcg_at_20": 0.4079,
    "ndcg_at_3": 0.21309,
    "ndcg_at_5": 0.26988,
    "precision_at_1": 0.12,
    "precision_at_10": 0.072,
    "precision_at_100": 0.01,
    "precision_at_1000": 0.001,
    "precision_at_20": 0.044,
    "precision_at_3": 0.09333,
    "precision_at_5": 0.084,
    "recall_at_1": 0.12,
    "recall_at_10": 0.72,
    "recall_at_100": 1.0,
    "recall_at_1000": 1.0,
    "recall_at_20": 0.88,
    "recall_at_3": 0.28,
    "recall_at_5": 0.42
  }
}