{
  "dataset_revision": "6e346642246bfb4928c560ee08640dc84d074e8c",
  "mteb_dataset_name": "LEMBPasskeyRetrieval",
  "mteb_version": "1.6.23",
  "test": {
    "evaluation_time": 89.85,
    "map_at_1": 0.04,
    "map_at_10": 0.07786,
    "map_at_100": 0.10051,
    "map_at_1000": 0.10051,
    "map_at_20": 0.08545,
    "map_at_3": 0.06667,
    "map_at_5": 0.07167,
    "mrr_at_1": 0.04,
    "mrr_at_10": 0.07786,
    "mrr_at_100": 0.10051,
    "mrr_at_1000": 0.10051,
    "mrr_at_20": 0.08545,
    "mrr_at_3": 0.06667,
    "mrr_at_5": 0.07167,
    "ndcg_at_1": 0.04,
    "ndcg_at_10": 0.09764,
    "ndcg_at_100": 0.25407,
    "ndcg_at_1000": 0.25407,
    "ndcg_at_20": 0.1271,
    "ndcg_at_3": 0.07524,
    "ndcg_at_5": 0.08385,
    "precision_at_1": 0.04,
    "precision_at_10": 0.016,
    "precision_at_100": 0.01,
    "precision_at_1000": 0.001,
    "precision_at_20": 0.014,
    "precision_at_3": 0.03333,
    "precision_at_5": 0.024,
    "recall_at_1": 0.04,
    "recall_at_10": 0.16,
    "recall_at_100": 1.0,
    "recall_at_1000": 1.0,
    "recall_at_20": 0.28,
    "recall_at_3": 0.1,
    "recall_at_5": 0.12
  }
}