{
  "dataset_revision": "6e346642246bfb4928c560ee08640dc84d074e8c",
  "mteb_dataset_name": "LEMBPasskeyRetrieval",
  "mteb_version": "1.6.23",
  "test": {
    "evaluation_time": 0.03,
    "map_at_1": 0.24,
    "map_at_10": 0.50567,
    "map_at_100": 0.50587,
    "map_at_1000": 0.50587,
    "map_at_20": 0.50567,
    "map_at_3": 0.42667,
    "map_at_5": 0.50567,
    "mrr_at_1": 0.24,
    "mrr_at_10": 0.50567,
    "mrr_at_100": 0.50587,
    "mrr_at_1000": 0.50587,
    "mrr_at_20": 0.50567,
    "mrr_at_3": 0.42667,
    "mrr_at_5": 0.50567,
    "ndcg_at_1": 0.24,
    "ndcg_at_10": 0.62307,
    "ndcg_at_100": 0.62607,
    "ndcg_at_1000": 0.62607,
    "ndcg_at_20": 0.62307,
    "ndcg_at_3": 0.4819,
    "ndcg_at_5": 0.62307,
    "precision_at_1": 0.24,
    "precision_at_10": 0.098,
    "precision_at_100": 0.01,
    "precision_at_1000": 0.001,
    "precision_at_20": 0.049,
    "precision_at_3": 0.21333,
    "precision_at_5": 0.196,
    "recall_at_1": 0.24,
    "recall_at_10": 0.98,
    "recall_at_100": 1.0,
    "recall_at_1000": 1.0,
    "recall_at_20": 0.98,
    "recall_at_3": 0.64,
    "recall_at_5": 0.98
  }
}