{
  "dataset_revision": "6e346642246bfb4928c560ee08640dc84d074e8c",
  "mteb_dataset_name": "LEMBNeedleRetrieval",
  "mteb_version": "1.6.23",
  "test": {
    "evaluation_time": 0.07,
    "map_at_1": 0.14,
    "map_at_10": 0.22083,
    "map_at_100": 0.24561,
    "map_at_1000": 0.24561,
    "map_at_20": 0.23583,
    "map_at_3": 0.19667,
    "map_at_5": 0.20567,
    "mrr_at_1": 0.14,
    "mrr_at_10": 0.22083,
    "mrr_at_100": 0.24561,
    "mrr_at_1000": 0.24561,
    "mrr_at_20": 0.23583,
    "mrr_at_3": 0.19667,
    "mrr_at_5": 0.20567,
    "ndcg_at_1": 0.14,
    "ndcg_at_10": 0.26744,
    "ndcg_at_100": 0.39064,
    "ndcg_at_1000": 0.39064,
    "ndcg_at_20": 0.32271,
    "ndcg_at_3": 0.21309,
    "ndcg_at_5": 0.22944,
    "precision_at_1": 0.14,
    "precision_at_10": 0.042,
    "precision_at_100": 0.01,
    "precision_at_1000": 0.001,
    "precision_at_20": 0.032,
    "precision_at_3": 0.08667,
    "precision_at_5": 0.06,
    "recall_at_1": 0.14,
    "recall_at_10": 0.42,
    "recall_at_100": 1.0,
    "recall_at_1000": 1.0,
    "recall_at_20": 0.64,
    "recall_at_3": 0.26,
    "recall_at_5": 0.3
  }
}