{
  "dataset_revision": "6e346642246bfb4928c560ee08640dc84d074e8c",
  "mteb_dataset_name": "LEMBNeedleRetrieval",
  "mteb_version": "1.6.23",
  "test": {
    "evaluation_time": 1.37,
    "map_at_1": 0.58,
    "map_at_10": 0.70667,
    "map_at_100": 0.70958,
    "map_at_1000": 0.70958,
    "map_at_20": 0.70958,
    "map_at_3": 0.68,
    "map_at_5": 0.696,
    "mrr_at_1": 0.58,
    "mrr_at_10": 0.70667,
    "mrr_at_100": 0.70958,
    "mrr_at_1000": 0.70958,
    "mrr_at_20": 0.70958,
    "mrr_at_3": 0.68,
    "mrr_at_5": 0.696,
    "ndcg_at_1": 0.58,
    "ndcg_at_10": 0.76771,
    "ndcg_at_100": 0.77801,
    "ndcg_at_1000": 0.77801,
    "ndcg_at_20": 0.77801,
    "ndcg_at_3": 0.71095,
    "ndcg_at_5": 0.7419,
    "precision_at_1": 0.58,
    "precision_at_10": 0.096,
    "precision_at_100": 0.01,
    "precision_at_1000": 0.001,
    "precision_at_20": 0.05,
    "precision_at_3": 0.26667,
    "precision_at_5": 0.176,
    "recall_at_1": 0.58,
    "recall_at_10": 0.96,
    "recall_at_100": 1.0,
    "recall_at_1000": 1.0,
    "recall_at_20": 1.0,
    "recall_at_3": 0.8,
    "recall_at_5": 0.88
  }
}