{
  "dataset_revision": "6e346642246bfb4928c560ee08640dc84d074e8c",
  "mteb_dataset_name": "LEMBNeedleRetrieval",
  "mteb_version": "1.6.23",
  "test": {
    "evaluation_time": 0.01,
    "map_at_1": 0.58,
    "map_at_10": 0.67052,
    "map_at_100": 0.67889,
    "map_at_1000": 0.67889,
    "map_at_20": 0.67788,
    "map_at_3": 0.64333,
    "map_at_5": 0.66233,
    "mrr_at_1": 0.58,
    "mrr_at_10": 0.67052,
    "mrr_at_100": 0.67889,
    "mrr_at_1000": 0.67889,
    "mrr_at_20": 0.67788,
    "mrr_at_3": 0.64333,
    "mrr_at_5": 0.66233,
    "ndcg_at_1": 0.58,
    "ndcg_at_10": 0.71624,
    "ndcg_at_100": 0.74941,
    "ndcg_at_1000": 0.74941,
    "ndcg_at_20": 0.74206,
    "ndcg_at_3": 0.66309,
    "ndcg_at_5": 0.69667,
    "precision_at_1": 0.58,
    "precision_at_10": 0.086,
    "precision_at_100": 0.01,
    "precision_at_1000": 0.001,
    "precision_at_20": 0.048,
    "precision_at_3": 0.24,
    "precision_at_5": 0.16,
    "recall_at_1": 0.58,
    "recall_at_10": 0.86,
    "recall_at_100": 1.0,
    "recall_at_1000": 1.0,
    "recall_at_20": 0.96,
    "recall_at_3": 0.72,
    "recall_at_5": 0.8
  }
}