{
  "dataset_revision": "6e346642246bfb4928c560ee08640dc84d074e8c",
  "mteb_dataset_name": "LEMBPasskeyRetrieval",
  "mteb_version": "1.6.23",
  "test": {
    "evaluation_time": 16.75,
    "map_at_1": 0.0,
    "map_at_10": 0.02713,
    "map_at_100": 0.05255,
    "map_at_1000": 0.05255,
    "map_at_20": 0.03377,
    "map_at_3": 0.01333,
    "map_at_5": 0.01733,
    "mrr_at_1": 0.0,
    "mrr_at_10": 0.02713,
    "mrr_at_100": 0.05255,
    "mrr_at_1000": 0.05255,
    "mrr_at_20": 0.03377,
    "mrr_at_3": 0.01333,
    "mrr_at_5": 0.01733,
    "ndcg_at_1": 0.0,
    "ndcg_at_10": 0.05275,
    "ndcg_at_100": 0.21661,
    "ndcg_at_1000": 0.21661,
    "ndcg_at_20": 0.07429,
    "ndcg_at_3": 0.02,
    "ndcg_at_5": 0.02774,
    "precision_at_1": 0.0,
    "precision_at_10": 0.014,
    "precision_at_100": 0.01,
    "precision_at_1000": 0.001,
    "precision_at_20": 0.011,
    "precision_at_3": 0.01333,
    "precision_at_5": 0.012,
    "recall_at_1": 0.0,
    "recall_at_10": 0.14,
    "recall_at_100": 1.0,
    "recall_at_1000": 1.0,
    "recall_at_20": 0.22,
    "recall_at_3": 0.04,
    "recall_at_5": 0.06
  }
}