{
  "dataset_revision": "6e346642246bfb4928c560ee08640dc84d074e8c",
  "mteb_dataset_name": "LEMBNeedleRetrieval",
  "mteb_version": "1.6.23",
  "test": {
    "evaluation_time": 17.68,
    "map_at_1": 0.1,
    "map_at_10": 0.15628,
    "map_at_100": 0.18267,
    "map_at_1000": 0.18267,
    "map_at_20": 0.17076,
    "map_at_3": 0.13667,
    "map_at_5": 0.14067,
    "mrr_at_1": 0.1,
    "mrr_at_10": 0.15628,
    "mrr_at_100": 0.18267,
    "mrr_at_1000": 0.18267,
    "mrr_at_20": 0.17076,
    "mrr_at_3": 0.13667,
    "mrr_at_5": 0.14067,
    "ndcg_at_1": 0.1,
    "ndcg_at_10": 0.19397,
    "ndcg_at_100": 0.33404,
    "ndcg_at_1000": 0.33404,
    "ndcg_at_20": 0.24859,
    "ndcg_at_3": 0.14786,
    "ndcg_at_5": 0.15559,
    "precision_at_1": 0.1,
    "precision_at_10": 0.032,
    "precision_at_100": 0.01,
    "precision_at_1000": 0.001,
    "precision_at_20": 0.027,
    "precision_at_3": 0.06,
    "precision_at_5": 0.04,
    "recall_at_1": 0.1,
    "recall_at_10": 0.32,
    "recall_at_100": 1.0,
    "recall_at_1000": 1.0,
    "recall_at_20": 0.54,
    "recall_at_3": 0.18,
    "recall_at_5": 0.2
  }
}