{
  "dataset_revision": "6e346642246bfb4928c560ee08640dc84d074e8c",
  "mteb_dataset_name": "LEMBPasskeyRetrieval",
  "mteb_version": "1.6.23",
  "test": {
    "evaluation_time": 5.3,
    "map_at_1": 0.22,
    "map_at_10": 0.22,
    "map_at_100": 0.23513,
    "map_at_1000": 0.23513,
    "map_at_20": 0.22,
    "map_at_3": 0.22,
    "map_at_5": 0.22,
    "mrr_at_1": 0.22,
    "mrr_at_10": 0.22,
    "mrr_at_100": 0.23493,
    "mrr_at_1000": 0.23493,
    "mrr_at_20": 0.22,
    "mrr_at_3": 0.22,
    "mrr_at_5": 0.22,
    "ndcg_at_1": 0.22,
    "ndcg_at_10": 0.22,
    "ndcg_at_100": 0.3547,
    "ndcg_at_1000": 0.3547,
    "ndcg_at_20": 0.22,
    "ndcg_at_3": 0.22,
    "ndcg_at_5": 0.22,
    "precision_at_1": 0.22,
    "precision_at_10": 0.022,
    "precision_at_100": 0.01,
    "precision_at_1000": 0.001,
    "precision_at_20": 0.011,
    "precision_at_3": 0.07333,
    "precision_at_5": 0.044,
    "recall_at_1": 0.22,
    "recall_at_10": 0.22,
    "recall_at_100": 1.0,
    "recall_at_1000": 1.0,
    "recall_at_20": 0.22,
    "recall_at_3": 0.22,
    "recall_at_5": 0.22
  }
}