{
  "dataset_revision": "6e346642246bfb4928c560ee08640dc84d074e8c",
  "mteb_dataset_name": "LEMBPasskeyRetrieval",
  "mteb_version": "1.6.23",
  "test": {
    "evaluation_time": 29.68,
    "map_at_1": 0.32,
    "map_at_10": 0.32,
    "map_at_100": 0.33209,
    "map_at_1000": 0.33209,
    "map_at_20": 0.32,
    "map_at_3": 0.32,
    "map_at_5": 0.32,
    "mrr_at_1": 0.32,
    "mrr_at_10": 0.32,
    "mrr_at_100": 0.33152,
    "mrr_at_1000": 0.33152,
    "mrr_at_20": 0.32,
    "mrr_at_3": 0.32,
    "mrr_at_5": 0.32,
    "ndcg_at_1": 0.32,
    "ndcg_at_10": 0.32,
    "ndcg_at_100": 0.43556,
    "ndcg_at_1000": 0.43556,
    "ndcg_at_20": 0.32,
    "ndcg_at_3": 0.32,
    "ndcg_at_5": 0.32,
    "precision_at_1": 0.32,
    "precision_at_10": 0.032,
    "precision_at_100": 0.01,
    "precision_at_1000": 0.001,
    "precision_at_20": 0.016,
    "precision_at_3": 0.10667,
    "precision_at_5": 0.064,
    "recall_at_1": 0.32,
    "recall_at_10": 0.32,
    "recall_at_100": 1.0,
    "recall_at_1000": 1.0,
    "recall_at_20": 0.32,
    "recall_at_3": 0.32,
    "recall_at_5": 0.32
  }
}