{
  "dataset_revision": "6e346642246bfb4928c560ee08640dc84d074e8c",
  "mteb_dataset_name": "LEMBNeedleRetrieval",
  "mteb_version": "1.6.23",
  "test": {
    "evaluation_time": 31.66,
    "map_at_1": 0.08,
    "map_at_10": 0.14386,
    "map_at_100": 0.16425,
    "map_at_1000": 0.16425,
    "map_at_20": 0.149,
    "map_at_3": 0.12333,
    "map_at_5": 0.13233,
    "mrr_at_1": 0.08,
    "mrr_at_10": 0.13256,
    "mrr_at_100": 0.15154,
    "mrr_at_1000": 0.15154,
    "mrr_at_20": 0.13478,
    "mrr_at_3": 0.12333,
    "mrr_at_5": 0.12833,
    "ndcg_at_1": 0.08,
    "ndcg_at_10": 0.1809,
    "ndcg_at_100": 0.31458,
    "ndcg_at_1000": 0.31458,
    "ndcg_at_20": 0.20062,
    "ndcg_at_3": 0.13786,
    "ndcg_at_5": 0.15421,
    "precision_at_1": 0.08,
    "precision_at_10": 0.03,
    "precision_at_100": 0.01,
    "precision_at_1000": 0.001,
    "precision_at_20": 0.019,
    "precision_at_3": 0.06,
    "precision_at_5": 0.044,
    "recall_at_1": 0.08,
    "recall_at_10": 0.3,
    "recall_at_100": 1.0,
    "recall_at_1000": 1.0,
    "recall_at_20": 0.38,
    "recall_at_3": 0.18,
    "recall_at_5": 0.22
  }
}