{
  "dataset_revision": "6e346642246bfb4928c560ee08640dc84d074e8c",
  "mteb_dataset_name": "LEMBPasskeyRetrieval",
  "mteb_version": "1.6.23",
  "test": {
    "evaluation_time": 0.01,
    "map_at_1": 0.16,
    "map_at_10": 0.409,
    "map_at_100": 0.409,
    "map_at_1000": 0.409,
    "map_at_20": 0.409,
    "map_at_3": 0.29667,
    "map_at_5": 0.40567,
    "mrr_at_1": 0.16,
    "mrr_at_10": 0.409,
    "mrr_at_100": 0.409,
    "mrr_at_1000": 0.409,
    "mrr_at_20": 0.409,
    "mrr_at_3": 0.29667,
    "mrr_at_5": 0.40567,
    "ndcg_at_1": 0.16,
    "ndcg_at_10": 0.55254,
    "ndcg_at_100": 0.55254,
    "ndcg_at_1000": 0.55254,
    "ndcg_at_20": 0.55254,
    "ndcg_at_3": 0.34833,
    "ndcg_at_5": 0.54541,
    "precision_at_1": 0.16,
    "precision_at_10": 0.1,
    "precision_at_100": 0.01,
    "precision_at_1000": 0.001,
    "precision_at_20": 0.05,
    "precision_at_3": 0.16667,
    "precision_at_5": 0.196,
    "recall_at_1": 0.16,
    "recall_at_10": 1.0,
    "recall_at_100": 1.0,
    "recall_at_1000": 1.0,
    "recall_at_20": 1.0,
    "recall_at_3": 0.5,
    "recall_at_5": 0.98
  }
}