{
  "dataset_revision": "6e346642246bfb4928c560ee08640dc84d074e8c",
  "mteb_dataset_name": "LEMBNeedleRetrieval",
  "mteb_version": "1.6.23",
  "test": {
    "evaluation_time": 0.05,
    "map_at_1": 0.2,
    "map_at_10": 0.31305,
    "map_at_100": 0.33396,
    "map_at_1000": 0.33396,
    "map_at_20": 0.33008,
    "map_at_3": 0.27667,
    "map_at_5": 0.29367,
    "mrr_at_1": 0.2,
    "mrr_at_10": 0.31305,
    "mrr_at_100": 0.33396,
    "mrr_at_1000": 0.33396,
    "mrr_at_20": 0.33008,
    "mrr_at_3": 0.27667,
    "mrr_at_5": 0.29367,
    "ndcg_at_1": 0.2,
    "ndcg_at_10": 0.3809,
    "ndcg_at_100": 0.47119,
    "ndcg_at_1000": 0.47119,
    "ndcg_at_20": 0.44202,
    "ndcg_at_3": 0.30309,
    "ndcg_at_5": 0.33492,
    "precision_at_1": 0.2,
    "precision_at_10": 0.06,
    "precision_at_100": 0.01,
    "precision_at_1000": 0.001,
    "precision_at_20": 0.042,
    "precision_at_3": 0.12667,
    "precision_at_5": 0.092,
    "recall_at_1": 0.2,
    "recall_at_10": 0.6,
    "recall_at_100": 1.0,
    "recall_at_1000": 1.0,
    "recall_at_20": 0.84,
    "recall_at_3": 0.38,
    "recall_at_5": 0.46
  }
}