{
  "dataset_revision": "6e346642246bfb4928c560ee08640dc84d074e8c",
  "mteb_dataset_name": "LEMBNeedleRetrieval",
  "mteb_version": "1.6.23",
  "test": {
    "evaluation_time": 0.01,
    "map_at_1": 0.26,
    "map_at_10": 0.39963,
    "map_at_100": 0.41377,
    "map_at_1000": 0.41377,
    "map_at_20": 0.40941,
    "map_at_3": 0.36,
    "map_at_5": 0.383,
    "mrr_at_1": 0.26,
    "mrr_at_10": 0.39963,
    "mrr_at_100": 0.41377,
    "mrr_at_1000": 0.41377,
    "mrr_at_20": 0.40941,
    "mrr_at_3": 0.36,
    "mrr_at_5": 0.383,
    "ndcg_at_1": 0.26,
    "ndcg_at_10": 0.47172,
    "ndcg_at_100": 0.53756,
    "ndcg_at_1000": 0.53756,
    "ndcg_at_20": 0.50722,
    "ndcg_at_3": 0.39095,
    "ndcg_at_5": 0.43226,
    "precision_at_1": 0.26,
    "precision_at_10": 0.07,
    "precision_at_100": 0.01,
    "precision_at_1000": 0.001,
    "precision_at_20": 0.042,
    "precision_at_3": 0.16,
    "precision_at_5": 0.116,
    "recall_at_1": 0.26,
    "recall_at_10": 0.7,
    "recall_at_100": 1.0,
    "recall_at_1000": 1.0,
    "recall_at_20": 0.84,
    "recall_at_3": 0.48,
    "recall_at_5": 0.58
  }
}