{
  "dataset_revision": "6e346642246bfb4928c560ee08640dc84d074e8c",
  "mteb_dataset_name": "LEMBNeedleRetrieval",
  "mteb_version": "1.6.23",
  "test": {
    "evaluation_time": 34.87,
    "map_at_1": 0.3,
    "map_at_10": 0.46902,
    "map_at_100": 0.47718,
    "map_at_1000": 0.47718,
    "map_at_20": 0.47554,
    "map_at_3": 0.43667,
    "map_at_5": 0.44867,
    "mrr_at_1": 0.3,
    "mrr_at_10": 0.46902,
    "mrr_at_100": 0.47718,
    "mrr_at_1000": 0.47718,
    "mrr_at_20": 0.47554,
    "mrr_at_3": 0.43667,
    "mrr_at_5": 0.44867,
    "ndcg_at_1": 0.3,
    "ndcg_at_10": 0.55751,
    "ndcg_at_100": 0.59368,
    "ndcg_at_1000": 0.59368,
    "ndcg_at_20": 0.58227,
    "ndcg_at_3": 0.48357,
    "ndcg_at_5": 0.50678,
    "precision_at_1": 0.3,
    "precision_at_10": 0.084,
    "precision_at_100": 0.01,
    "precision_at_1000": 0.001,
    "precision_at_20": 0.047,
    "precision_at_3": 0.20667,
    "precision_at_5": 0.136,
    "recall_at_1": 0.3,
    "recall_at_10": 0.84,
    "recall_at_100": 1.0,
    "recall_at_1000": 1.0,
    "recall_at_20": 0.94,
    "recall_at_3": 0.62,
    "recall_at_5": 0.68
  }
}