{
  "dataset_revision": "6e346642246bfb4928c560ee08640dc84d074e8c",
  "mteb_dataset_name": "LEMBPasskeyRetrieval",
  "mteb_version": "1.6.23",
  "test": {
    "evaluation_time": 35.48,
    "map_at_1": 0.12,
    "map_at_10": 0.14833,
    "map_at_100": 0.17009,
    "map_at_1000": 0.17009,
    "map_at_20": 0.1572,
    "map_at_3": 0.14333,
    "map_at_5": 0.14833,
    "mrr_at_1": 0.12,
    "mrr_at_10": 0.14833,
    "mrr_at_100": 0.17009,
    "mrr_at_1000": 0.17009,
    "mrr_at_20": 0.1572,
    "mrr_at_3": 0.14333,
    "mrr_at_5": 0.14833,
    "ndcg_at_1": 0.12,
    "ndcg_at_10": 0.16123,
    "ndcg_at_100": 0.3102,
    "ndcg_at_1000": 0.3102,
    "ndcg_at_20": 0.19884,
    "ndcg_at_3": 0.15262,
    "ndcg_at_5": 0.16123,
    "precision_at_1": 0.12,
    "precision_at_10": 0.02,
    "precision_at_100": 0.01,
    "precision_at_1000": 0.001,
    "precision_at_20": 0.018,
    "precision_at_3": 0.06,
    "precision_at_5": 0.04,
    "recall_at_1": 0.12,
    "recall_at_10": 0.2,
    "recall_at_100": 1.0,
    "recall_at_1000": 1.0,
    "recall_at_20": 0.36,
    "recall_at_3": 0.18,
    "recall_at_5": 0.2
  }
}