{
  "dataset_revision": "6e346642246bfb4928c560ee08640dc84d074e8c",
  "mteb_dataset_name": "LEMBNeedleRetrieval",
  "mteb_version": "1.6.23",
  "test": {
    "evaluation_time": 0.02,
    "map_at_1": 0.04,
    "map_at_10": 0.07233,
    "map_at_100": 0.09355,
    "map_at_1000": 0.09355,
    "map_at_20": 0.08096,
    "map_at_3": 0.06,
    "map_at_5": 0.065,
    "mrr_at_1": 0.04,
    "mrr_at_10": 0.07506,
    "mrr_at_100": 0.09525,
    "mrr_at_1000": 0.09525,
    "mrr_at_20": 0.08421,
    "mrr_at_3": 0.06,
    "mrr_at_5": 0.065,
    "ndcg_at_1": 0.04,
    "ndcg_at_10": 0.0973,
    "ndcg_at_100": 0.24661,
    "ndcg_at_1000": 0.24661,
    "ndcg_at_20": 0.12801,
    "ndcg_at_3": 0.07,
    "ndcg_at_5": 0.07861,
    "precision_at_1": 0.04,
    "precision_at_10": 0.018,
    "precision_at_100": 0.01,
    "precision_at_1000": 0.001,
    "precision_at_20": 0.015,
    "precision_at_3": 0.03333,
    "precision_at_5": 0.024,
    "recall_at_1": 0.04,
    "recall_at_10": 0.18,
    "recall_at_100": 1.0,
    "recall_at_1000": 1.0,
    "recall_at_20": 0.3,
    "recall_at_3": 0.1,
    "recall_at_5": 0.12
  }
}