{
  "dataset_revision": "6e346642246bfb4928c560ee08640dc84d074e8c",
  "mteb_dataset_name": "LEMBNeedleRetrieval",
  "mteb_version": "1.6.23",
  "test": {
    "evaluation_time": 0.02,
    "map_at_1": 0.04,
    "map_at_10": 0.04786,
    "map_at_100": 0.06925,
    "map_at_1000": 0.06925,
    "map_at_20": 0.05279,
    "map_at_3": 0.04,
    "map_at_5": 0.045,
    "mrr_at_1": 0.04,
    "mrr_at_10": 0.04956,
    "mrr_at_100": 0.07516,
    "mrr_at_1000": 0.07516,
    "mrr_at_20": 0.05745,
    "mrr_at_3": 0.04,
    "mrr_at_5": 0.044,
    "ndcg_at_1": 0.04,
    "ndcg_at_10": 0.05528,
    "ndcg_at_100": 0.22032,
    "ndcg_at_1000": 0.22032,
    "ndcg_at_20": 0.07475,
    "ndcg_at_3": 0.04,
    "ndcg_at_5": 0.04861,
    "precision_at_1": 0.04,
    "precision_at_10": 0.008,
    "precision_at_100": 0.01,
    "precision_at_1000": 0.001,
    "precision_at_20": 0.008,
    "precision_at_3": 0.01333,
    "precision_at_5": 0.012,
    "recall_at_1": 0.04,
    "recall_at_10": 0.08,
    "recall_at_100": 1.0,
    "recall_at_1000": 1.0,
    "recall_at_20": 0.16,
    "recall_at_3": 0.04,
    "recall_at_5": 0.06
  }
}