{
  "dataset_revision": "6e346642246bfb4928c560ee08640dc84d074e8c",
  "mteb_dataset_name": "LEMBNeedleRetrieval",
  "mteb_version": "1.6.23",
  "test": {
    "evaluation_time": 55.58,
    "map_at_1": 0.0,
    "map_at_10": 0.05575,
    "map_at_100": 0.07672,
    "map_at_1000": 0.07672,
    "map_at_20": 0.06305,
    "map_at_3": 0.04333,
    "map_at_5": 0.04333,
    "mrr_at_1": 0.0,
    "mrr_at_10": 0.04383,
    "mrr_at_100": 0.06348,
    "mrr_at_1000": 0.06348,
    "mrr_at_20": 0.04537,
    "mrr_at_3": 0.03333,
    "mrr_at_5": 0.03733,
    "ndcg_at_1": 0.0,
    "ndcg_at_10": 0.08923,
    "ndcg_at_100": 0.23593,
    "ndcg_at_1000": 0.23593,
    "ndcg_at_20": 0.11496,
    "ndcg_at_3": 0.05786,
    "ndcg_at_5": 0.05786,
    "precision_at_1": 0.0,
    "precision_at_10": 0.02,
    "precision_at_100": 0.01,
    "precision_at_1000": 0.001,
    "precision_at_20": 0.015,
    "precision_at_3": 0.03333,
    "precision_at_5": 0.02,
    "recall_at_1": 0.0,
    "recall_at_10": 0.2,
    "recall_at_100": 1.0,
    "recall_at_1000": 1.0,
    "recall_at_20": 0.3,
    "recall_at_3": 0.1,
    "recall_at_5": 0.1
  }
}