{
  "dataset_revision": "6e346642246bfb4928c560ee08640dc84d074e8c",
  "mteb_dataset_name": "LEMBPasskeyRetrieval",
  "mteb_version": "1.6.23",
  "test": {
    "evaluation_time": 56.24,
    "map_at_1": 0.02,
    "map_at_10": 0.043,
    "map_at_100": 0.06286,
    "map_at_1000": 0.06286,
    "map_at_20": 0.04636,
    "map_at_3": 0.03,
    "map_at_5": 0.039,
    "mrr_at_1": 0.02,
    "mrr_at_10": 0.041,
    "mrr_at_100": 0.06347,
    "mrr_at_1000": 0.06347,
    "mrr_at_20": 0.04769,
    "mrr_at_3": 0.03,
    "mrr_at_5": 0.039,
    "ndcg_at_1": 0.02,
    "ndcg_at_10": 0.06053,
    "ndcg_at_100": 0.21761,
    "ndcg_at_1000": 0.21761,
    "ndcg_at_20": 0.07469,
    "ndcg_at_3": 0.03262,
    "ndcg_at_5": 0.04897,
    "precision_at_1": 0.02,
    "precision_at_10": 0.012,
    "precision_at_100": 0.01,
    "precision_at_1000": 0.001,
    "precision_at_20": 0.009,
    "precision_at_3": 0.01333,
    "precision_at_5": 0.016,
    "recall_at_1": 0.02,
    "recall_at_10": 0.12,
    "recall_at_100": 1.0,
    "recall_at_1000": 1.0,
    "recall_at_20": 0.18,
    "recall_at_3": 0.04,
    "recall_at_5": 0.08
  }
}