{
  "dataset_revision": "6e346642246bfb4928c560ee08640dc84d074e8c",
  "mteb_dataset_name": "LEMBPasskeyRetrieval",
  "mteb_version": "1.6.23",
  "test": {
    "evaluation_time": 152.43,
    "map_at_1": 0.16,
    "map_at_10": 0.288,
    "map_at_100": 0.30581,
    "map_at_1000": 0.30581,
    "map_at_20": 0.2944,
    "map_at_3": 0.26,
    "map_at_5": 0.283,
    "mrr_at_1": 0.16,
    "mrr_at_10": 0.288,
    "mrr_at_100": 0.30581,
    "mrr_at_1000": 0.30581,
    "mrr_at_20": 0.2944,
    "mrr_at_3": 0.26,
    "mrr_at_5": 0.283,
    "ndcg_at_1": 0.16,
    "ndcg_at_10": 0.34488,
    "ndcg_at_100": 0.44371,
    "ndcg_at_1000": 0.44371,
    "ndcg_at_20": 0.36952,
    "ndcg_at_3": 0.29095,
    "ndcg_at_5": 0.33226,
    "precision_at_1": 0.16,
    "precision_at_10": 0.052,
    "precision_at_100": 0.01,
    "precision_at_1000": 0.001,
    "precision_at_20": 0.031,
    "precision_at_3": 0.12667,
    "precision_at_5": 0.096,
    "recall_at_1": 0.16,
    "recall_at_10": 0.52,
    "recall_at_100": 1.0,
    "recall_at_1000": 1.0,
    "recall_at_20": 0.62,
    "recall_at_3": 0.38,
    "recall_at_5": 0.48
  }
}