{
  "dataset_revision": "6e346642246bfb4928c560ee08640dc84d074e8c",
  "mteb_dataset_name": "LEMBNeedleRetrieval",
  "mteb_version": "1.6.23",
  "test": {
    "evaluation_time": 148.2,
    "map_at_1": 0.3,
    "map_at_10": 0.50844,
    "map_at_100": 0.51233,
    "map_at_1000": 0.51233,
    "map_at_20": 0.51081,
    "map_at_3": 0.45,
    "map_at_5": 0.497,
    "mrr_at_1": 0.3,
    "mrr_at_10": 0.50844,
    "mrr_at_100": 0.51233,
    "mrr_at_1000": 0.51233,
    "mrr_at_20": 0.51081,
    "mrr_at_3": 0.45,
    "mrr_at_5": 0.497,
    "ndcg_at_1": 0.3,
    "ndcg_at_10": 0.60799,
    "ndcg_at_100": 0.62597,
    "ndcg_at_1000": 0.62597,
    "ndcg_at_20": 0.61759,
    "ndcg_at_3": 0.49404,
    "ndcg_at_5": 0.57755,
    "precision_at_1": 0.3,
    "precision_at_10": 0.092,
    "precision_at_100": 0.01,
    "precision_at_1000": 0.001,
    "precision_at_20": 0.048,
    "precision_at_3": 0.20667,
    "precision_at_5": 0.164,
    "recall_at_1": 0.3,
    "recall_at_10": 0.92,
    "recall_at_100": 1.0,
    "recall_at_1000": 1.0,
    "recall_at_20": 0.96,
    "recall_at_3": 0.62,
    "recall_at_5": 0.82
  }
}