{
  "dataset_revision": "6e346642246bfb4928c560ee08640dc84d074e8c",
  "mteb_dataset_name": "LEMBNeedleRetrieval",
  "mteb_version": "1.6.23",
  "test": {
    "evaluation_time": 6.03,
    "map_at_1": 0.18,
    "map_at_10": 0.18,
    "map_at_100": 0.19767,
    "map_at_1000": 0.19767,
    "map_at_20": 0.18265,
    "map_at_3": 0.18,
    "map_at_5": 0.18,
    "mrr_at_1": 0.18,
    "mrr_at_10": 0.18,
    "mrr_at_100": 0.20123,
    "mrr_at_1000": 0.20123,
    "mrr_at_20": 0.18561,
    "mrr_at_3": 0.18,
    "mrr_at_5": 0.18,
    "ndcg_at_1": 0.18,
    "ndcg_at_10": 0.18,
    "ndcg_at_100": 0.32442,
    "ndcg_at_1000": 0.32442,
    "ndcg_at_20": 0.18996,
    "ndcg_at_3": 0.18,
    "ndcg_at_5": 0.18,
    "precision_at_1": 0.18,
    "precision_at_10": 0.018,
    "precision_at_100": 0.01,
    "precision_at_1000": 0.001,
    "precision_at_20": 0.011,
    "precision_at_3": 0.06,
    "precision_at_5": 0.036,
    "recall_at_1": 0.18,
    "recall_at_10": 0.18,
    "recall_at_100": 1.0,
    "recall_at_1000": 1.0,
    "recall_at_20": 0.22,
    "recall_at_3": 0.18,
    "recall_at_5": 0.18
  }
}