{
  "dataset_revision": "6e346642246bfb4928c560ee08640dc84d074e8c",
  "mteb_dataset_name": "LEMBPasskeyRetrieval",
  "mteb_version": "1.6.23",
  "test": {
    "evaluation_time": 12.44,
    "map_at_1": 0.2,
    "map_at_10": 0.29294,
    "map_at_100": 0.30608,
    "map_at_1000": 0.30608,
    "map_at_20": 0.29924,
    "map_at_3": 0.26,
    "map_at_5": 0.273,
    "mrr_at_1": 0.2,
    "mrr_at_10": 0.29294,
    "mrr_at_100": 0.30608,
    "mrr_at_1000": 0.30608,
    "mrr_at_20": 0.29924,
    "mrr_at_3": 0.26,
    "mrr_at_5": 0.273,
    "ndcg_at_1": 0.2,
    "ndcg_at_10": 0.34631,
    "ndcg_at_100": 0.43451,
    "ndcg_at_1000": 0.43451,
    "ndcg_at_20": 0.36746,
    "ndcg_at_3": 0.27571,
    "ndcg_at_5": 0.2998,
    "precision_at_1": 0.2,
    "precision_at_10": 0.052,
    "precision_at_100": 0.01,
    "precision_at_1000": 0.001,
    "precision_at_20": 0.03,
    "precision_at_3": 0.10667,
    "precision_at_5": 0.076,
    "recall_at_1": 0.2,
    "recall_at_10": 0.52,
    "recall_at_100": 1.0,
    "recall_at_1000": 1.0,
    "recall_at_20": 0.6,
    "recall_at_3": 0.32,
    "recall_at_5": 0.38
  }
}