{
  "dataset_revision": "6e346642246bfb4928c560ee08640dc84d074e8c",
  "mteb_dataset_name": "LEMBNeedleRetrieval",
  "mteb_version": "1.6.23",
  "test": {
    "evaluation_time": 12.24,
    "map_at_1": 0.48,
    "map_at_10": 0.60456,
    "map_at_100": 0.61173,
    "map_at_1000": 0.61173,
    "map_at_20": 0.60804,
    "map_at_3": 0.58,
    "map_at_5": 0.599,
    "mrr_at_1": 0.48,
    "mrr_at_10": 0.60456,
    "mrr_at_100": 0.61173,
    "mrr_at_1000": 0.61173,
    "mrr_at_20": 0.60804,
    "mrr_at_3": 0.58,
    "mrr_at_5": 0.599,
    "ndcg_at_1": 0.48,
    "ndcg_at_10": 0.66243,
    "ndcg_at_100": 0.69692,
    "ndcg_at_1000": 0.69692,
    "ndcg_at_20": 0.67342,
    "ndcg_at_3": 0.61571,
    "ndcg_at_5": 0.64929,
    "precision_at_1": 0.48,
    "precision_at_10": 0.084,
    "precision_at_100": 0.01,
    "precision_at_1000": 0.001,
    "precision_at_20": 0.044,
    "precision_at_3": 0.24,
    "precision_at_5": 0.16,
    "recall_at_1": 0.48,
    "recall_at_10": 0.84,
    "recall_at_100": 1.0,
    "recall_at_1000": 1.0,
    "recall_at_20": 0.88,
    "recall_at_3": 0.72,
    "recall_at_5": 0.8
  }
}