{
  "dataset_revision": "6e346642246bfb4928c560ee08640dc84d074e8c",
  "mteb_dataset_name": "LEMBNeedleRetrieval",
  "mteb_version": "1.6.23",
  "test": {
    "evaluation_time": 84.57,
    "map_at_1": 0.08,
    "map_at_10": 0.0925,
    "map_at_100": 0.1152,
    "map_at_1000": 0.1152,
    "map_at_20": 0.102,
    "map_at_3": 0.08,
    "map_at_5": 0.088,
    "mrr_at_1": 0.08,
    "mrr_at_10": 0.09591,
    "mrr_at_100": 0.1194,
    "mrr_at_1000": 0.1194,
    "mrr_at_20": 0.10349,
    "mrr_at_3": 0.08,
    "mrr_at_5": 0.085,
    "ndcg_at_1": 0.08,
    "ndcg_at_10": 0.10756,
    "ndcg_at_100": 0.26317,
    "ndcg_at_1000": 0.26317,
    "ndcg_at_20": 0.14266,
    "ndcg_at_3": 0.08,
    "ndcg_at_5": 0.09547,
    "precision_at_1": 0.08,
    "precision_at_10": 0.016,
    "precision_at_100": 0.01,
    "precision_at_1000": 0.001,
    "precision_at_20": 0.015,
    "precision_at_3": 0.02667,
    "precision_at_5": 0.024,
    "recall_at_1": 0.08,
    "recall_at_10": 0.16,
    "recall_at_100": 1.0,
    "recall_at_1000": 1.0,
    "recall_at_20": 0.3,
    "recall_at_3": 0.08,
    "recall_at_5": 0.12
  }
}