{
  "dataset_revision": "6e346642246bfb4928c560ee08640dc84d074e8c",
  "mteb_dataset_name": "LEMBNeedleRetrieval",
  "mteb_version": "1.6.23",
  "test": {
    "evaluation_time": 29.76,
    "map_at_1": 0.0,
    "map_at_10": 0.004,
    "map_at_100": 0.03164,
    "map_at_1000": 0.03164,
    "map_at_20": 0.01311,
    "map_at_3": 0.0,
    "map_at_5": 0.004,
    "mrr_at_1": 0.0,
    "mrr_at_10": 0.004,
    "mrr_at_100": 0.03056,
    "mrr_at_1000": 0.03056,
    "mrr_at_20": 0.01235,
    "mrr_at_3": 0.0,
    "mrr_at_5": 0.004,
    "ndcg_at_1": 0.0,
    "ndcg_at_10": 0.00774,
    "ndcg_at_100": 0.19221,
    "ndcg_at_1000": 0.19221,
    "ndcg_at_20": 0.04242,
    "ndcg_at_3": 0.0,
    "ndcg_at_5": 0.00774,
    "precision_at_1": 0.0,
    "precision_at_10": 0.002,
    "precision_at_100": 0.01,
    "precision_at_1000": 0.001,
    "precision_at_20": 0.008,
    "precision_at_3": 0.0,
    "precision_at_5": 0.004,
    "recall_at_1": 0.0,
    "recall_at_10": 0.02,
    "recall_at_100": 1.0,
    "recall_at_1000": 1.0,
    "recall_at_20": 0.16,
    "recall_at_3": 0.0,
    "recall_at_5": 0.02
  }
}