{
  "dataset_revision": "6e346642246bfb4928c560ee08640dc84d074e8c",
  "mteb_dataset_name": "LEMBPasskeyRetrieval",
  "mteb_version": "1.6.23",
  "test": {
    "evaluation_time": 31.34,
    "map_at_1": 0.04,
    "map_at_10": 0.05589,
    "map_at_100": 0.07854,
    "map_at_1000": 0.07854,
    "map_at_20": 0.06387,
    "map_at_3": 0.04667,
    "map_at_5": 0.05167,
    "mrr_at_1": 0.04,
    "mrr_at_10": 0.06436,
    "mrr_at_100": 0.08679,
    "mrr_at_1000": 0.08679,
    "mrr_at_20": 0.06977,
    "mrr_at_3": 0.05,
    "mrr_at_5": 0.059,
    "ndcg_at_1": 0.04,
    "ndcg_at_10": 0.07042,
    "ndcg_at_100": 0.23148,
    "ndcg_at_1000": 0.23148,
    "ndcg_at_20": 0.10029,
    "ndcg_at_3": 0.05,
    "ndcg_at_5": 0.05861,
    "precision_at_1": 0.04,
    "precision_at_10": 0.012,
    "precision_at_100": 0.01,
    "precision_at_1000": 0.001,
    "precision_at_20": 0.012,
    "precision_at_3": 0.02,
    "precision_at_5": 0.016,
    "recall_at_1": 0.04,
    "recall_at_10": 0.12,
    "recall_at_100": 1.0,
    "recall_at_1000": 1.0,
    "recall_at_20": 0.24,
    "recall_at_3": 0.06,
    "recall_at_5": 0.08
  }
}