{
  "dataset_revision": "6e346642246bfb4928c560ee08640dc84d074e8c",
  "mteb_dataset_name": "LEMBNeedleRetrieval",
  "mteb_version": "1.6.23",
  "test": {
    "evaluation_time": 25.57,
    "map_at_1": 0.28,
    "map_at_10": 0.44175,
    "map_at_100": 0.45067,
    "map_at_1000": 0.45067,
    "map_at_20": 0.44739,
    "map_at_3": 0.4,
    "map_at_5": 0.415,
    "mrr_at_1": 0.28,
    "mrr_at_10": 0.44175,
    "mrr_at_100": 0.45067,
    "mrr_at_1000": 0.45067,
    "mrr_at_20": 0.44739,
    "mrr_at_3": 0.4,
    "mrr_at_5": 0.415,
    "ndcg_at_1": 0.28,
    "ndcg_at_10": 0.52772,
    "ndcg_at_100": 0.57138,
    "ndcg_at_1000": 0.57138,
    "ndcg_at_20": 0.55137,
    "ndcg_at_3": 0.44095,
    "ndcg_at_5": 0.46679,
    "precision_at_1": 0.28,
    "precision_at_10": 0.08,
    "precision_at_100": 0.01,
    "precision_at_1000": 0.001,
    "precision_at_20": 0.045,
    "precision_at_3": 0.18667,
    "precision_at_5": 0.124,
    "recall_at_1": 0.28,
    "recall_at_10": 0.8,
    "recall_at_100": 1.0,
    "recall_at_1000": 1.0,
    "recall_at_20": 0.9,
    "recall_at_3": 0.56,
    "recall_at_5": 0.62
  }
}