{
  "dataset_revision": "6e346642246bfb4928c560ee08640dc84d074e8c",
  "mteb_dataset_name": "LEMBNeedleRetrieval",
  "mteb_version": "1.6.23",
  "test": {
    "evaluation_time": 84.05,
    "map_at_1": 0.4,
    "map_at_10": 0.42667,
    "map_at_100": 0.43856,
    "map_at_1000": 0.43856,
    "map_at_20": 0.42667,
    "map_at_3": 0.42667,
    "map_at_5": 0.42667,
    "mrr_at_1": 0.4,
    "mrr_at_10": 0.42667,
    "mrr_at_100": 0.44105,
    "mrr_at_1000": 0.44105,
    "mrr_at_20": 0.4299,
    "mrr_at_3": 0.42667,
    "mrr_at_5": 0.42667,
    "ndcg_at_1": 0.4,
    "ndcg_at_10": 0.43524,
    "ndcg_at_100": 0.53217,
    "ndcg_at_1000": 0.53217,
    "ndcg_at_20": 0.43524,
    "ndcg_at_3": 0.43524,
    "ndcg_at_5": 0.43524,
    "precision_at_1": 0.4,
    "precision_at_10": 0.046,
    "precision_at_100": 0.01,
    "precision_at_1000": 0.001,
    "precision_at_20": 0.023,
    "precision_at_3": 0.15333,
    "precision_at_5": 0.092,
    "recall_at_1": 0.4,
    "recall_at_10": 0.46,
    "recall_at_100": 1.0,
    "recall_at_1000": 1.0,
    "recall_at_20": 0.46,
    "recall_at_3": 0.46,
    "recall_at_5": 0.46
  }
}