{
  "dataset_revision": "6e346642246bfb4928c560ee08640dc84d074e8c",
  "mteb_dataset_name": "LEMBNeedleRetrieval",
  "mteb_version": "1.6.23",
  "test": {
    "evaluation_time": 83.09,
    "map_at_1": 0.18,
    "map_at_10": 0.20783,
    "map_at_100": 0.22879,
    "map_at_1000": 0.22879,
    "map_at_20": 0.21346,
    "map_at_3": 0.19667,
    "map_at_5": 0.19667,
    "mrr_at_1": 0.18,
    "mrr_at_10": 0.2,
    "mrr_at_100": 0.21995,
    "mrr_at_1000": 0.21995,
    "mrr_at_20": 0.20612,
    "mrr_at_3": 0.19667,
    "mrr_at_5": 0.19667,
    "ndcg_at_1": 0.18,
    "ndcg_at_10": 0.22896,
    "ndcg_at_100": 0.36361,
    "ndcg_at_1000": 0.36361,
    "ndcg_at_20": 0.2493,
    "ndcg_at_3": 0.20262,
    "ndcg_at_5": 0.20262,
    "precision_at_1": 0.18,
    "precision_at_10": 0.03,
    "precision_at_100": 0.01,
    "precision_at_1000": 0.001,
    "precision_at_20": 0.019,
    "precision_at_3": 0.07333,
    "precision_at_5": 0.044,
    "recall_at_1": 0.18,
    "recall_at_10": 0.3,
    "recall_at_100": 1.0,
    "recall_at_1000": 1.0,
    "recall_at_20": 0.38,
    "recall_at_3": 0.22,
    "recall_at_5": 0.22
  }
}