{
  "dataset_revision": "6e346642246bfb4928c560ee08640dc84d074e8c",
  "mteb_dataset_name": "LEMBNeedleRetrieval",
  "mteb_version": "1.6.23",
  "test": {
    "evaluation_time": 11.51,
    "map_at_1": 0.38,
    "map_at_10": 0.58491,
    "map_at_100": 0.5888,
    "map_at_1000": 0.5888,
    "map_at_20": 0.58816,
    "map_at_3": 0.54333,
    "map_at_5": 0.57733,
    "mrr_at_1": 0.38,
    "mrr_at_10": 0.58491,
    "mrr_at_100": 0.5888,
    "mrr_at_1000": 0.5888,
    "mrr_at_20": 0.58816,
    "mrr_at_3": 0.54333,
    "mrr_at_5": 0.57733,
    "ndcg_at_1": 0.38,
    "ndcg_at_10": 0.67246,
    "ndcg_at_100": 0.68715,
    "ndcg_at_1000": 0.68715,
    "ndcg_at_20": 0.68315,
    "ndcg_at_3": 0.59404,
    "ndcg_at_5": 0.65346,
    "precision_at_1": 0.38,
    "precision_at_10": 0.094,
    "precision_at_100": 0.01,
    "precision_at_1000": 0.001,
    "precision_at_20": 0.049,
    "precision_at_3": 0.24667,
    "precision_at_5": 0.176,
    "recall_at_1": 0.38,
    "recall_at_10": 0.94,
    "recall_at_100": 1.0,
    "recall_at_1000": 1.0,
    "recall_at_20": 0.98,
    "recall_at_3": 0.74,
    "recall_at_5": 0.88
  }
}