{
  "dataset_revision": "6e346642246bfb4928c560ee08640dc84d074e8c",
  "mteb_dataset_name": "LEMBNeedleRetrieval",
  "mteb_version": "1.6.23",
  "test": {
    "evaluation_time": 0.07,
    "map_at_1": 0.32,
    "map_at_10": 0.37202,
    "map_at_100": 0.39166,
    "map_at_1000": 0.39166,
    "map_at_20": 0.38178,
    "map_at_3": 0.36,
    "map_at_5": 0.36,
    "mrr_at_1": 0.32,
    "mrr_at_10": 0.37202,
    "mrr_at_100": 0.39166,
    "mrr_at_1000": 0.39166,
    "mrr_at_20": 0.38178,
    "mrr_at_3": 0.36,
    "mrr_at_5": 0.36,
    "ndcg_at_1": 0.32,
    "ndcg_at_10": 0.40151,
    "ndcg_at_100": 0.50508,
    "ndcg_at_1000": 0.50508,
    "ndcg_at_20": 0.43694,
    "ndcg_at_3": 0.37047,
    "ndcg_at_5": 0.37047,
    "precision_at_1": 0.32,
    "precision_at_10": 0.05,
    "precision_at_100": 0.01,
    "precision_at_1000": 0.001,
    "precision_at_20": 0.032,
    "precision_at_3": 0.13333,
    "precision_at_5": 0.08,
    "recall_at_1": 0.32,
    "recall_at_10": 0.5,
    "recall_at_100": 1.0,
    "recall_at_1000": 1.0,
    "recall_at_20": 0.64,
    "recall_at_3": 0.4,
    "recall_at_5": 0.4
  }
}