{
  "dataset_revision": "6e346642246bfb4928c560ee08640dc84d074e8c",
  "mteb_dataset_name": "LEMBPasskeyRetrieval",
  "mteb_version": "1.6.23",
  "test": {
    "evaluation_time": 0.03,
    "map_at_1": 0.14,
    "map_at_10": 0.25283,
    "map_at_100": 0.27335,
    "map_at_1000": 0.27335,
    "map_at_20": 0.26893,
    "map_at_3": 0.17667,
    "map_at_5": 0.23267,
    "mrr_at_1": 0.14,
    "mrr_at_10": 0.25283,
    "mrr_at_100": 0.27335,
    "mrr_at_1000": 0.27335,
    "mrr_at_20": 0.26893,
    "mrr_at_3": 0.17667,
    "mrr_at_5": 0.23267,
    "ndcg_at_1": 0.14,
    "ndcg_at_10": 0.33922,
    "ndcg_at_100": 0.42722,
    "ndcg_at_1000": 0.42722,
    "ndcg_at_20": 0.40254,
    "ndcg_at_3": 0.19262,
    "ndcg_at_5": 0.29248,
    "precision_at_1": 0.14,
    "precision_at_10": 0.062,
    "precision_at_100": 0.01,
    "precision_at_1000": 0.001,
    "precision_at_20": 0.044,
    "precision_at_3": 0.08,
    "precision_at_5": 0.096,
    "recall_at_1": 0.14,
    "recall_at_10": 0.62,
    "recall_at_100": 1.0,
    "recall_at_1000": 1.0,
    "recall_at_20": 0.88,
    "recall_at_3": 0.24,
    "recall_at_5": 0.48
  }
}