{
  "dataset_revision": "6e346642246bfb4928c560ee08640dc84d074e8c",
  "mteb_dataset_name": "LEMBPasskeyRetrieval",
  "mteb_version": "1.6.23",
  "test": {
    "evaluation_time": 3.75,
    "map_at_1": 0.0,
    "map_at_10": 0.01822,
    "map_at_100": 0.04083,
    "map_at_1000": 0.04083,
    "map_at_20": 0.02347,
    "map_at_3": 0.00667,
    "map_at_5": 0.01067,
    "mrr_at_1": 0.0,
    "mrr_at_10": 0.01833,
    "mrr_at_100": 0.04294,
    "mrr_at_1000": 0.04294,
    "mrr_at_20": 0.0262,
    "mrr_at_3": 0.01,
    "mrr_at_5": 0.015,
    "ndcg_at_1": 0.0,
    "ndcg_at_10": 0.03666,
    "ndcg_at_100": 0.20105,
    "ndcg_at_1000": 0.20105,
    "ndcg_at_20": 0.05648,
    "ndcg_at_3": 0.01,
    "ndcg_at_5": 0.01774,
    "precision_at_1": 0.0,
    "precision_at_10": 0.01,
    "precision_at_100": 0.01,
    "precision_at_1000": 0.001,
    "precision_at_20": 0.009,
    "precision_at_3": 0.00667,
    "precision_at_5": 0.008,
    "recall_at_1": 0.0,
    "recall_at_10": 0.1,
    "recall_at_100": 1.0,
    "recall_at_1000": 1.0,
    "recall_at_20": 0.18,
    "recall_at_3": 0.02,
    "recall_at_5": 0.04
  }
}