{
  "dataset_revision": "6e346642246bfb4928c560ee08640dc84d074e8c",
  "mteb_dataset_name": "LEMBNeedleRetrieval",
  "mteb_version": "1.6.23",
  "test": {
    "evaluation_time": 5.8,
    "map_at_1": 0.0,
    "map_at_10": 0.01517,
    "map_at_100": 0.03881,
    "map_at_1000": 0.03881,
    "map_at_20": 0.02228,
    "map_at_3": 0.00667,
    "map_at_5": 0.01067,
    "mrr_at_1": 0.02,
    "mrr_at_10": 0.03458,
    "mrr_at_100": 0.0552,
    "mrr_at_1000": 0.0552,
    "mrr_at_20": 0.04235,
    "mrr_at_3": 0.02,
    "mrr_at_5": 0.025,
    "ndcg_at_1": 0.0,
    "ndcg_at_10": 0.02983,
    "ndcg_at_100": 0.19836,
    "ndcg_at_1000": 0.19836,
    "ndcg_at_20": 0.05535,
    "ndcg_at_3": 0.01,
    "ndcg_at_5": 0.01774,
    "precision_at_1": 0.0,
    "precision_at_10": 0.008,
    "precision_at_100": 0.01,
    "precision_at_1000": 0.001,
    "precision_at_20": 0.009,
    "precision_at_3": 0.00667,
    "precision_at_5": 0.008,
    "recall_at_1": 0.0,
    "recall_at_10": 0.08,
    "recall_at_100": 1.0,
    "recall_at_1000": 1.0,
    "recall_at_20": 0.18,
    "recall_at_3": 0.02,
    "recall_at_5": 0.04
  }
}