{
  "dataset_revision": "6e346642246bfb4928c560ee08640dc84d074e8c",
  "mteb_dataset_name": "LEMBPasskeyRetrieval",
  "mteb_version": "1.6.23",
  "test": {
    "evaluation_time": 4.45,
    "map_at_1": 0.04,
    "map_at_10": 0.07791,
    "map_at_100": 0.09724,
    "map_at_1000": 0.09724,
    "map_at_20": 0.08335,
    "map_at_3": 0.05333,
    "map_at_5": 0.05833,
    "mrr_at_1": 0.04,
    "mrr_at_10": 0.07791,
    "mrr_at_100": 0.09724,
    "mrr_at_1000": 0.09724,
    "mrr_at_20": 0.08335,
    "mrr_at_3": 0.05333,
    "mrr_at_5": 0.05833,
    "ndcg_at_1": 0.04,
    "ndcg_at_10": 0.11863,
    "ndcg_at_100": 0.25475,
    "ndcg_at_1000": 0.25475,
    "ndcg_at_20": 0.13871,
    "ndcg_at_3": 0.06,
    "ndcg_at_5": 0.06861,
    "precision_at_1": 0.04,
    "precision_at_10": 0.026,
    "precision_at_100": 0.01,
    "precision_at_1000": 0.001,
    "precision_at_20": 0.017,
    "precision_at_3": 0.02667,
    "precision_at_5": 0.02,
    "recall_at_1": 0.04,
    "recall_at_10": 0.26,
    "recall_at_100": 1.0,
    "recall_at_1000": 1.0,
    "recall_at_20": 0.34,
    "recall_at_3": 0.08,
    "recall_at_5": 0.1
  }
}