{
  "dataset_revision": "6e346642246bfb4928c560ee08640dc84d074e8c",
  "mteb_dataset_name": "LEMBNeedleRetrieval",
  "mteb_version": "1.6.23",
  "test": {
    "evaluation_time": 4.54,
    "map_at_1": 0.04,
    "map_at_10": 0.14921,
    "map_at_100": 0.17707,
    "map_at_1000": 0.17707,
    "map_at_20": 0.17261,
    "map_at_3": 0.08,
    "map_at_5": 0.113,
    "mrr_at_1": 0.04,
    "mrr_at_10": 0.14921,
    "mrr_at_100": 0.17707,
    "mrr_at_1000": 0.17707,
    "mrr_at_20": 0.17261,
    "mrr_at_3": 0.08,
    "mrr_at_5": 0.113,
    "ndcg_at_1": 0.04,
    "ndcg_at_10": 0.23938,
    "ndcg_at_100": 0.34956,
    "ndcg_at_1000": 0.34956,
    "ndcg_at_20": 0.32178,
    "ndcg_at_3": 0.09524,
    "ndcg_at_5": 0.15378,
    "precision_at_1": 0.04,
    "precision_at_10": 0.054,
    "precision_at_100": 0.01,
    "precision_at_1000": 0.001,
    "precision_at_20": 0.043,
    "precision_at_3": 0.04667,
    "precision_at_5": 0.056,
    "recall_at_1": 0.04,
    "recall_at_10": 0.54,
    "recall_at_100": 1.0,
    "recall_at_1000": 1.0,
    "recall_at_20": 0.86,
    "recall_at_3": 0.14,
    "recall_at_5": 0.28
  }
}