{
  "dataset_revision": "6e346642246bfb4928c560ee08640dc84d074e8c",
  "mteb_dataset_name": "LEMBNeedleRetrieval",
  "mteb_version": "1.6.23",
  "test": {
    "evaluation_time": 7.27,
    "map_at_1": 0.38,
    "map_at_10": 0.55186,
    "map_at_100": 0.5591,
    "map_at_1000": 0.5591,
    "map_at_20": 0.55674,
    "map_at_3": 0.50667,
    "map_at_5": 0.54367,
    "mrr_at_1": 0.38,
    "mrr_at_10": 0.55186,
    "mrr_at_100": 0.5591,
    "mrr_at_1000": 0.5591,
    "mrr_at_20": 0.55674,
    "mrr_at_3": 0.50667,
    "mrr_at_5": 0.54367,
    "ndcg_at_1": 0.38,
    "ndcg_at_10": 0.63204,
    "ndcg_at_100": 0.66077,
    "ndcg_at_1000": 0.66077,
    "ndcg_at_20": 0.64809,
    "ndcg_at_3": 0.54619,
    "ndcg_at_5": 0.61246,
    "precision_at_1": 0.38,
    "precision_at_10": 0.088,
    "precision_at_100": 0.01,
    "precision_at_1000": 0.001,
    "precision_at_20": 0.047,
    "precision_at_3": 0.22,
    "precision_at_5": 0.164,
    "recall_at_1": 0.38,
    "recall_at_10": 0.88,
    "recall_at_100": 1.0,
    "recall_at_1000": 1.0,
    "recall_at_20": 0.94,
    "recall_at_3": 0.66,
    "recall_at_5": 0.82
  }
}