{
  "dataset_revision": "6e346642246bfb4928c560ee08640dc84d074e8c",
  "mteb_dataset_name": "LEMBPasskeyRetrieval",
  "mteb_version": "1.6.23",
  "test": {
    "evaluation_time": 7.7,
    "map_at_1": 0.1,
    "map_at_10": 0.15756,
    "map_at_100": 0.17734,
    "map_at_1000": 0.17734,
    "map_at_20": 0.16359,
    "map_at_3": 0.15333,
    "map_at_5": 0.15333,
    "mrr_at_1": 0.1,
    "mrr_at_10": 0.15756,
    "mrr_at_100": 0.17734,
    "mrr_at_1000": 0.17734,
    "mrr_at_20": 0.16359,
    "mrr_at_3": 0.15333,
    "mrr_at_5": 0.15333,
    "ndcg_at_1": 0.1,
    "ndcg_at_10": 0.18228,
    "ndcg_at_100": 0.31986,
    "ndcg_at_1000": 0.31986,
    "ndcg_at_20": 0.20646,
    "ndcg_at_3": 0.17047,
    "ndcg_at_5": 0.17047,
    "precision_at_1": 0.1,
    "precision_at_10": 0.026,
    "precision_at_100": 0.01,
    "precision_at_1000": 0.001,
    "precision_at_20": 0.018,
    "precision_at_3": 0.07333,
    "precision_at_5": 0.044,
    "recall_at_1": 0.1,
    "recall_at_10": 0.26,
    "recall_at_100": 1.0,
    "recall_at_1000": 1.0,
    "recall_at_20": 0.36,
    "recall_at_3": 0.22,
    "recall_at_5": 0.22
  }
}