{
  "dataset_revision": "6e346642246bfb4928c560ee08640dc84d074e8c",
  "mteb_dataset_name": "LEMBPasskeyRetrieval",
  "mteb_version": "1.6.23",
  "test": {
    "evaluation_time": 51.84,
    "map_at_1": 0.0,
    "map_at_10": 0.0245,
    "map_at_100": 0.04733,
    "map_at_1000": 0.04733,
    "map_at_20": 0.03158,
    "map_at_3": 0.01667,
    "map_at_5": 0.01667,
    "mrr_at_1": 0.02,
    "mrr_at_10": 0.0385,
    "mrr_at_100": 0.05828,
    "mrr_at_1000": 0.05828,
    "mrr_at_20": 0.04359,
    "mrr_at_3": 0.02667,
    "mrr_at_5": 0.03067,
    "ndcg_at_1": 0.0,
    "ndcg_at_10": 0.04183,
    "ndcg_at_100": 0.20602,
    "ndcg_at_1000": 0.20602,
    "ndcg_at_20": 0.06725,
    "ndcg_at_3": 0.02262,
    "ndcg_at_5": 0.02262,
    "precision_at_1": 0.0,
    "precision_at_10": 0.01,
    "precision_at_100": 0.01,
    "precision_at_1000": 0.001,
    "precision_at_20": 0.01,
    "precision_at_3": 0.01333,
    "precision_at_5": 0.008,
    "recall_at_1": 0.0,
    "recall_at_10": 0.1,
    "recall_at_100": 1.0,
    "recall_at_1000": 1.0,
    "recall_at_20": 0.2,
    "recall_at_3": 0.04,
    "recall_at_5": 0.04
  }
}