{
  "dataset_revision": "6e346642246bfb4928c560ee08640dc84d074e8c",
  "mteb_dataset_name": "LEMBNeedleRetrieval",
  "mteb_version": "1.6.23",
  "test": {
    "evaluation_time": 50.43,
    "map_at_1": 0.02,
    "map_at_10": 0.024,
    "map_at_100": 0.04953,
    "map_at_1000": 0.04953,
    "map_at_20": 0.03279,
    "map_at_3": 0.02,
    "map_at_5": 0.024,
    "mrr_at_1": 0.0,
    "mrr_at_10": 0.02875,
    "mrr_at_100": 0.05041,
    "mrr_at_1000": 0.05041,
    "mrr_at_20": 0.03513,
    "mrr_at_3": 0.01667,
    "mrr_at_5": 0.02167,
    "ndcg_at_1": 0.02,
    "ndcg_at_10": 0.02774,
    "ndcg_at_100": 0.20462,
    "ndcg_at_1000": 0.20462,
    "ndcg_at_20": 0.05865,
    "ndcg_at_3": 0.02,
    "ndcg_at_5": 0.02774,
    "precision_at_1": 0.02,
    "precision_at_10": 0.004,
    "precision_at_100": 0.01,
    "precision_at_1000": 0.001,
    "precision_at_20": 0.008,
    "precision_at_3": 0.00667,
    "precision_at_5": 0.008,
    "recall_at_1": 0.02,
    "recall_at_10": 0.04,
    "recall_at_100": 1.0,
    "recall_at_1000": 1.0,
    "recall_at_20": 0.16,
    "recall_at_3": 0.02,
    "recall_at_5": 0.04
  }
}