{
  "dataset_revision": "6e346642246bfb4928c560ee08640dc84d074e8c",
  "mteb_dataset_name": "LEMBPasskeyRetrieval",
  "mteb_version": "1.6.23",
  "test": {
    "evaluation_time": 35.52,
    "map_at_1": 0.0,
    "map_at_10": 0.01358,
    "map_at_100": 0.03623,
    "map_at_1000": 0.03623,
    "map_at_20": 0.02126,
    "map_at_3": 0.0,
    "map_at_5": 0.004,
    "mrr_at_1": 0.02,
    "mrr_at_10": 0.04708,
    "mrr_at_100": 0.06758,
    "mrr_at_1000": 0.06758,
    "mrr_at_20": 0.05126,
    "mrr_at_3": 0.03667,
    "mrr_at_5": 0.03667,
    "ndcg_at_1": 0.0,
    "ndcg_at_10": 0.03251,
    "ndcg_at_100": 0.19661,
    "ndcg_at_1000": 0.19661,
    "ndcg_at_20": 0.06204,
    "ndcg_at_3": 0.0,
    "ndcg_at_5": 0.00774,
    "precision_at_1": 0.0,
    "precision_at_10": 0.01,
    "precision_at_100": 0.01,
    "precision_at_1000": 0.001,
    "precision_at_20": 0.011,
    "precision_at_3": 0.0,
    "precision_at_5": 0.004,
    "recall_at_1": 0.0,
    "recall_at_10": 0.1,
    "recall_at_100": 1.0,
    "recall_at_1000": 1.0,
    "recall_at_20": 0.22,
    "recall_at_3": 0.0,
    "recall_at_5": 0.02
  }
}