{
  "dataset_revision": "6e346642246bfb4928c560ee08640dc84d074e8c",
  "mteb_dataset_name": "LEMBNeedleRetrieval",
  "mteb_version": "1.6.23",
  "test": {
    "evaluation_time": 34.38,
    "map_at_1": 0.2,
    "map_at_10": 0.3375,
    "map_at_100": 0.35673,
    "map_at_1000": 0.35673,
    "map_at_20": 0.35201,
    "map_at_3": 0.29667,
    "map_at_5": 0.32467,
    "mrr_at_1": 0.2,
    "mrr_at_10": 0.3375,
    "mrr_at_100": 0.35673,
    "mrr_at_1000": 0.35673,
    "mrr_at_20": 0.35201,
    "mrr_at_3": 0.29667,
    "mrr_at_5": 0.32467,
    "ndcg_at_1": 0.2,
    "ndcg_at_10": 0.41009,
    "ndcg_at_100": 0.49221,
    "ndcg_at_1000": 0.49221,
    "ndcg_at_20": 0.46147,
    "ndcg_at_3": 0.32833,
    "ndcg_at_5": 0.37826,
    "precision_at_1": 0.2,
    "precision_at_10": 0.064,
    "precision_at_100": 0.01,
    "precision_at_1000": 0.001,
    "precision_at_20": 0.042,
    "precision_at_3": 0.14,
    "precision_at_5": 0.108,
    "recall_at_1": 0.2,
    "recall_at_10": 0.64,
    "recall_at_100": 1.0,
    "recall_at_1000": 1.0,
    "recall_at_20": 0.84,
    "recall_at_3": 0.42,
    "recall_at_5": 0.54
  }
}