{
  "dataset_revision": "6e346642246bfb4928c560ee08640dc84d074e8c",
  "mteb_dataset_name": "LEMBPasskeyRetrieval",
  "mteb_version": "1.6.23",
  "test": {
    "evaluation_time": 29.44,
    "map_at_1": 0.44,
    "map_at_10": 0.52294,
    "map_at_100": 0.53263,
    "map_at_1000": 0.53263,
    "map_at_20": 0.53029,
    "map_at_3": 0.46,
    "map_at_5": 0.495,
    "mrr_at_1": 0.44,
    "mrr_at_10": 0.52294,
    "mrr_at_100": 0.53263,
    "mrr_at_1000": 0.53263,
    "mrr_at_20": 0.53029,
    "mrr_at_3": 0.46,
    "mrr_at_5": 0.495,
    "ndcg_at_1": 0.44,
    "ndcg_at_10": 0.5915,
    "ndcg_at_100": 0.63273,
    "ndcg_at_1000": 0.63273,
    "ndcg_at_20": 0.61732,
    "ndcg_at_3": 0.46524,
    "ndcg_at_5": 0.52553,
    "precision_at_1": 0.44,
    "precision_at_10": 0.082,
    "precision_at_100": 0.01,
    "precision_at_1000": 0.001,
    "precision_at_20": 0.046,
    "precision_at_3": 0.16,
    "precision_at_5": 0.124,
    "recall_at_1": 0.44,
    "recall_at_10": 0.82,
    "recall_at_100": 1.0,
    "recall_at_1000": 1.0,
    "recall_at_20": 0.92,
    "recall_at_3": 0.48,
    "recall_at_5": 0.62
  }
}