{
  "dataset_revision": "6e346642246bfb4928c560ee08640dc84d074e8c",
  "mteb_dataset_name": "LEMBNeedleRetrieval",
  "mteb_version": "1.6.23",
  "test": {
    "evaluation_time": 30.83,
    "map_at_1": 0.2,
    "map_at_10": 0.26305,
    "map_at_100": 0.2791,
    "map_at_1000": 0.2791,
    "map_at_20": 0.26535,
    "map_at_3": 0.24,
    "map_at_5": 0.254,
    "mrr_at_1": 0.2,
    "mrr_at_10": 0.25956,
    "mrr_at_100": 0.27779,
    "mrr_at_1000": 0.27779,
    "mrr_at_20": 0.2657,
    "mrr_at_3": 0.24,
    "mrr_at_5": 0.254,
    "ndcg_at_1": 0.2,
    "ndcg_at_10": 0.2959,
    "ndcg_at_100": 0.4087,
    "ndcg_at_1000": 0.4087,
    "ndcg_at_20": 0.30542,
    "ndcg_at_3": 0.25047,
    "ndcg_at_5": 0.27544,
    "precision_at_1": 0.2,
    "precision_at_10": 0.04,
    "precision_at_100": 0.01,
    "precision_at_1000": 0.001,
    "precision_at_20": 0.022,
    "precision_at_3": 0.09333,
    "precision_at_5": 0.068,
    "recall_at_1": 0.2,
    "recall_at_10": 0.4,
    "recall_at_100": 1.0,
    "recall_at_1000": 1.0,
    "recall_at_20": 0.44,
    "recall_at_3": 0.28,
    "recall_at_5": 0.34
  }
}