{
  "dataset_revision": "6e346642246bfb4928c560ee08640dc84d074e8c",
  "mteb_dataset_name": "LEMBNeedleRetrieval",
  "mteb_version": "1.6.23",
  "test": {
    "evaluation_time": 6.28,
    "map_at_1": 0.0,
    "map_at_10": 0.02441,
    "map_at_100": 0.04598,
    "map_at_1000": 0.04598,
    "map_at_20": 0.031,
    "map_at_3": 0.01,
    "map_at_5": 0.014,
    "mrr_at_1": 0.02,
    "mrr_at_10": 0.03539,
    "mrr_at_100": 0.05733,
    "mrr_at_1000": 0.05733,
    "mrr_at_20": 0.04044,
    "mrr_at_3": 0.02667,
    "mrr_at_5": 0.03067,
    "ndcg_at_1": 0.0,
    "ndcg_at_10": 0.04595,
    "ndcg_at_100": 0.20516,
    "ndcg_at_1000": 0.20516,
    "ndcg_at_20": 0.07076,
    "ndcg_at_3": 0.01262,
    "ndcg_at_5": 0.02036,
    "precision_at_1": 0.0,
    "precision_at_10": 0.012,
    "precision_at_100": 0.01,
    "precision_at_1000": 0.001,
    "precision_at_20": 0.011,
    "precision_at_3": 0.00667,
    "precision_at_5": 0.008,
    "recall_at_1": 0.0,
    "recall_at_10": 0.12,
    "recall_at_100": 1.0,
    "recall_at_1000": 1.0,
    "recall_at_20": 0.22,
    "recall_at_3": 0.02,
    "recall_at_5": 0.04
  }
}