{
  "dataset_revision": "6e346642246bfb4928c560ee08640dc84d074e8c",
  "mteb_dataset_name": "LEMBPasskeyRetrieval",
  "mteb_version": "1.6.23",
  "test": {
    "evaluation_time": 7.03,
    "map_at_1": 0.02,
    "map_at_10": 0.03675,
    "map_at_100": 0.06043,
    "map_at_1000": 0.06043,
    "map_at_20": 0.04496,
    "map_at_3": 0.02667,
    "map_at_5": 0.03167,
    "mrr_at_1": 0.0,
    "mrr_at_10": 0.02902,
    "mrr_at_100": 0.04928,
    "mrr_at_1000": 0.04928,
    "mrr_at_20": 0.03338,
    "mrr_at_3": 0.01667,
    "mrr_at_5": 0.02167,
    "ndcg_at_1": 0.02,
    "ndcg_at_10": 0.0513,
    "ndcg_at_100": 0.21697,
    "ndcg_at_1000": 0.21697,
    "ndcg_at_20": 0.08149,
    "ndcg_at_3": 0.03,
    "ndcg_at_5": 0.03861,
    "precision_at_1": 0.02,
    "precision_at_10": 0.01,
    "precision_at_100": 0.01,
    "precision_at_1000": 0.001,
    "precision_at_20": 0.011,
    "precision_at_3": 0.01333,
    "precision_at_5": 0.012,
    "recall_at_1": 0.02,
    "recall_at_10": 0.1,
    "recall_at_100": 1.0,
    "recall_at_1000": 1.0,
    "recall_at_20": 0.22,
    "recall_at_3": 0.04,
    "recall_at_5": 0.06
  }
}