{
  "dataset_revision": "6e346642246bfb4928c560ee08640dc84d074e8c",
  "mteb_dataset_name": "LEMBNeedleRetrieval",
  "mteb_version": "1.6.23",
  "test": {
    "evaluation_time": 24.82,
    "map_at_1": 0.14,
    "map_at_10": 0.28996,
    "map_at_100": 0.30695,
    "map_at_1000": 0.30695,
    "map_at_20": 0.29993,
    "map_at_3": 0.25333,
    "map_at_5": 0.27133,
    "mrr_at_1": 0.14,
    "mrr_at_10": 0.28996,
    "mrr_at_100": 0.30695,
    "mrr_at_1000": 0.30695,
    "mrr_at_20": 0.29993,
    "mrr_at_3": 0.25333,
    "mrr_at_5": 0.27133,
    "ndcg_at_1": 0.14,
    "ndcg_at_10": 0.37365,
    "ndcg_at_100": 0.45284,
    "ndcg_at_1000": 0.45284,
    "ndcg_at_20": 0.40941,
    "ndcg_at_3": 0.29571,
    "ndcg_at_5": 0.32841,
    "precision_at_1": 0.14,
    "precision_at_10": 0.064,
    "precision_at_100": 0.01,
    "precision_at_1000": 0.001,
    "precision_at_20": 0.039,
    "precision_at_3": 0.14,
    "precision_at_5": 0.1,
    "recall_at_1": 0.14,
    "recall_at_10": 0.64,
    "recall_at_100": 1.0,
    "recall_at_1000": 1.0,
    "recall_at_20": 0.78,
    "recall_at_3": 0.42,
    "recall_at_5": 0.5
  }
}