{
  "dataset_revision": "6e346642246bfb4928c560ee08640dc84d074e8c",
  "mteb_dataset_name": "LEMBNeedleRetrieval",
  "mteb_version": "1.6.23",
  "test": {
    "evaluation_time": 0.01,
    "map_at_1": 0.04,
    "map_at_10": 0.06186,
    "map_at_100": 0.08954,
    "map_at_1000": 0.08954,
    "map_at_20": 0.07424,
    "map_at_3": 0.05,
    "map_at_5": 0.059,
    "mrr_at_1": 0.02,
    "mrr_at_10": 0.04519,
    "mrr_at_100": 0.07301,
    "mrr_at_1000": 0.07301,
    "mrr_at_20": 0.05758,
    "mrr_at_3": 0.03333,
    "mrr_at_5": 0.04233,
    "ndcg_at_1": 0.04,
    "ndcg_at_10": 0.07564,
    "ndcg_at_100": 0.24426,
    "ndcg_at_1000": 0.24426,
    "ndcg_at_20": 0.11761,
    "ndcg_at_3": 0.05262,
    "ndcg_at_5": 0.06897,
    "precision_at_1": 0.04,
    "precision_at_10": 0.012,
    "precision_at_100": 0.01,
    "precision_at_1000": 0.001,
    "precision_at_20": 0.014,
    "precision_at_3": 0.02,
    "precision_at_5": 0.02,
    "recall_at_1": 0.04,
    "recall_at_10": 0.12,
    "recall_at_100": 1.0,
    "recall_at_1000": 1.0,
    "recall_at_20": 0.28,
    "recall_at_3": 0.06,
    "recall_at_5": 0.1
  }
}