{
  "dataset_revision": "6e346642246bfb4928c560ee08640dc84d074e8c",
  "mteb_dataset_name": "LEMBNeedleRetrieval",
  "mteb_version": "1.6.23",
  "test": {
    "evaluation_time": 0.03,
    "map_at_1": 0.0,
    "map_at_10": 0.0245,
    "map_at_100": 0.05124,
    "map_at_1000": 0.05124,
    "map_at_20": 0.03764,
    "map_at_3": 0.01667,
    "map_at_5": 0.01667,
    "mrr_at_1": 0.02,
    "mrr_at_10": 0.03208,
    "mrr_at_100": 0.05821,
    "mrr_at_1000": 0.05821,
    "mrr_at_20": 0.04394,
    "mrr_at_3": 0.02,
    "mrr_at_5": 0.025,
    "ndcg_at_1": 0.0,
    "ndcg_at_10": 0.04183,
    "ndcg_at_100": 0.21276,
    "ndcg_at_1000": 0.21276,
    "ndcg_at_20": 0.09146,
    "ndcg_at_3": 0.02262,
    "ndcg_at_5": 0.02262,
    "precision_at_1": 0.0,
    "precision_at_10": 0.01,
    "precision_at_100": 0.01,
    "precision_at_1000": 0.001,
    "precision_at_20": 0.015,
    "precision_at_3": 0.01333,
    "precision_at_5": 0.008,
    "recall_at_1": 0.0,
    "recall_at_10": 0.1,
    "recall_at_100": 1.0,
    "recall_at_1000": 1.0,
    "recall_at_20": 0.3,
    "recall_at_3": 0.04,
    "recall_at_5": 0.04
  }
}