{
  "dataset_revision": "6e346642246bfb4928c560ee08640dc84d074e8c",
  "mteb_dataset_name": "LEMBPasskeyRetrieval",
  "mteb_version": "1.6.23",
  "test": {
    "evaluation_time": 0.01,
    "map_at_1": 0.0,
    "map_at_10": 0.0243,
    "map_at_100": 0.0456,
    "map_at_1000": 0.0456,
    "map_at_20": 0.03081,
    "map_at_3": 0.0,
    "map_at_5": 0.015,
    "mrr_at_1": 0.0,
    "mrr_at_10": 0.01313,
    "mrr_at_100": 0.03653,
    "mrr_at_1000": 0.03653,
    "mrr_at_20": 0.02028,
    "mrr_at_3": 0.0,
    "mrr_at_5": 0.0,
    "ndcg_at_1": 0.0,
    "ndcg_at_10": 0.05033,
    "ndcg_at_100": 0.20643,
    "ndcg_at_1000": 0.20643,
    "ndcg_at_20": 0.0751,
    "ndcg_at_3": 0.0,
    "ndcg_at_5": 0.02584,
    "precision_at_1": 0.0,
    "precision_at_10": 0.014,
    "precision_at_100": 0.01,
    "precision_at_1000": 0.001,
    "precision_at_20": 0.012,
    "precision_at_3": 0.0,
    "precision_at_5": 0.012,
    "recall_at_1": 0.0,
    "recall_at_10": 0.14,
    "recall_at_100": 1.0,
    "recall_at_1000": 1.0,
    "recall_at_20": 0.24,
    "recall_at_3": 0.0,
    "recall_at_5": 0.06
  }
}