{
  "dataset_revision": "6e346642246bfb4928c560ee08640dc84d074e8c",
  "mteb_dataset_name": "LEMBNeedleRetrieval",
  "mteb_version": "1.6.23",
  "test": {
    "evaluation_time": 0.01,
    "map_at_1": 0.1,
    "map_at_10": 0.11422,
    "map_at_100": 0.13302,
    "map_at_1000": 0.13302,
    "map_at_20": 0.11698,
    "map_at_3": 0.11,
    "map_at_5": 0.11,
    "mrr_at_1": 0.1,
    "mrr_at_10": 0.1145,
    "mrr_at_100": 0.13684,
    "mrr_at_1000": 0.13684,
    "mrr_at_20": 0.12211,
    "mrr_at_3": 0.11,
    "mrr_at_5": 0.11,
    "ndcg_at_1": 0.1,
    "ndcg_at_10": 0.12442,
    "ndcg_at_100": 0.27376,
    "ndcg_at_1000": 0.27376,
    "ndcg_at_20": 0.13454,
    "ndcg_at_3": 0.11262,
    "ndcg_at_5": 0.11262,
    "precision_at_1": 0.1,
    "precision_at_10": 0.016,
    "precision_at_100": 0.01,
    "precision_at_1000": 0.001,
    "precision_at_20": 0.01,
    "precision_at_3": 0.04,
    "precision_at_5": 0.024,
    "recall_at_1": 0.1,
    "recall_at_10": 0.16,
    "recall_at_100": 1.0,
    "recall_at_1000": 1.0,
    "recall_at_20": 0.2,
    "recall_at_3": 0.12,
    "recall_at_5": 0.12
  }
}