{
  "dataset_revision": "6e346642246bfb4928c560ee08640dc84d074e8c",
  "mteb_dataset_name": "LEMBPasskeyRetrieval",
  "mteb_version": "1.6.23",
  "test": {
    "evaluation_time": 0.01,
    "map_at_1": 0.14,
    "map_at_10": 0.14,
    "map_at_100": 0.15934,
    "map_at_1000": 0.15934,
    "map_at_20": 0.14373,
    "map_at_3": 0.14,
    "map_at_5": 0.14,
    "mrr_at_1": 0.14,
    "mrr_at_10": 0.14,
    "mrr_at_100": 0.15885,
    "mrr_at_1000": 0.15885,
    "mrr_at_20": 0.14383,
    "mrr_at_3": 0.14,
    "mrr_at_5": 0.14,
    "ndcg_at_1": 0.14,
    "ndcg_at_10": 0.14,
    "ndcg_at_100": 0.29327,
    "ndcg_at_1000": 0.29327,
    "ndcg_at_20": 0.15464,
    "ndcg_at_3": 0.14,
    "ndcg_at_5": 0.14,
    "precision_at_1": 0.14,
    "precision_at_10": 0.014,
    "precision_at_100": 0.01,
    "precision_at_1000": 0.001,
    "precision_at_20": 0.01,
    "precision_at_3": 0.04667,
    "precision_at_5": 0.028,
    "recall_at_1": 0.14,
    "recall_at_10": 0.14,
    "recall_at_100": 1.0,
    "recall_at_1000": 1.0,
    "recall_at_20": 0.2,
    "recall_at_3": 0.14,
    "recall_at_5": 0.14
  }
}