{
  "dataset_revision": "6e346642246bfb4928c560ee08640dc84d074e8c",
  "mteb_dataset_name": "LEMBNeedleRetrieval",
  "mteb_version": "1.6.23",
  "test": {
    "evaluation_time": 2.59,
    "map_at_1": 0.6,
    "map_at_10": 0.70186,
    "map_at_100": 0.70614,
    "map_at_1000": 0.70614,
    "map_at_20": 0.70519,
    "map_at_3": 0.67,
    "map_at_5": 0.684,
    "mrr_at_1": 0.6,
    "mrr_at_10": 0.70186,
    "mrr_at_100": 0.70614,
    "mrr_at_1000": 0.70614,
    "mrr_at_20": 0.70519,
    "mrr_at_3": 0.67,
    "mrr_at_5": 0.684,
    "ndcg_at_1": 0.6,
    "ndcg_at_10": 0.75871,
    "ndcg_at_100": 0.77401,
    "ndcg_at_1000": 0.77401,
    "ndcg_at_20": 0.76952,
    "ndcg_at_3": 0.69309,
    "ndcg_at_5": 0.71806,
    "precision_at_1": 0.6,
    "precision_at_10": 0.094,
    "precision_at_100": 0.01,
    "precision_at_1000": 0.001,
    "precision_at_20": 0.049,
    "precision_at_3": 0.25333,
    "precision_at_5": 0.164,
    "recall_at_1": 0.6,
    "recall_at_10": 0.94,
    "recall_at_100": 1.0,
    "recall_at_1000": 1.0,
    "recall_at_20": 0.98,
    "recall_at_3": 0.76,
    "recall_at_5": 0.82
  }
}