{
  "dataset_revision": "6e346642246bfb4928c560ee08640dc84d074e8c",
  "mteb_dataset_name": "LEMBPasskeyRetrieval",
  "mteb_version": "1.6.23",
  "test": {
    "evaluation_time": 2.3,
    "map_at_1": 0.18,
    "map_at_10": 0.21963,
    "map_at_100": 0.24742,
    "map_at_1000": 0.24742,
    "map_at_20": 0.23803,
    "map_at_3": 0.2,
    "map_at_5": 0.2,
    "mrr_at_1": 0.18,
    "mrr_at_10": 0.21963,
    "mrr_at_100": 0.24742,
    "mrr_at_1000": 0.24742,
    "mrr_at_20": 0.23803,
    "mrr_at_3": 0.2,
    "mrr_at_5": 0.2,
    "ndcg_at_1": 0.18,
    "ndcg_at_10": 0.25525,
    "ndcg_at_100": 0.38825,
    "ndcg_at_1000": 0.38825,
    "ndcg_at_20": 0.32135,
    "ndcg_at_3": 0.20524,
    "ndcg_at_5": 0.20524,
    "precision_at_1": 0.18,
    "precision_at_10": 0.038,
    "precision_at_100": 0.01,
    "precision_at_1000": 0.001,
    "precision_at_20": 0.032,
    "precision_at_3": 0.07333,
    "precision_at_5": 0.044,
    "recall_at_1": 0.18,
    "recall_at_10": 0.38,
    "recall_at_100": 1.0,
    "recall_at_1000": 1.0,
    "recall_at_20": 0.64,
    "recall_at_3": 0.22,
    "recall_at_5": 0.22
  }
}