{
  "dataset_revision": "6e346642246bfb4928c560ee08640dc84d074e8c",
  "mteb_dataset_name": "LEMBPasskeyRetrieval",
  "mteb_version": "1.6.23",
  "test": {
    "evaluation_time": 115.23,
    "map_at_1": 0.22,
    "map_at_10": 0.273,
    "map_at_100": 0.28586,
    "map_at_1000": 0.28586,
    "map_at_20": 0.27567,
    "map_at_3": 0.25667,
    "map_at_5": 0.26567,
    "mrr_at_1": 0.22,
    "mrr_at_10": 0.273,
    "mrr_at_100": 0.28586,
    "mrr_at_1000": 0.28586,
    "mrr_at_20": 0.27567,
    "mrr_at_3": 0.25667,
    "mrr_at_5": 0.26567,
    "ndcg_at_1": 0.22,
    "ndcg_at_10": 0.30766,
    "ndcg_at_100": 0.41029,
    "ndcg_at_1000": 0.41029,
    "ndcg_at_20": 0.31761,
    "ndcg_at_3": 0.27262,
    "ndcg_at_5": 0.28897,
    "precision_at_1": 0.22,
    "precision_at_10": 0.042,
    "precision_at_100": 0.01,
    "precision_at_1000": 0.001,
    "precision_at_20": 0.023,
    "precision_at_3": 0.10667,
    "precision_at_5": 0.072,
    "recall_at_1": 0.22,
    "recall_at_10": 0.42,
    "recall_at_100": 1.0,
    "recall_at_1000": 1.0,
    "recall_at_20": 0.46,
    "recall_at_3": 0.32,
    "recall_at_5": 0.36
  }
}