{
  "dataset_revision": "6e346642246bfb4928c560ee08640dc84d074e8c",
  "mteb_dataset_name": "LEMBNeedleRetrieval",
  "mteb_version": "1.6.23",
  "test": {
    "evaluation_time": 113.97,
    "map_at_1": 0.3,
    "map_at_10": 0.46055,
    "map_at_100": 0.46901,
    "map_at_1000": 0.46901,
    "map_at_20": 0.46829,
    "map_at_3": 0.4,
    "map_at_5": 0.438,
    "mrr_at_1": 0.3,
    "mrr_at_10": 0.46055,
    "mrr_at_100": 0.46901,
    "mrr_at_1000": 0.46901,
    "mrr_at_20": 0.46829,
    "mrr_at_3": 0.4,
    "mrr_at_5": 0.438,
    "ndcg_at_1": 0.3,
    "ndcg_at_10": 0.5596,
    "ndcg_at_100": 0.59003,
    "ndcg_at_1000": 0.59003,
    "ndcg_at_20": 0.58591,
    "ndcg_at_3": 0.43571,
    "ndcg_at_5": 0.50287,
    "precision_at_1": 0.3,
    "precision_at_10": 0.088,
    "precision_at_100": 0.01,
    "precision_at_1000": 0.001,
    "precision_at_20": 0.049,
    "precision_at_3": 0.18,
    "precision_at_5": 0.14,
    "recall_at_1": 0.3,
    "recall_at_10": 0.88,
    "recall_at_100": 1.0,
    "recall_at_1000": 1.0,
    "recall_at_20": 0.98,
    "recall_at_3": 0.54,
    "recall_at_5": 0.7
  }
}