{
  "dataset_revision": "6e346642246bfb4928c560ee08640dc84d074e8c",
  "mteb_dataset_name": "LEMBPasskeyRetrieval",
  "mteb_version": "1.6.23",
  "test": {
    "evaluation_time": 0.01,
    "map_at_1": 0.18,
    "map_at_10": 0.19,
    "map_at_100": 0.20613,
    "map_at_1000": 0.20613,
    "map_at_20": 0.191,
    "map_at_3": 0.19,
    "map_at_5": 0.19,
    "mrr_at_1": 0.18,
    "mrr_at_10": 0.19,
    "mrr_at_100": 0.20694,
    "mrr_at_1000": 0.20694,
    "mrr_at_20": 0.191,
    "mrr_at_3": 0.19,
    "mrr_at_5": 0.19,
    "ndcg_at_1": 0.18,
    "ndcg_at_10": 0.19262,
    "ndcg_at_100": 0.33187,
    "ndcg_at_1000": 0.33187,
    "ndcg_at_20": 0.19717,
    "ndcg_at_3": 0.19262,
    "ndcg_at_5": 0.19262,
    "precision_at_1": 0.18,
    "precision_at_10": 0.02,
    "precision_at_100": 0.01,
    "precision_at_1000": 0.001,
    "precision_at_20": 0.011,
    "precision_at_3": 0.06667,
    "precision_at_5": 0.04,
    "recall_at_1": 0.18,
    "recall_at_10": 0.2,
    "recall_at_100": 1.0,
    "recall_at_1000": 1.0,
    "recall_at_20": 0.22,
    "recall_at_3": 0.2,
    "recall_at_5": 0.2
  }
}