{
  "dataset_revision": "6e346642246bfb4928c560ee08640dc84d074e8c",
  "mteb_dataset_name": "LEMBNeedleRetrieval",
  "mteb_version": "1.6.23",
  "test": {
    "evaluation_time": 0.01,
    "map_at_1": 0.16,
    "map_at_10": 0.16422,
    "map_at_100": 0.1817,
    "map_at_1000": 0.1817,
    "map_at_20": 0.1664,
    "map_at_3": 0.16,
    "map_at_5": 0.16,
    "mrr_at_1": 0.16,
    "mrr_at_10": 0.16422,
    "mrr_at_100": 0.18581,
    "mrr_at_1000": 0.18581,
    "mrr_at_20": 0.17248,
    "mrr_at_3": 0.16,
    "mrr_at_5": 0.16,
    "ndcg_at_1": 0.16,
    "ndcg_at_10": 0.1718,
    "ndcg_at_100": 0.31361,
    "ndcg_at_1000": 0.31361,
    "ndcg_at_20": 0.18115,
    "ndcg_at_3": 0.16,
    "ndcg_at_5": 0.16,
    "precision_at_1": 0.16,
    "precision_at_10": 0.02,
    "precision_at_100": 0.01,
    "precision_at_1000": 0.001,
    "precision_at_20": 0.012,
    "precision_at_3": 0.05333,
    "precision_at_5": 0.032,
    "recall_at_1": 0.16,
    "recall_at_10": 0.2,
    "recall_at_100": 1.0,
    "recall_at_1000": 1.0,
    "recall_at_20": 0.24,
    "recall_at_3": 0.16,
    "recall_at_5": 0.16
  }
}