{
  "dataset_revision": "6e346642246bfb4928c560ee08640dc84d074e8c",
  "mteb_dataset_name": "LEMBPasskeyRetrieval",
  "mteb_version": "1.6.23",
  "test": {
    "evaluation_time": 6.94,
    "map_at_1": 0.08,
    "map_at_10": 0.13283,
    "map_at_100": 0.15368,
    "map_at_1000": 0.15368,
    "map_at_20": 0.1416,
    "map_at_3": 0.11667,
    "map_at_5": 0.12167,
    "mrr_at_1": 0.08,
    "mrr_at_10": 0.13283,
    "mrr_at_100": 0.15368,
    "mrr_at_1000": 0.15368,
    "mrr_at_20": 0.1416,
    "mrr_at_3": 0.11667,
    "mrr_at_5": 0.12167,
    "ndcg_at_1": 0.08,
    "ndcg_at_10": 0.16281,
    "ndcg_at_100": 0.30118,
    "ndcg_at_1000": 0.30118,
    "ndcg_at_20": 0.1937,
    "ndcg_at_3": 0.12786,
    "ndcg_at_5": 0.13647,
    "precision_at_1": 0.08,
    "precision_at_10": 0.026,
    "precision_at_100": 0.01,
    "precision_at_1000": 0.001,
    "precision_at_20": 0.019,
    "precision_at_3": 0.05333,
    "precision_at_5": 0.036,
    "recall_at_1": 0.08,
    "recall_at_10": 0.26,
    "recall_at_100": 1.0,
    "recall_at_1000": 1.0,
    "recall_at_20": 0.38,
    "recall_at_3": 0.16,
    "recall_at_5": 0.18
  }
}