{
  "dataset_revision": "6e346642246bfb4928c560ee08640dc84d074e8c",
  "mteb_dataset_name": "LEMBNeedleRetrieval",
  "mteb_version": "1.6.23",
  "test": {
    "evaluation_time": 6.7,
    "map_at_1": 0.12,
    "map_at_10": 0.39867,
    "map_at_100": 0.40081,
    "map_at_1000": 0.40081,
    "map_at_20": 0.4001,
    "map_at_3": 0.32,
    "map_at_5": 0.392,
    "mrr_at_1": 0.12,
    "mrr_at_10": 0.39867,
    "mrr_at_100": 0.40081,
    "mrr_at_1000": 0.40081,
    "mrr_at_20": 0.4001,
    "mrr_at_3": 0.32,
    "mrr_at_5": 0.392,
    "ndcg_at_1": 0.12,
    "ndcg_at_10": 0.53701,
    "ndcg_at_100": 0.54624,
    "ndcg_at_1000": 0.54624,
    "ndcg_at_20": 0.54213,
    "ndcg_at_3": 0.39619,
    "ndcg_at_5": 0.52276,
    "precision_at_1": 0.12,
    "precision_at_10": 0.096,
    "precision_at_100": 0.01,
    "precision_at_1000": 0.001,
    "precision_at_20": 0.049,
    "precision_at_3": 0.20667,
    "precision_at_5": 0.184,
    "recall_at_1": 0.12,
    "recall_at_10": 0.96,
    "recall_at_100": 1.0,
    "recall_at_1000": 1.0,
    "recall_at_20": 0.98,
    "recall_at_3": 0.62,
    "recall_at_5": 0.92
  }
}