{
  "dataset_revision": "6e346642246bfb4928c560ee08640dc84d074e8c",
  "mteb_dataset_name": "LEMBNeedleRetrieval",
  "mteb_version": "1.6.23",
  "test": {
    "evaluation_time": 30.66,
    "map_at_1": 0.66,
    "map_at_10": 0.77883,
    "map_at_100": 0.77883,
    "map_at_1000": 0.77883,
    "map_at_20": 0.77883,
    "map_at_3": 0.74667,
    "map_at_5": 0.76967,
    "mrr_at_1": 0.66,
    "mrr_at_10": 0.77883,
    "mrr_at_100": 0.77883,
    "mrr_at_1000": 0.77883,
    "mrr_at_20": 0.77883,
    "mrr_at_3": 0.74667,
    "mrr_at_5": 0.76967,
    "ndcg_at_1": 0.66,
    "ndcg_at_10": 0.83282,
    "ndcg_at_100": 0.83282,
    "ndcg_at_1000": 0.83282,
    "ndcg_at_20": 0.83282,
    "ndcg_at_3": 0.77095,
    "ndcg_at_5": 0.81226,
    "precision_at_1": 0.66,
    "precision_at_10": 0.1,
    "precision_at_100": 0.01,
    "precision_at_1000": 0.001,
    "precision_at_20": 0.05,
    "precision_at_3": 0.28,
    "precision_at_5": 0.188,
    "recall_at_1": 0.66,
    "recall_at_10": 1.0,
    "recall_at_100": 1.0,
    "recall_at_1000": 1.0,
    "recall_at_20": 1.0,
    "recall_at_3": 0.84,
    "recall_at_5": 0.94
  }
}