{
  "dataset_revision": "6e346642246bfb4928c560ee08640dc84d074e8c",
  "mteb_dataset_name": "LEMBNeedleRetrieval",
  "mteb_version": "1.6.23",
  "test": {
    "evaluation_time": 160.11,
    "map_at_1": 0.24,
    "map_at_10": 0.48405,
    "map_at_100": 0.49065,
    "map_at_1000": 0.49065,
    "map_at_20": 0.48974,
    "map_at_3": 0.44667,
    "map_at_5": 0.46667,
    "mrr_at_1": 0.24,
    "mrr_at_10": 0.48405,
    "mrr_at_100": 0.49065,
    "mrr_at_1000": 0.49065,
    "mrr_at_20": 0.48974,
    "mrr_at_3": 0.44667,
    "mrr_at_5": 0.46667,
    "ndcg_at_1": 0.24,
    "ndcg_at_10": 0.58602,
    "ndcg_at_100": 0.61085,
    "ndcg_at_1000": 0.61085,
    "ndcg_at_20": 0.60643,
    "ndcg_at_3": 0.50713,
    "ndcg_at_5": 0.54582,
    "precision_at_1": 0.24,
    "precision_at_10": 0.09,
    "precision_at_100": 0.01,
    "precision_at_1000": 0.001,
    "precision_at_20": 0.049,
    "precision_at_3": 0.22667,
    "precision_at_5": 0.156,
    "recall_at_1": 0.24,
    "recall_at_10": 0.9,
    "recall_at_100": 1.0,
    "recall_at_1000": 1.0,
    "recall_at_20": 0.98,
    "recall_at_3": 0.68,
    "recall_at_5": 0.78
  }
}