{
  "dataset_revision": "6e346642246bfb4928c560ee08640dc84d074e8c",
  "mteb_dataset_name": "LEMBPasskeyRetrieval",
  "mteb_version": "1.6.23",
  "test": {
    "evaluation_time": 164.83,
    "map_at_1": 0.18,
    "map_at_10": 0.32122,
    "map_at_100": 0.33765,
    "map_at_1000": 0.33765,
    "map_at_20": 0.32619,
    "map_at_3": 0.30667,
    "map_at_5": 0.31567,
    "mrr_at_1": 0.18,
    "mrr_at_10": 0.32122,
    "mrr_at_100": 0.33765,
    "mrr_at_1000": 0.33765,
    "mrr_at_20": 0.32619,
    "mrr_at_3": 0.30667,
    "mrr_at_5": 0.31567,
    "ndcg_at_1": 0.18,
    "ndcg_at_10": 0.37568,
    "ndcg_at_100": 0.46943,
    "ndcg_at_1000": 0.46943,
    "ndcg_at_20": 0.39518,
    "ndcg_at_3": 0.34619,
    "ndcg_at_5": 0.36254,
    "precision_at_1": 0.18,
    "precision_at_10": 0.054,
    "precision_at_100": 0.01,
    "precision_at_1000": 0.001,
    "precision_at_20": 0.031,
    "precision_at_3": 0.15333,
    "precision_at_5": 0.1,
    "recall_at_1": 0.18,
    "recall_at_10": 0.54,
    "recall_at_100": 1.0,
    "recall_at_1000": 1.0,
    "recall_at_20": 0.62,
    "recall_at_3": 0.46,
    "recall_at_5": 0.5
  }
}