{
  "dataset_revision": "6e346642246bfb4928c560ee08640dc84d074e8c",
  "mteb_dataset_name": "LEMBPasskeyRetrieval",
  "mteb_version": "1.6.23",
  "test": {
    "evaluation_time": 4.09,
    "map_at_1": 0.02,
    "map_at_10": 0.07033,
    "map_at_100": 0.09456,
    "map_at_1000": 0.09456,
    "map_at_20": 0.08041,
    "map_at_3": 0.05,
    "map_at_5": 0.062,
    "mrr_at_1": 0.02,
    "mrr_at_10": 0.07033,
    "mrr_at_100": 0.09456,
    "mrr_at_1000": 0.09456,
    "mrr_at_20": 0.08041,
    "mrr_at_3": 0.05,
    "mrr_at_5": 0.062,
    "ndcg_at_1": 0.02,
    "ndcg_at_10": 0.10081,
    "ndcg_at_100": 0.25336,
    "ndcg_at_1000": 0.25336,
    "ndcg_at_20": 0.13667,
    "ndcg_at_3": 0.05786,
    "ndcg_at_5": 0.08107,
    "precision_at_1": 0.02,
    "precision_at_10": 0.02,
    "precision_at_100": 0.01,
    "precision_at_1000": 0.001,
    "precision_at_20": 0.017,
    "precision_at_3": 0.02667,
    "precision_at_5": 0.028,
    "recall_at_1": 0.02,
    "recall_at_10": 0.2,
    "recall_at_100": 1.0,
    "recall_at_1000": 1.0,
    "recall_at_20": 0.34,
    "recall_at_3": 0.08,
    "recall_at_5": 0.14
  }
}