{
  "dataset_revision": "6e346642246bfb4928c560ee08640dc84d074e8c",
  "mteb_dataset_name": "LEMBPasskeyRetrieval",
  "mteb_version": "1.6.23",
  "test": {
    "evaluation_time": 170.13,
    "map_at_1": 0.96,
    "map_at_10": 0.97,
    "map_at_100": 0.971,
    "map_at_1000": 0.971,
    "map_at_20": 0.971,
    "map_at_3": 0.97,
    "map_at_5": 0.97,
    "mrr_at_1": 0.96,
    "mrr_at_10": 0.97,
    "mrr_at_100": 0.971,
    "mrr_at_1000": 0.971,
    "mrr_at_20": 0.971,
    "mrr_at_3": 0.97,
    "mrr_at_5": 0.97,
    "ndcg_at_1": 0.96,
    "ndcg_at_10": 0.97262,
    "ndcg_at_100": 0.97717,
    "ndcg_at_1000": 0.97717,
    "ndcg_at_20": 0.97717,
    "ndcg_at_3": 0.97262,
    "ndcg_at_5": 0.97262,
    "precision_at_1": 0.96,
    "precision_at_10": 0.098,
    "precision_at_100": 0.01,
    "precision_at_1000": 0.001,
    "precision_at_20": 0.05,
    "precision_at_3": 0.32667,
    "precision_at_5": 0.196,
    "recall_at_1": 0.96,
    "recall_at_10": 0.98,
    "recall_at_100": 1.0,
    "recall_at_1000": 1.0,
    "recall_at_20": 1.0,
    "recall_at_3": 0.98,
    "recall_at_5": 0.98
  }
}