{
  "dataset_revision": "6e346642246bfb4928c560ee08640dc84d074e8c",
  "mteb_dataset_name": "LEMBNeedleRetrieval",
  "mteb_version": "1.6.23",
  "test": {
    "evaluation_time": 0.01,
    "map_at_1": 0.38,
    "map_at_10": 0.48,
    "map_at_100": 0.48679,
    "map_at_1000": 0.48679,
    "map_at_20": 0.481,
    "map_at_3": 0.46333,
    "map_at_5": 0.47333,
    "mrr_at_1": 0.38,
    "mrr_at_10": 0.48,
    "mrr_at_100": 0.4868,
    "mrr_at_1000": 0.4868,
    "mrr_at_20": 0.481,
    "mrr_at_3": 0.46333,
    "mrr_at_5": 0.47333,
    "ndcg_at_1": 0.38,
    "ndcg_at_10": 0.52457,
    "ndcg_at_100": 0.5829,
    "ndcg_at_1000": 0.5829,
    "ndcg_at_20": 0.52912,
    "ndcg_at_3": 0.49309,
    "ndcg_at_5": 0.51032,
    "precision_at_1": 0.38,
    "precision_at_10": 0.066,
    "precision_at_100": 0.01,
    "precision_at_1000": 0.001,
    "precision_at_20": 0.034,
    "precision_at_3": 0.19333,
    "precision_at_5": 0.124,
    "recall_at_1": 0.38,
    "recall_at_10": 0.66,
    "recall_at_100": 1.0,
    "recall_at_1000": 1.0,
    "recall_at_20": 0.68,
    "recall_at_3": 0.58,
    "recall_at_5": 0.62
  }
}