{
  "dataset_revision": "6e346642246bfb4928c560ee08640dc84d074e8c",
  "mteb_dataset_name": "LEMBNeedleRetrieval",
  "mteb_version": "1.6.23",
  "test": {
    "evaluation_time": 88.02,
    "map_at_1": 0.08,
    "map_at_10": 0.08422,
    "map_at_100": 0.10825,
    "map_at_1000": 0.10825,
    "map_at_20": 0.09206,
    "map_at_3": 0.08,
    "map_at_5": 0.08,
    "mrr_at_1": 0.08,
    "mrr_at_10": 0.08533,
    "mrr_at_100": 0.10987,
    "mrr_at_1000": 0.10987,
    "mrr_at_20": 0.09437,
    "mrr_at_3": 0.08,
    "mrr_at_5": 0.08,
    "ndcg_at_1": 0.08,
    "ndcg_at_10": 0.0918,
    "ndcg_at_100": 0.25507,
    "ndcg_at_1000": 0.25507,
    "ndcg_at_20": 0.11824,
    "ndcg_at_3": 0.08,
    "ndcg_at_5": 0.08,
    "precision_at_1": 0.08,
    "precision_at_10": 0.012,
    "precision_at_100": 0.01,
    "precision_at_1000": 0.001,
    "precision_at_20": 0.011,
    "precision_at_3": 0.02667,
    "precision_at_5": 0.016,
    "recall_at_1": 0.08,
    "recall_at_10": 0.12,
    "recall_at_100": 1.0,
    "recall_at_1000": 1.0,
    "recall_at_20": 0.22,
    "recall_at_3": 0.08,
    "recall_at_5": 0.08
  }
}