{
  "dataset_revision": "6e346642246bfb4928c560ee08640dc84d074e8c",
  "mteb_dataset_name": "LEMBNeedleRetrieval",
  "mteb_version": "1.6.23",
  "test": {
    "evaluation_time": 46.3,
    "map_at_1": 0.02,
    "map_at_10": 0.21033,
    "map_at_100": 0.22578,
    "map_at_1000": 0.22578,
    "map_at_20": 0.22134,
    "map_at_3": 0.14333,
    "map_at_5": 0.18433,
    "mrr_at_1": 0.02,
    "mrr_at_10": 0.21033,
    "mrr_at_100": 0.22578,
    "mrr_at_1000": 0.22578,
    "mrr_at_20": 0.22134,
    "mrr_at_3": 0.14333,
    "mrr_at_5": 0.18433,
    "ndcg_at_1": 0.02,
    "ndcg_at_10": 0.32154,
    "ndcg_at_100": 0.3922,
    "ndcg_at_1000": 0.3922,
    "ndcg_at_20": 0.36189,
    "ndcg_at_3": 0.18357,
    "ndcg_at_5": 0.25758,
    "precision_at_1": 0.02,
    "precision_at_10": 0.068,
    "precision_at_100": 0.01,
    "precision_at_1000": 0.001,
    "precision_at_20": 0.042,
    "precision_at_3": 0.1,
    "precision_at_5": 0.096,
    "recall_at_1": 0.02,
    "recall_at_10": 0.68,
    "recall_at_100": 1.0,
    "recall_at_1000": 1.0,
    "recall_at_20": 0.84,
    "recall_at_3": 0.3,
    "recall_at_5": 0.48
  }
}