{
  "dataset_revision": "6e346642246bfb4928c560ee08640dc84d074e8c",
  "mteb_dataset_name": "LEMBPasskeyRetrieval",
  "mteb_version": "1.6.23",
  "test": {
    "evaluation_time": 49.5,
    "map_at_1": 0.08,
    "map_at_10": 0.08622,
    "map_at_100": 0.10926,
    "map_at_1000": 0.10926,
    "map_at_20": 0.09503,
    "map_at_3": 0.08,
    "map_at_5": 0.08,
    "mrr_at_1": 0.08,
    "mrr_at_10": 0.08622,
    "mrr_at_100": 0.10926,
    "mrr_at_1000": 0.10926,
    "mrr_at_20": 0.09503,
    "mrr_at_3": 0.08,
    "mrr_at_5": 0.08,
    "ndcg_at_1": 0.08,
    "ndcg_at_10": 0.09758,
    "ndcg_at_100": 0.25603,
    "ndcg_at_1000": 0.25603,
    "ndcg_at_20": 0.12853,
    "ndcg_at_3": 0.08,
    "ndcg_at_5": 0.08,
    "precision_at_1": 0.08,
    "precision_at_10": 0.014,
    "precision_at_100": 0.01,
    "precision_at_1000": 0.001,
    "precision_at_20": 0.013,
    "precision_at_3": 0.02667,
    "precision_at_5": 0.016,
    "recall_at_1": 0.08,
    "recall_at_10": 0.14,
    "recall_at_100": 1.0,
    "recall_at_1000": 1.0,
    "recall_at_20": 0.26,
    "recall_at_3": 0.08,
    "recall_at_5": 0.08
  }
}