{
  "dataset_revision": "6e346642246bfb4928c560ee08640dc84d074e8c",
  "mteb_dataset_name": "LEMBPasskeyRetrieval",
  "mteb_version": "1.6.23",
  "test": {
    "evaluation_time": 2.56,
    "map_at_1": 0.02,
    "map_at_10": 0.04325,
    "map_at_100": 0.06717,
    "map_at_1000": 0.06717,
    "map_at_20": 0.052,
    "map_at_3": 0.02667,
    "map_at_5": 0.03567,
    "mrr_at_1": 0.0,
    "mrr_at_10": 0.02072,
    "mrr_at_100": 0.04363,
    "mrr_at_1000": 0.04363,
    "mrr_at_20": 0.02758,
    "mrr_at_3": 0.01,
    "mrr_at_5": 0.014,
    "ndcg_at_1": 0.02,
    "ndcg_at_10": 0.06535,
    "ndcg_at_100": 0.22566,
    "ndcg_at_1000": 0.22566,
    "ndcg_at_20": 0.09622,
    "ndcg_at_3": 0.03,
    "ndcg_at_5": 0.04635,
    "precision_at_1": 0.02,
    "precision_at_10": 0.014,
    "precision_at_100": 0.01,
    "precision_at_1000": 0.001,
    "precision_at_20": 0.013,
    "precision_at_3": 0.01333,
    "precision_at_5": 0.016,
    "recall_at_1": 0.02,
    "recall_at_10": 0.14,
    "recall_at_100": 1.0,
    "recall_at_1000": 1.0,
    "recall_at_20": 0.26,
    "recall_at_3": 0.04,
    "recall_at_5": 0.08
  }
}