{
  "dataset_revision": "6e346642246bfb4928c560ee08640dc84d074e8c",
  "mteb_dataset_name": "LEMBPasskeyRetrieval",
  "mteb_version": "1.6.23",
  "test": {
    "evaluation_time": 6.96,
    "map_at_1": 0.28,
    "map_at_10": 0.42083,
    "map_at_100": 0.42804,
    "map_at_1000": 0.42804,
    "map_at_20": 0.42189,
    "map_at_3": 0.41,
    "map_at_5": 0.415,
    "mrr_at_1": 0.28,
    "mrr_at_10": 0.42083,
    "mrr_at_100": 0.42804,
    "mrr_at_1000": 0.42804,
    "mrr_at_20": 0.42189,
    "mrr_at_3": 0.41,
    "mrr_at_5": 0.415,
    "ndcg_at_1": 0.28,
    "ndcg_at_10": 0.47561,
    "ndcg_at_100": 0.53791,
    "ndcg_at_1000": 0.53791,
    "ndcg_at_20": 0.48024,
    "ndcg_at_3": 0.45357,
    "ndcg_at_5": 0.46218,
    "precision_at_1": 0.28,
    "precision_at_10": 0.064,
    "precision_at_100": 0.01,
    "precision_at_1000": 0.001,
    "precision_at_20": 0.033,
    "precision_at_3": 0.19333,
    "precision_at_5": 0.12,
    "recall_at_1": 0.28,
    "recall_at_10": 0.64,
    "recall_at_100": 1.0,
    "recall_at_1000": 1.0,
    "recall_at_20": 0.66,
    "recall_at_3": 0.58,
    "recall_at_5": 0.6
  }
}