{
  "dataset_revision": "6e346642246bfb4928c560ee08640dc84d074e8c",
  "mteb_dataset_name": "LEMBNeedleRetrieval",
  "mteb_version": "1.6.23",
  "test": {
    "evaluation_time": 6.6,
    "map_at_1": 0.36,
    "map_at_10": 0.49733,
    "map_at_100": 0.51073,
    "map_at_1000": 0.51073,
    "map_at_20": 0.50679,
    "map_at_3": 0.47667,
    "map_at_5": 0.49067,
    "mrr_at_1": 0.36,
    "mrr_at_10": 0.494,
    "mrr_at_100": 0.5074,
    "mrr_at_1000": 0.5074,
    "mrr_at_20": 0.50345,
    "mrr_at_3": 0.47333,
    "mrr_at_5": 0.48733,
    "ndcg_at_1": 0.36,
    "ndcg_at_10": 0.55754,
    "ndcg_at_100": 0.61607,
    "ndcg_at_1000": 0.61607,
    "ndcg_at_20": 0.5893,
    "ndcg_at_3": 0.51833,
    "ndcg_at_5": 0.54329,
    "precision_at_1": 0.36,
    "precision_at_10": 0.074,
    "precision_at_100": 0.01,
    "precision_at_1000": 0.001,
    "precision_at_20": 0.043,
    "precision_at_3": 0.21333,
    "precision_at_5": 0.14,
    "recall_at_1": 0.36,
    "recall_at_10": 0.74,
    "recall_at_100": 1.0,
    "recall_at_1000": 1.0,
    "recall_at_20": 0.86,
    "recall_at_3": 0.64,
    "recall_at_5": 0.7
  }
}