{
  "dataset_revision": "6e346642246bfb4928c560ee08640dc84d074e8c",
  "mteb_dataset_name": "LEMBPasskeyRetrieval",
  "mteb_version": "1.6.23",
  "test": {
    "evaluation_time": 8.29,
    "map_at_1": 0.24,
    "map_at_10": 0.283,
    "map_at_100": 0.29399,
    "map_at_1000": 0.29399,
    "map_at_20": 0.28454,
    "map_at_3": 0.27,
    "map_at_5": 0.283,
    "mrr_at_1": 0.24,
    "mrr_at_10": 0.283,
    "mrr_at_100": 0.2939,
    "mrr_at_1000": 0.2939,
    "mrr_at_20": 0.28454,
    "mrr_at_3": 0.27,
    "mrr_at_5": 0.283,
    "ndcg_at_1": 0.24,
    "ndcg_at_10": 0.30194,
    "ndcg_at_100": 0.40908,
    "ndcg_at_1000": 0.40908,
    "ndcg_at_20": 0.3072,
    "ndcg_at_3": 0.27786,
    "ndcg_at_5": 0.30194,
    "precision_at_1": 0.24,
    "precision_at_10": 0.036,
    "precision_at_100": 0.01,
    "precision_at_1000": 0.001,
    "precision_at_20": 0.019,
    "precision_at_3": 0.1,
    "precision_at_5": 0.072,
    "recall_at_1": 0.24,
    "recall_at_10": 0.36,
    "recall_at_100": 1.0,
    "recall_at_1000": 1.0,
    "recall_at_20": 0.38,
    "recall_at_3": 0.3,
    "recall_at_5": 0.36
  }
}