{
  "dataset_revision": "6e346642246bfb4928c560ee08640dc84d074e8c",
  "mteb_dataset_name": "LEMBNeedleRetrieval",
  "mteb_version": "1.6.23",
  "test": {
    "evaluation_time": 8.17,
    "map_at_1": 0.24,
    "map_at_10": 0.34369,
    "map_at_100": 0.35313,
    "map_at_1000": 0.35313,
    "map_at_20": 0.34523,
    "map_at_3": 0.31333,
    "map_at_5": 0.33633,
    "mrr_at_1": 0.24,
    "mrr_at_10": 0.34369,
    "mrr_at_100": 0.35315,
    "mrr_at_1000": 0.35315,
    "mrr_at_20": 0.34523,
    "mrr_at_3": 0.31333,
    "mrr_at_5": 0.33633,
    "ndcg_at_1": 0.24,
    "ndcg_at_10": 0.39578,
    "ndcg_at_100": 0.47307,
    "ndcg_at_1000": 0.47307,
    "ndcg_at_20": 0.40104,
    "ndcg_at_3": 0.33571,
    "ndcg_at_5": 0.37703,
    "precision_at_1": 0.24,
    "precision_at_10": 0.056,
    "precision_at_100": 0.01,
    "precision_at_1000": 0.001,
    "precision_at_20": 0.029,
    "precision_at_3": 0.13333,
    "precision_at_5": 0.1,
    "recall_at_1": 0.24,
    "recall_at_10": 0.56,
    "recall_at_100": 1.0,
    "recall_at_1000": 1.0,
    "recall_at_20": 0.58,
    "recall_at_3": 0.4,
    "recall_at_5": 0.5
  }
}