{
  "dataset_revision": "6e346642246bfb4928c560ee08640dc84d074e8c",
  "mteb_dataset_name": "LEMBNeedleRetrieval",
  "mteb_version": "1.6.23",
  "test": {
    "evaluation_time": 0.01,
    "map_at_1": 0.5,
    "map_at_10": 0.59824,
    "map_at_100": 0.60759,
    "map_at_1000": 0.60759,
    "map_at_20": 0.6049,
    "map_at_3": 0.57333,
    "map_at_5": 0.58633,
    "mrr_at_1": 0.5,
    "mrr_at_10": 0.59824,
    "mrr_at_100": 0.60759,
    "mrr_at_1000": 0.60759,
    "mrr_at_20": 0.6049,
    "mrr_at_3": 0.57333,
    "mrr_at_5": 0.58633,
    "ndcg_at_1": 0.5,
    "ndcg_at_10": 0.64692,
    "ndcg_at_100": 0.69072,
    "ndcg_at_1000": 0.69072,
    "ndcg_at_20": 0.6719,
    "ndcg_at_3": 0.59571,
    "ndcg_at_5": 0.6198,
    "precision_at_1": 0.5,
    "precision_at_10": 0.08,
    "precision_at_100": 0.01,
    "precision_at_1000": 0.001,
    "precision_at_20": 0.045,
    "precision_at_3": 0.22,
    "precision_at_5": 0.144,
    "recall_at_1": 0.5,
    "recall_at_10": 0.8,
    "recall_at_100": 1.0,
    "recall_at_1000": 1.0,
    "recall_at_20": 0.9,
    "recall_at_3": 0.66,
    "recall_at_5": 0.72
  }
}