{
  "dataset_revision": "6e346642246bfb4928c560ee08640dc84d074e8c",
  "mteb_dataset_name": "LEMBPasskeyRetrieval",
  "mteb_version": "1.6.23",
  "test": {
    "evaluation_time": 0.01,
    "map_at_1": 0.16,
    "map_at_10": 0.3096,
    "map_at_100": 0.33335,
    "map_at_1000": 0.33335,
    "map_at_20": 0.32907,
    "map_at_3": 0.28667,
    "map_at_5": 0.29967,
    "mrr_at_1": 0.16,
    "mrr_at_10": 0.3096,
    "mrr_at_100": 0.33335,
    "mrr_at_1000": 0.33335,
    "mrr_at_20": 0.32907,
    "mrr_at_3": 0.28667,
    "mrr_at_5": 0.29967,
    "ndcg_at_1": 0.16,
    "ndcg_at_10": 0.37065,
    "ndcg_at_100": 0.47157,
    "ndcg_at_1000": 0.47157,
    "ndcg_at_20": 0.4415,
    "ndcg_at_3": 0.32142,
    "ndcg_at_5": 0.34551,
    "precision_at_1": 0.16,
    "precision_at_10": 0.056,
    "precision_at_100": 0.01,
    "precision_at_1000": 0.001,
    "precision_at_20": 0.042,
    "precision_at_3": 0.14,
    "precision_at_5": 0.096,
    "recall_at_1": 0.16,
    "recall_at_10": 0.56,
    "recall_at_100": 1.0,
    "recall_at_1000": 1.0,
    "recall_at_20": 0.84,
    "recall_at_3": 0.42,
    "recall_at_5": 0.48
  }
}