{
  "dataset_revision": "6e346642246bfb4928c560ee08640dc84d074e8c",
  "mteb_dataset_name": "LEMBPasskeyRetrieval",
  "mteb_version": "1.6.23",
  "test": {
    "evaluation_time": 69.07,
    "map_at_1": 0.92,
    "map_at_10": 0.935,
    "map_at_100": 0.93658,
    "map_at_1000": 0.93658,
    "map_at_20": 0.935,
    "map_at_3": 0.93,
    "map_at_5": 0.935,
    "mrr_at_1": 0.92,
    "mrr_at_10": 0.935,
    "mrr_at_100": 0.93658,
    "mrr_at_1000": 0.93658,
    "mrr_at_20": 0.935,
    "mrr_at_3": 0.93,
    "mrr_at_5": 0.935,
    "ndcg_at_1": 0.92,
    "ndcg_at_10": 0.94123,
    "ndcg_at_100": 0.94968,
    "ndcg_at_1000": 0.94968,
    "ndcg_at_20": 0.94123,
    "ndcg_at_3": 0.93262,
    "ndcg_at_5": 0.94123,
    "precision_at_1": 0.92,
    "precision_at_10": 0.096,
    "precision_at_100": 0.01,
    "precision_at_1000": 0.001,
    "precision_at_20": 0.048,
    "precision_at_3": 0.31333,
    "precision_at_5": 0.192,
    "recall_at_1": 0.92,
    "recall_at_10": 0.96,
    "recall_at_100": 1.0,
    "recall_at_1000": 1.0,
    "recall_at_20": 0.96,
    "recall_at_3": 0.94,
    "recall_at_5": 0.96
  }
}