{
  "dataset_revision": "6e346642246bfb4928c560ee08640dc84d074e8c",
  "mteb_dataset_name": "LEMBNeedleRetrieval",
  "mteb_version": "1.6.23",
  "test": {
    "evaluation_time": 67.87,
    "map_at_1": 0.46,
    "map_at_10": 0.65191,
    "map_at_100": 0.65191,
    "map_at_1000": 0.65191,
    "map_at_20": 0.65191,
    "map_at_3": 0.62,
    "map_at_5": 0.634,
    "mrr_at_1": 0.46,
    "mrr_at_10": 0.65191,
    "mrr_at_100": 0.65191,
    "mrr_at_1000": 0.65191,
    "mrr_at_20": 0.65191,
    "mrr_at_3": 0.62,
    "mrr_at_5": 0.634,
    "ndcg_at_1": 0.46,
    "ndcg_at_10": 0.73615,
    "ndcg_at_100": 0.73615,
    "ndcg_at_1000": 0.73615,
    "ndcg_at_20": 0.73615,
    "ndcg_at_3": 0.66666,
    "ndcg_at_5": 0.69162,
    "precision_at_1": 0.46,
    "precision_at_10": 0.1,
    "precision_at_100": 0.01,
    "precision_at_1000": 0.001,
    "precision_at_20": 0.05,
    "precision_at_3": 0.26667,
    "precision_at_5": 0.172,
    "recall_at_1": 0.46,
    "recall_at_10": 1.0,
    "recall_at_100": 1.0,
    "recall_at_1000": 1.0,
    "recall_at_20": 1.0,
    "recall_at_3": 0.8,
    "recall_at_5": 0.86
  }
}