{
  "dataset_revision": "6e346642246bfb4928c560ee08640dc84d074e8c",
  "mteb_dataset_name": "LEMBNeedleRetrieval",
  "mteb_version": "1.6.23",
  "test": {
    "evaluation_time": 70.63,
    "map_at_1": 0.82,
    "map_at_10": 0.89389,
    "map_at_100": 0.89389,
    "map_at_1000": 0.89389,
    "map_at_20": 0.89389,
    "map_at_3": 0.88667,
    "map_at_5": 0.89167,
    "mrr_at_1": 0.82,
    "mrr_at_10": 0.89389,
    "mrr_at_100": 0.89389,
    "mrr_at_1000": 0.89389,
    "mrr_at_20": 0.89389,
    "mrr_at_3": 0.88667,
    "mrr_at_5": 0.89167,
    "ndcg_at_1": 0.82,
    "ndcg_at_10": 0.92035,
    "ndcg_at_100": 0.92035,
    "ndcg_at_1000": 0.92035,
    "ndcg_at_20": 0.92035,
    "ndcg_at_3": 0.90571,
    "ndcg_at_5": 0.91433,
    "precision_at_1": 0.82,
    "precision_at_10": 0.1,
    "precision_at_100": 0.01,
    "precision_at_1000": 0.001,
    "precision_at_20": 0.05,
    "precision_at_3": 0.32,
    "precision_at_5": 0.196,
    "recall_at_1": 0.82,
    "recall_at_10": 1.0,
    "recall_at_100": 1.0,
    "recall_at_1000": 1.0,
    "recall_at_20": 1.0,
    "recall_at_3": 0.96,
    "recall_at_5": 0.98
  }
}