{
  "dataset_revision": "6e346642246bfb4928c560ee08640dc84d074e8c",
  "mteb_dataset_name": "LEMBNeedleRetrieval",
  "mteb_version": "1.6.23",
  "test": {
    "evaluation_time": 22.12,
    "map_at_1": 0.02,
    "map_at_10": 0.03272,
    "map_at_100": 0.05582,
    "map_at_1000": 0.05582,
    "map_at_20": 0.04144,
    "map_at_3": 0.02,
    "map_at_5": 0.028,
    "mrr_at_1": 0.02,
    "mrr_at_10": 0.02844,
    "mrr_at_100": 0.05373,
    "mrr_at_1000": 0.05373,
    "mrr_at_20": 0.03977,
    "mrr_at_3": 0.02,
    "mrr_at_5": 0.024,
    "ndcg_at_1": 0.02,
    "ndcg_at_10": 0.0478,
    "ndcg_at_100": 0.21263,
    "ndcg_at_1000": 0.21263,
    "ndcg_at_20": 0.08191,
    "ndcg_at_3": 0.02,
    "ndcg_at_5": 0.03547,
    "precision_at_1": 0.02,
    "precision_at_10": 0.01,
    "precision_at_100": 0.01,
    "precision_at_1000": 0.001,
    "precision_at_20": 0.012,
    "precision_at_3": 0.00667,
    "precision_at_5": 0.012,
    "recall_at_1": 0.02,
    "recall_at_10": 0.1,
    "recall_at_100": 1.0,
    "recall_at_1000": 1.0,
    "recall_at_20": 0.24,
    "recall_at_3": 0.02,
    "recall_at_5": 0.06
  }
}