{
  "dataset_revision": "6e346642246bfb4928c560ee08640dc84d074e8c",
  "mteb_dataset_name": "LEMBPasskeyRetrieval",
  "mteb_version": "1.6.23",
  "test": {
    "evaluation_time": 19.74,
    "map_at_1": 0.06,
    "map_at_10": 0.0825,
    "map_at_100": 0.1038,
    "map_at_1000": 0.1038,
    "map_at_20": 0.08927,
    "map_at_3": 0.06667,
    "map_at_5": 0.07667,
    "mrr_at_1": 0.06,
    "mrr_at_10": 0.0825,
    "mrr_at_100": 0.10389,
    "mrr_at_1000": 0.10389,
    "mrr_at_20": 0.08927,
    "mrr_at_3": 0.06667,
    "mrr_at_5": 0.07667,
    "ndcg_at_1": 0.06,
    "ndcg_at_10": 0.10066,
    "ndcg_at_100": 0.25361,
    "ndcg_at_1000": 0.25361,
    "ndcg_at_20": 0.12572,
    "ndcg_at_3": 0.07,
    "ndcg_at_5": 0.08723,
    "precision_at_1": 0.06,
    "precision_at_10": 0.016,
    "precision_at_100": 0.01,
    "precision_at_1000": 0.001,
    "precision_at_20": 0.013,
    "precision_at_3": 0.02667,
    "precision_at_5": 0.024,
    "recall_at_1": 0.06,
    "recall_at_10": 0.16,
    "recall_at_100": 1.0,
    "recall_at_1000": 1.0,
    "recall_at_20": 0.26,
    "recall_at_3": 0.08,
    "recall_at_5": 0.12
  }
}