{
  "dataset_revision": "6e346642246bfb4928c560ee08640dc84d074e8c",
  "mteb_dataset_name": "LEMBPasskeyRetrieval",
  "mteb_version": "1.6.23",
  "test": {
    "evaluation_time": 26.3,
    "map_at_1": 0.0,
    "map_at_10": 0.02667,
    "map_at_100": 0.04828,
    "map_at_1000": 0.04828,
    "map_at_20": 0.03092,
    "map_at_3": 0.02667,
    "map_at_5": 0.02667,
    "mrr_at_1": 0.0,
    "mrr_at_10": 0.02667,
    "mrr_at_100": 0.04832,
    "mrr_at_1000": 0.04832,
    "mrr_at_20": 0.03194,
    "mrr_at_3": 0.02667,
    "mrr_at_5": 0.02667,
    "ndcg_at_1": 0.0,
    "ndcg_at_10": 0.03524,
    "ndcg_at_100": 0.20334,
    "ndcg_at_1000": 0.20334,
    "ndcg_at_20": 0.05053,
    "ndcg_at_3": 0.03524,
    "ndcg_at_5": 0.03524,
    "precision_at_1": 0.0,
    "precision_at_10": 0.006,
    "precision_at_100": 0.01,
    "precision_at_1000": 0.001,
    "precision_at_20": 0.006,
    "precision_at_3": 0.02,
    "precision_at_5": 0.012,
    "recall_at_1": 0.0,
    "recall_at_10": 0.06,
    "recall_at_100": 1.0,
    "recall_at_1000": 1.0,
    "recall_at_20": 0.12,
    "recall_at_3": 0.06,
    "recall_at_5": 0.06
  }
}