{
  "dataset_revision": "6e346642246bfb4928c560ee08640dc84d074e8c",
  "mteb_dataset_name": "LEMBNeedleRetrieval",
  "mteb_version": "1.6.23",
  "test": {
    "evaluation_time": 0.01,
    "map_at_1": 0.02,
    "map_at_10": 0.04086,
    "map_at_100": 0.06499,
    "map_at_1000": 0.06499,
    "map_at_20": 0.04821,
    "map_at_3": 0.03,
    "map_at_5": 0.038,
    "mrr_at_1": 0.02,
    "mrr_at_10": 0.04511,
    "mrr_at_100": 0.06719,
    "mrr_at_1000": 0.06719,
    "mrr_at_20": 0.05029,
    "mrr_at_3": 0.03667,
    "mrr_at_5": 0.04067,
    "ndcg_at_1": 0.02,
    "ndcg_at_10": 0.05476,
    "ndcg_at_100": 0.2214,
    "ndcg_at_1000": 0.2214,
    "ndcg_at_20": 0.08055,
    "ndcg_at_3": 0.03262,
    "ndcg_at_5": 0.04809,
    "precision_at_1": 0.02,
    "precision_at_10": 0.01,
    "precision_at_100": 0.01,
    "precision_at_1000": 0.001,
    "precision_at_20": 0.01,
    "precision_at_3": 0.01333,
    "precision_at_5": 0.016,
    "recall_at_1": 0.02,
    "recall_at_10": 0.1,
    "recall_at_100": 1.0,
    "recall_at_1000": 1.0,
    "recall_at_20": 0.2,
    "recall_at_3": 0.04,
    "recall_at_5": 0.08
  }
}