{
  "dataset_revision": "6e346642246bfb4928c560ee08640dc84d074e8c",
  "mteb_dataset_name": "LEMBPasskeyRetrieval",
  "mteb_version": "1.6.23",
  "test": {
    "evaluation_time": 1.43,
    "map_at_1": 0.22,
    "map_at_10": 0.2566,
    "map_at_100": 0.27285,
    "map_at_1000": 0.27285,
    "map_at_20": 0.26114,
    "map_at_3": 0.24667,
    "map_at_5": 0.24667,
    "mrr_at_1": 0.22,
    "mrr_at_10": 0.2566,
    "mrr_at_100": 0.27285,
    "mrr_at_1000": 0.27285,
    "mrr_at_20": 0.26114,
    "mrr_at_3": 0.24667,
    "mrr_at_5": 0.24667,
    "ndcg_at_1": 0.22,
    "ndcg_at_10": 0.28037,
    "ndcg_at_100": 0.39726,
    "ndcg_at_1000": 0.39726,
    "ndcg_at_20": 0.29598,
    "ndcg_at_3": 0.25524,
    "ndcg_at_5": 0.25524,
    "precision_at_1": 0.22,
    "precision_at_10": 0.036,
    "precision_at_100": 0.01,
    "precision_at_1000": 0.001,
    "precision_at_20": 0.021,
    "precision_at_3": 0.09333,
    "precision_at_5": 0.056,
    "recall_at_1": 0.22,
    "recall_at_10": 0.36,
    "recall_at_100": 1.0,
    "recall_at_1000": 1.0,
    "recall_at_20": 0.42,
    "recall_at_3": 0.28,
    "recall_at_5": 0.28
  }
}