{
  "dataset_revision": "6e346642246bfb4928c560ee08640dc84d074e8c",
  "mteb_dataset_name": "LEMBNeedleRetrieval",
  "mteb_version": "1.6.23",
  "test": {
    "evaluation_time": 1.46,
    "map_at_1": 0.48,
    "map_at_10": 0.61225,
    "map_at_100": 0.62081,
    "map_at_1000": 0.62081,
    "map_at_20": 0.62007,
    "map_at_3": 0.57333,
    "map_at_5": 0.60133,
    "mrr_at_1": 0.48,
    "mrr_at_10": 0.61225,
    "mrr_at_100": 0.62081,
    "mrr_at_1000": 0.62081,
    "mrr_at_20": 0.62007,
    "mrr_at_3": 0.57333,
    "mrr_at_5": 0.60133,
    "ndcg_at_1": 0.48,
    "ndcg_at_10": 0.677,
    "ndcg_at_100": 0.70755,
    "ndcg_at_1000": 0.70755,
    "ndcg_at_20": 0.70339,
    "ndcg_at_3": 0.60095,
    "ndcg_at_5": 0.65088,
    "precision_at_1": 0.48,
    "precision_at_10": 0.088,
    "precision_at_100": 0.01,
    "precision_at_1000": 0.001,
    "precision_at_20": 0.049,
    "precision_at_3": 0.22667,
    "precision_at_5": 0.16,
    "recall_at_1": 0.48,
    "recall_at_10": 0.88,
    "recall_at_100": 1.0,
    "recall_at_1000": 1.0,
    "recall_at_20": 0.98,
    "recall_at_3": 0.68,
    "recall_at_5": 0.8
  }
}