{
  "dataset_revision": "6e346642246bfb4928c560ee08640dc84d074e8c",
  "mteb_dataset_name": "LEMBNeedleRetrieval",
  "mteb_version": "1.6.23",
  "test": {
    "evaluation_time": 48.19,
    "map_at_1": 0.34,
    "map_at_10": 0.47205,
    "map_at_100": 0.47918,
    "map_at_1000": 0.47918,
    "map_at_20": 0.47624,
    "map_at_3": 0.41667,
    "map_at_5": 0.44567,
    "mrr_at_1": 0.34,
    "mrr_at_10": 0.47205,
    "mrr_at_100": 0.47918,
    "mrr_at_1000": 0.47918,
    "mrr_at_20": 0.47624,
    "mrr_at_3": 0.41667,
    "mrr_at_5": 0.44567,
    "ndcg_at_1": 0.34,
    "ndcg_at_10": 0.56246,
    "ndcg_at_100": 0.59429,
    "ndcg_at_1000": 0.59429,
    "ndcg_at_20": 0.5777,
    "ndcg_at_3": 0.44309,
    "ndcg_at_5": 0.49813,
    "precision_at_1": 0.34,
    "precision_at_10": 0.086,
    "precision_at_100": 0.01,
    "precision_at_1000": 0.001,
    "precision_at_20": 0.046,
    "precision_at_3": 0.17333,
    "precision_at_5": 0.132,
    "recall_at_1": 0.34,
    "recall_at_10": 0.86,
    "recall_at_100": 1.0,
    "recall_at_1000": 1.0,
    "recall_at_20": 0.92,
    "recall_at_3": 0.52,
    "recall_at_5": 0.66
  }
}