{
  "dataset_revision": "6e346642246bfb4928c560ee08640dc84d074e8c",
  "mteb_dataset_name": "LEMBPasskeyRetrieval",
  "mteb_version": "1.6.23",
  "test": {
    "evaluation_time": 47.51,
    "map_at_1": 0.1,
    "map_at_10": 0.12589,
    "map_at_100": 0.15466,
    "map_at_1000": 0.15466,
    "map_at_20": 0.13963,
    "map_at_3": 0.1,
    "map_at_5": 0.108,
    "mrr_at_1": 0.1,
    "mrr_at_10": 0.12589,
    "mrr_at_100": 0.15466,
    "mrr_at_1000": 0.15466,
    "mrr_at_20": 0.13963,
    "mrr_at_3": 0.1,
    "mrr_at_5": 0.108,
    "ndcg_at_1": 0.1,
    "ndcg_at_10": 0.15992,
    "ndcg_at_100": 0.3112,
    "ndcg_at_1000": 0.3112,
    "ndcg_at_20": 0.21363,
    "ndcg_at_3": 0.1,
    "ndcg_at_5": 0.11547,
    "precision_at_1": 0.1,
    "precision_at_10": 0.028,
    "precision_at_100": 0.01,
    "precision_at_1000": 0.001,
    "precision_at_20": 0.025,
    "precision_at_3": 0.03333,
    "precision_at_5": 0.028,
    "recall_at_1": 0.1,
    "recall_at_10": 0.28,
    "recall_at_100": 1.0,
    "recall_at_1000": 1.0,
    "recall_at_20": 0.5,
    "recall_at_3": 0.1,
    "recall_at_5": 0.14
  }
}