{
  "dataset_revision": "6e346642246bfb4928c560ee08640dc84d074e8c",
  "mteb_dataset_name": "LEMBNeedleRetrieval",
  "mteb_version": "1.6.23",
  "test": {
    "evaluation_time": 7.5,
    "map_at_1": 0.4,
    "map_at_10": 0.49322,
    "map_at_100": 0.50009,
    "map_at_1000": 0.50009,
    "map_at_20": 0.49547,
    "map_at_3": 0.45667,
    "map_at_5": 0.47667,
    "mrr_at_1": 0.4,
    "mrr_at_10": 0.49322,
    "mrr_at_100": 0.50009,
    "mrr_at_1000": 0.50009,
    "mrr_at_20": 0.49547,
    "mrr_at_3": 0.45667,
    "mrr_at_5": 0.47667,
    "ndcg_at_1": 0.4,
    "ndcg_at_10": 0.55542,
    "ndcg_at_100": 0.60112,
    "ndcg_at_1000": 0.60112,
    "ndcg_at_20": 0.56486,
    "ndcg_at_3": 0.47786,
    "ndcg_at_5": 0.51231,
    "precision_at_1": 0.4,
    "precision_at_10": 0.076,
    "precision_at_100": 0.01,
    "precision_at_1000": 0.001,
    "precision_at_20": 0.04,
    "precision_at_3": 0.18,
    "precision_at_5": 0.124,
    "recall_at_1": 0.4,
    "recall_at_10": 0.76,
    "recall_at_100": 1.0,
    "recall_at_1000": 1.0,
    "recall_at_20": 0.8,
    "recall_at_3": 0.54,
    "recall_at_5": 0.62
  }
}