{
  "dataset_revision": "6e346642246bfb4928c560ee08640dc84d074e8c",
  "mteb_dataset_name": "LEMBPasskeyRetrieval",
  "mteb_version": "1.6.23",
  "test": {
    "evaluation_time": 4.27,
    "map_at_1": 0.04,
    "map_at_10": 0.1391,
    "map_at_100": 0.15465,
    "map_at_1000": 0.15465,
    "map_at_20": 0.14624,
    "map_at_3": 0.06667,
    "map_at_5": 0.12667,
    "mrr_at_1": 0.04,
    "mrr_at_10": 0.1391,
    "mrr_at_100": 0.15465,
    "mrr_at_1000": 0.15465,
    "mrr_at_20": 0.14624,
    "mrr_at_3": 0.06667,
    "mrr_at_5": 0.12667,
    "ndcg_at_1": 0.04,
    "ndcg_at_10": 0.21904,
    "ndcg_at_100": 0.3182,
    "ndcg_at_1000": 0.3182,
    "ndcg_at_20": 0.24785,
    "ndcg_at_3": 0.08,
    "ndcg_at_5": 0.18759,
    "precision_at_1": 0.04,
    "precision_at_10": 0.048,
    "precision_at_100": 0.01,
    "precision_at_1000": 0.001,
    "precision_at_20": 0.03,
    "precision_at_3": 0.04,
    "precision_at_5": 0.076,
    "recall_at_1": 0.04,
    "recall_at_10": 0.48,
    "recall_at_100": 1.0,
    "recall_at_1000": 1.0,
    "recall_at_20": 0.6,
    "recall_at_3": 0.12,
    "recall_at_5": 0.38
  }
}