{
  "dataset_revision": "6e346642246bfb4928c560ee08640dc84d074e8c",
  "mteb_dataset_name": "LEMBPasskeyRetrieval",
  "mteb_version": "1.6.23",
  "test": {
    "evaluation_time": 0.01,
    "map_at_1": 0.2,
    "map_at_10": 0.2,
    "map_at_100": 0.21726,
    "map_at_1000": 0.21726,
    "map_at_20": 0.20205,
    "map_at_3": 0.2,
    "map_at_5": 0.2,
    "mrr_at_1": 0.2,
    "mrr_at_10": 0.2,
    "mrr_at_100": 0.21702,
    "mrr_at_1000": 0.21702,
    "mrr_at_20": 0.20205,
    "mrr_at_3": 0.2,
    "mrr_at_5": 0.2,
    "ndcg_at_1": 0.2,
    "ndcg_at_10": 0.2,
    "ndcg_at_100": 0.34136,
    "ndcg_at_1000": 0.34136,
    "ndcg_at_20": 0.20918,
    "ndcg_at_3": 0.2,
    "ndcg_at_5": 0.2,
    "precision_at_1": 0.2,
    "precision_at_10": 0.02,
    "precision_at_100": 0.01,
    "precision_at_1000": 0.001,
    "precision_at_20": 0.012,
    "precision_at_3": 0.06667,
    "precision_at_5": 0.04,
    "recall_at_1": 0.2,
    "recall_at_10": 0.2,
    "recall_at_100": 1.0,
    "recall_at_1000": 1.0,
    "recall_at_20": 0.24,
    "recall_at_3": 0.2,
    "recall_at_5": 0.2
  }
}