{
  "dataset_revision": "6e346642246bfb4928c560ee08640dc84d074e8c",
  "mteb_dataset_name": "LEMBNeedleRetrieval",
  "mteb_version": "1.6.23",
  "test": {
    "evaluation_time": 32.35,
    "map_at_1": 0.04,
    "map_at_10": 0.07267,
    "map_at_100": 0.09442,
    "map_at_1000": 0.09442,
    "map_at_20": 0.08124,
    "map_at_3": 0.06,
    "map_at_5": 0.064,
    "mrr_at_1": 0.04,
    "mrr_at_10": 0.07583,
    "mrr_at_100": 0.09799,
    "mrr_at_1000": 0.09799,
    "mrr_at_20": 0.08461,
    "mrr_at_3": 0.06,
    "mrr_at_5": 0.07,
    "ndcg_at_1": 0.04,
    "ndcg_at_10": 0.093,
    "ndcg_at_100": 0.24717,
    "ndcg_at_1000": 0.24717,
    "ndcg_at_20": 0.12695,
    "ndcg_at_3": 0.06524,
    "ndcg_at_5": 0.07297,
    "precision_at_1": 0.04,
    "precision_at_10": 0.016,
    "precision_at_100": 0.01,
    "precision_at_1000": 0.001,
    "precision_at_20": 0.015,
    "precision_at_3": 0.02667,
    "precision_at_5": 0.02,
    "recall_at_1": 0.04,
    "recall_at_10": 0.16,
    "recall_at_100": 1.0,
    "recall_at_1000": 1.0,
    "recall_at_20": 0.3,
    "recall_at_3": 0.08,
    "recall_at_5": 0.1
  }
}