{
  "dataset_revision": "6e346642246bfb4928c560ee08640dc84d074e8c",
  "mteb_dataset_name": "LEMBNeedleRetrieval",
  "mteb_version": "1.6.23",
  "test": {
    "evaluation_time": 6.42,
    "map_at_1": 0.1,
    "map_at_10": 0.11,
    "map_at_100": 0.13139,
    "map_at_1000": 0.13139,
    "map_at_20": 0.11647,
    "map_at_3": 0.11,
    "map_at_5": 0.11,
    "mrr_at_1": 0.1,
    "mrr_at_10": 0.112,
    "mrr_at_100": 0.1347,
    "mrr_at_1000": 0.1347,
    "mrr_at_20": 0.11794,
    "mrr_at_3": 0.11,
    "mrr_at_5": 0.11,
    "ndcg_at_1": 0.1,
    "ndcg_at_10": 0.11262,
    "ndcg_at_100": 0.2715,
    "ndcg_at_1000": 0.2715,
    "ndcg_at_20": 0.13727,
    "ndcg_at_3": 0.11262,
    "ndcg_at_5": 0.11262,
    "precision_at_1": 0.1,
    "precision_at_10": 0.012,
    "precision_at_100": 0.01,
    "precision_at_1000": 0.001,
    "precision_at_20": 0.011,
    "precision_at_3": 0.04,
    "precision_at_5": 0.024,
    "recall_at_1": 0.1,
    "recall_at_10": 0.12,
    "recall_at_100": 1.0,
    "recall_at_1000": 1.0,
    "recall_at_20": 0.22,
    "recall_at_3": 0.12,
    "recall_at_5": 0.12
  }
}