{
  "dataset_revision": "6e346642246bfb4928c560ee08640dc84d074e8c",
  "mteb_dataset_name": "LEMBPasskeyRetrieval",
  "mteb_version": "1.6.23",
  "test": {
    "evaluation_time": 367.28,
    "map_at_1": 0.02,
    "map_at_10": 0.06386,
    "map_at_100": 0.08579,
    "map_at_1000": 0.08579,
    "map_at_20": 0.068,
    "map_at_3": 0.04,
    "map_at_5": 0.059,
    "mrr_at_1": 0.02,
    "mrr_at_10": 0.06386,
    "mrr_at_100": 0.08579,
    "mrr_at_1000": 0.08579,
    "mrr_at_20": 0.068,
    "mrr_at_3": 0.04,
    "mrr_at_5": 0.059,
    "ndcg_at_1": 0.02,
    "ndcg_at_10": 0.09126,
    "ndcg_at_100": 0.24402,
    "ndcg_at_1000": 0.24402,
    "ndcg_at_20": 0.10643,
    "ndcg_at_3": 0.04524,
    "ndcg_at_5": 0.07881,
    "precision_at_1": 0.02,
    "precision_at_10": 0.018,
    "precision_at_100": 0.01,
    "precision_at_1000": 0.001,
    "precision_at_20": 0.012,
    "precision_at_3": 0.02,
    "precision_at_5": 0.028,
    "recall_at_1": 0.02,
    "recall_at_10": 0.18,
    "recall_at_100": 1.0,
    "recall_at_1000": 1.0,
    "recall_at_20": 0.24,
    "recall_at_3": 0.06,
    "recall_at_5": 0.14
  }
}