{
  "dataset_revision": "6e346642246bfb4928c560ee08640dc84d074e8c",
  "mteb_dataset_name": "LEMBNeedleRetrieval",
  "mteb_version": "1.6.23",
  "test": {
    "evaluation_time": 0.05,
    "map_at_1": 0.0,
    "map_at_10": 0.04075,
    "map_at_100": 0.07955,
    "map_at_1000": 0.07955,
    "map_at_20": 0.0682,
    "map_at_3": 0.01667,
    "map_at_5": 0.02467,
    "mrr_at_1": 0.0,
    "mrr_at_10": 0.04075,
    "mrr_at_100": 0.07955,
    "mrr_at_1000": 0.07955,
    "mrr_at_20": 0.0682,
    "mrr_at_3": 0.01667,
    "mrr_at_5": 0.02467,
    "ndcg_at_1": 0.0,
    "ndcg_at_10": 0.08074,
    "ndcg_at_100": 0.25452,
    "ndcg_at_1000": 0.25452,
    "ndcg_at_20": 0.17812,
    "ndcg_at_3": 0.02262,
    "ndcg_at_5": 0.03809,
    "precision_at_1": 0.0,
    "precision_at_10": 0.022,
    "precision_at_100": 0.01,
    "precision_at_1000": 0.001,
    "precision_at_20": 0.03,
    "precision_at_3": 0.01333,
    "precision_at_5": 0.016,
    "recall_at_1": 0.0,
    "recall_at_10": 0.22,
    "recall_at_100": 1.0,
    "recall_at_1000": 1.0,
    "recall_at_20": 0.6,
    "recall_at_3": 0.04,
    "recall_at_5": 0.08
  }
}