{
  "dataset_revision": "6e346642246bfb4928c560ee08640dc84d074e8c",
  "mteb_dataset_name": "LEMBNeedleRetrieval",
  "mteb_version": "1.6.23",
  "test": {
    "evaluation_time": 26.09,
    "map_at_1": 0.28,
    "map_at_10": 0.48367,
    "map_at_100": 0.4892,
    "map_at_1000": 0.4892,
    "map_at_20": 0.48774,
    "map_at_3": 0.43667,
    "map_at_5": 0.46367,
    "mrr_at_1": 0.28,
    "mrr_at_10": 0.48367,
    "mrr_at_100": 0.4892,
    "mrr_at_1000": 0.4892,
    "mrr_at_20": 0.48774,
    "mrr_at_3": 0.43667,
    "mrr_at_5": 0.46367,
    "ndcg_at_1": 0.28,
    "ndcg_at_10": 0.58447,
    "ndcg_at_100": 0.60783,
    "ndcg_at_1000": 0.60783,
    "ndcg_at_20": 0.59955,
    "ndcg_at_3": 0.4888,
    "ndcg_at_5": 0.53786,
    "precision_at_1": 0.28,
    "precision_at_10": 0.09,
    "precision_at_100": 0.01,
    "precision_at_1000": 0.001,
    "precision_at_20": 0.048,
    "precision_at_3": 0.21333,
    "precision_at_5": 0.152,
    "recall_at_1": 0.28,
    "recall_at_10": 0.9,
    "recall_at_100": 1.0,
    "recall_at_1000": 1.0,
    "recall_at_20": 0.96,
    "recall_at_3": 0.64,
    "recall_at_5": 0.76
  }
}