{
  "dataset_revision": "6e346642246bfb4928c560ee08640dc84d074e8c",
  "mteb_dataset_name": "LEMBNeedleRetrieval",
  "mteb_version": "1.6.23",
  "test": {
    "evaluation_time": 0.01,
    "map_at_1": 0.52,
    "map_at_10": 0.62008,
    "map_at_100": 0.62774,
    "map_at_1000": 0.62774,
    "map_at_20": 0.62377,
    "map_at_3": 0.61,
    "map_at_5": 0.61,
    "mrr_at_1": 0.52,
    "mrr_at_10": 0.62008,
    "mrr_at_100": 0.62774,
    "mrr_at_1000": 0.62774,
    "mrr_at_20": 0.62377,
    "mrr_at_3": 0.61,
    "mrr_at_5": 0.61,
    "ndcg_at_1": 0.52,
    "ndcg_at_10": 0.6684,
    "ndcg_at_100": 0.70696,
    "ndcg_at_1000": 0.70696,
    "ndcg_at_20": 0.68299,
    "ndcg_at_3": 0.64309,
    "ndcg_at_5": 0.64309,
    "precision_at_1": 0.52,
    "precision_at_10": 0.082,
    "precision_at_100": 0.01,
    "precision_at_1000": 0.001,
    "precision_at_20": 0.044,
    "precision_at_3": 0.24667,
    "precision_at_5": 0.148,
    "recall_at_1": 0.52,
    "recall_at_10": 0.82,
    "recall_at_100": 1.0,
    "recall_at_1000": 1.0,
    "recall_at_20": 0.88,
    "recall_at_3": 0.74,
    "recall_at_5": 0.74
  }
}