{
  "dataset_revision": "6e346642246bfb4928c560ee08640dc84d074e8c",
  "mteb_dataset_name": "LEMBPasskeyRetrieval",
  "mteb_version": "1.6.23",
  "test": {
    "evaluation_time": 0.01,
    "map_at_1": 0.64,
    "map_at_10": 0.65856,
    "map_at_100": 0.67117,
    "map_at_1000": 0.67117,
    "map_at_20": 0.6664,
    "map_at_3": 0.64,
    "map_at_5": 0.653,
    "mrr_at_1": 0.64,
    "mrr_at_10": 0.65856,
    "mrr_at_100": 0.67117,
    "mrr_at_1000": 0.67117,
    "mrr_at_20": 0.6664,
    "mrr_at_3": 0.64,
    "mrr_at_5": 0.653,
    "ndcg_at_1": 0.64,
    "ndcg_at_10": 0.67723,
    "ndcg_at_100": 0.7353,
    "ndcg_at_1000": 0.7353,
    "ndcg_at_20": 0.70701,
    "ndcg_at_3": 0.64,
    "ndcg_at_5": 0.66409,
    "precision_at_1": 0.64,
    "precision_at_10": 0.074,
    "precision_at_100": 0.01,
    "precision_at_1000": 0.001,
    "precision_at_20": 0.043,
    "precision_at_3": 0.21333,
    "precision_at_5": 0.14,
    "recall_at_1": 0.64,
    "recall_at_10": 0.74,
    "recall_at_100": 1.0,
    "recall_at_1000": 1.0,
    "recall_at_20": 0.86,
    "recall_at_3": 0.64,
    "recall_at_5": 0.7
  }
}