{
  "dataset_revision": "6e346642246bfb4928c560ee08640dc84d074e8c",
  "mteb_dataset_name": "LEMBNeedleRetrieval",
  "mteb_version": "1.6.23",
  "test": {
    "evaluation_time": 0.02,
    "map_at_1": 0.5,
    "map_at_10": 0.6491,
    "map_at_100": 0.65077,
    "map_at_1000": 0.65077,
    "map_at_20": 0.65028,
    "map_at_3": 0.61,
    "map_at_5": 0.63,
    "mrr_at_1": 0.5,
    "mrr_at_10": 0.6491,
    "mrr_at_100": 0.65077,
    "mrr_at_1000": 0.65077,
    "mrr_at_20": 0.65028,
    "mrr_at_3": 0.61,
    "mrr_at_5": 0.63,
    "ndcg_at_1": 0.5,
    "ndcg_at_10": 0.72371,
    "ndcg_at_100": 0.73222,
    "ndcg_at_1000": 0.73222,
    "ndcg_at_20": 0.72851,
    "ndcg_at_3": 0.64357,
    "ndcg_at_5": 0.67802,
    "precision_at_1": 0.5,
    "precision_at_10": 0.096,
    "precision_at_100": 0.01,
    "precision_at_1000": 0.001,
    "precision_at_20": 0.049,
    "precision_at_3": 0.24667,
    "precision_at_5": 0.164,
    "recall_at_1": 0.5,
    "recall_at_10": 0.96,
    "recall_at_100": 1.0,
    "recall_at_1000": 1.0,
    "recall_at_20": 0.98,
    "recall_at_3": 0.74,
    "recall_at_5": 0.82
  }
}