{
  "dataset_revision": "6e346642246bfb4928c560ee08640dc84d074e8c",
  "mteb_dataset_name": "LEMBPasskeyRetrieval",
  "mteb_version": "1.6.23",
  "test": {
    "evaluation_time": 13.45,
    "map_at_1": 0.92,
    "map_at_10": 0.954,
    "map_at_100": 0.954,
    "map_at_1000": 0.954,
    "map_at_20": 0.954,
    "map_at_3": 0.95,
    "map_at_5": 0.954,
    "mrr_at_1": 0.92,
    "mrr_at_10": 0.954,
    "mrr_at_100": 0.954,
    "mrr_at_1000": 0.954,
    "mrr_at_20": 0.954,
    "mrr_at_3": 0.95,
    "mrr_at_5": 0.954,
    "ndcg_at_1": 0.92,
    "ndcg_at_10": 0.96559,
    "ndcg_at_100": 0.96559,
    "ndcg_at_1000": 0.96559,
    "ndcg_at_20": 0.96559,
    "ndcg_at_3": 0.95786,
    "ndcg_at_5": 0.96559,
    "precision_at_1": 0.92,
    "precision_at_10": 0.1,
    "precision_at_100": 0.01,
    "precision_at_1000": 0.001,
    "precision_at_20": 0.05,
    "precision_at_3": 0.32667,
    "precision_at_5": 0.2,
    "recall_at_1": 0.92,
    "recall_at_10": 1.0,
    "recall_at_100": 1.0,
    "recall_at_1000": 1.0,
    "recall_at_20": 1.0,
    "recall_at_3": 0.98,
    "recall_at_5": 1.0
  }
}