{
  "dataset_revision": "6e346642246bfb4928c560ee08640dc84d074e8c",
  "mteb_dataset_name": "LEMBPasskeyRetrieval",
  "mteb_version": "1.6.23",
  "test": {
    "evaluation_time": 46.75,
    "map_at_1": 0.0,
    "map_at_10": 0.0165,
    "map_at_100": 0.03848,
    "map_at_1000": 0.03848,
    "map_at_20": 0.02154,
    "map_at_3": 0.01,
    "map_at_5": 0.014,
    "mrr_at_1": 0.02,
    "mrr_at_10": 0.02486,
    "mrr_at_100": 0.04781,
    "mrr_at_1000": 0.04781,
    "mrr_at_20": 0.02846,
    "mrr_at_3": 0.02,
    "mrr_at_5": 0.02,
    "ndcg_at_1": 0.0,
    "ndcg_at_10": 0.02666,
    "ndcg_at_100": 0.19569,
    "ndcg_at_1000": 0.19569,
    "ndcg_at_20": 0.04625,
    "ndcg_at_3": 0.01262,
    "ndcg_at_5": 0.02036,
    "precision_at_1": 0.0,
    "precision_at_10": 0.006,
    "precision_at_100": 0.01,
    "precision_at_1000": 0.001,
    "precision_at_20": 0.007,
    "precision_at_3": 0.00667,
    "precision_at_5": 0.008,
    "recall_at_1": 0.0,
    "recall_at_10": 0.06,
    "recall_at_100": 1.0,
    "recall_at_1000": 1.0,
    "recall_at_20": 0.14,
    "recall_at_3": 0.02,
    "recall_at_5": 0.04
  }
}