{
  "dataset_revision": "6e346642246bfb4928c560ee08640dc84d074e8c",
  "mteb_dataset_name": "LEMBNeedleRetrieval",
  "mteb_version": "1.6.23",
  "test": {
    "evaluation_time": 6.05,
    "map_at_1": 0.36,
    "map_at_10": 0.37917,
    "map_at_100": 0.38778,
    "map_at_1000": 0.38778,
    "map_at_20": 0.37917,
    "map_at_3": 0.37,
    "map_at_5": 0.37,
    "mrr_at_1": 0.36,
    "mrr_at_10": 0.37917,
    "mrr_at_100": 0.3878,
    "mrr_at_1000": 0.3878,
    "mrr_at_20": 0.37917,
    "mrr_at_3": 0.37,
    "mrr_at_5": 0.37,
    "ndcg_at_1": 0.36,
    "ndcg_at_10": 0.39318,
    "ndcg_at_100": 0.48545,
    "ndcg_at_1000": 0.48545,
    "ndcg_at_20": 0.39318,
    "ndcg_at_3": 0.37262,
    "ndcg_at_5": 0.37262,
    "precision_at_1": 0.36,
    "precision_at_10": 0.044,
    "precision_at_100": 0.01,
    "precision_at_1000": 0.001,
    "precision_at_20": 0.022,
    "precision_at_3": 0.12667,
    "precision_at_5": 0.076,
    "recall_at_1": 0.36,
    "recall_at_10": 0.44,
    "recall_at_100": 1.0,
    "recall_at_1000": 1.0,
    "recall_at_20": 0.44,
    "recall_at_3": 0.38,
    "recall_at_5": 0.38
  }
}