{
  "dataset_revision": "6e346642246bfb4928c560ee08640dc84d074e8c",
  "mteb_dataset_name": "LEMBPasskeyRetrieval",
  "mteb_version": "1.6.23",
  "test": {
    "evaluation_time": 0.02,
    "map_at_1": 0.1,
    "map_at_10": 0.36688,
    "map_at_100": 0.3794,
    "map_at_1000": 0.3794,
    "map_at_20": 0.37523,
    "map_at_3": 0.33667,
    "map_at_5": 0.35667,
    "mrr_at_1": 0.1,
    "mrr_at_10": 0.36688,
    "mrr_at_100": 0.3794,
    "mrr_at_1000": 0.3794,
    "mrr_at_20": 0.37523,
    "mrr_at_3": 0.33667,
    "mrr_at_5": 0.35667,
    "ndcg_at_1": 0.1,
    "ndcg_at_10": 0.46487,
    "ndcg_at_100": 0.51943,
    "ndcg_at_1000": 0.51943,
    "ndcg_at_20": 0.49523,
    "ndcg_at_3": 0.40499,
    "ndcg_at_5": 0.43944,
    "precision_at_1": 0.1,
    "precision_at_10": 0.076,
    "precision_at_100": 0.01,
    "precision_at_1000": 0.001,
    "precision_at_20": 0.044,
    "precision_at_3": 0.2,
    "precision_at_5": 0.136,
    "recall_at_1": 0.1,
    "recall_at_10": 0.76,
    "recall_at_100": 1.0,
    "recall_at_1000": 1.0,
    "recall_at_20": 0.88,
    "recall_at_3": 0.6,
    "recall_at_5": 0.68
  }
}