{
  "dataset_revision": "6e346642246bfb4928c560ee08640dc84d074e8c",
  "mteb_dataset_name": "LEMBNeedleRetrieval",
  "mteb_version": "1.6.23",
  "test": {
    "evaluation_time": 5.33,
    "map_at_1": 0.26,
    "map_at_10": 0.46267,
    "map_at_100": 0.47005,
    "map_at_1000": 0.47005,
    "map_at_20": 0.46878,
    "map_at_3": 0.41,
    "map_at_5": 0.446,
    "mrr_at_1": 0.26,
    "mrr_at_10": 0.46267,
    "mrr_at_100": 0.47005,
    "mrr_at_1000": 0.47005,
    "mrr_at_20": 0.46878,
    "mrr_at_3": 0.41,
    "mrr_at_5": 0.446,
    "ndcg_at_1": 0.26,
    "ndcg_at_10": 0.56369,
    "ndcg_at_100": 0.59256,
    "ndcg_at_1000": 0.59256,
    "ndcg_at_20": 0.5846,
    "ndcg_at_3": 0.4588,
    "ndcg_at_5": 0.52421,
    "precision_at_1": 0.26,
    "precision_at_10": 0.088,
    "precision_at_100": 0.01,
    "precision_at_1000": 0.001,
    "precision_at_20": 0.048,
    "precision_at_3": 0.2,
    "precision_at_5": 0.152,
    "recall_at_1": 0.26,
    "recall_at_10": 0.88,
    "recall_at_100": 1.0,
    "recall_at_1000": 1.0,
    "recall_at_20": 0.96,
    "recall_at_3": 0.6,
    "recall_at_5": 0.76
  }
}