{
  "dataset_revision": "6e346642246bfb4928c560ee08640dc84d074e8c",
  "mteb_dataset_name": "LEMBNeedleRetrieval",
  "mteb_version": "1.6.23",
  "test": {
    "evaluation_time": 2.33,
    "map_at_1": 0.26,
    "map_at_10": 0.36486,
    "map_at_100": 0.38409,
    "map_at_1000": 0.38409,
    "map_at_20": 0.37823,
    "map_at_3": 0.31667,
    "map_at_5": 0.35667,
    "mrr_at_1": 0.26,
    "mrr_at_10": 0.36486,
    "mrr_at_100": 0.38409,
    "mrr_at_1000": 0.38409,
    "mrr_at_20": 0.37823,
    "mrr_at_3": 0.31667,
    "mrr_at_5": 0.35667,
    "ndcg_at_1": 0.26,
    "ndcg_at_10": 0.43057,
    "ndcg_at_100": 0.51316,
    "ndcg_at_1000": 0.51316,
    "ndcg_at_20": 0.47718,
    "ndcg_at_3": 0.33786,
    "ndcg_at_5": 0.411,
    "precision_at_1": 0.26,
    "precision_at_10": 0.064,
    "precision_at_100": 0.01,
    "precision_at_1000": 0.001,
    "precision_at_20": 0.041,
    "precision_at_3": 0.13333,
    "precision_at_5": 0.116,
    "recall_at_1": 0.26,
    "recall_at_10": 0.64,
    "recall_at_100": 1.0,
    "recall_at_1000": 1.0,
    "recall_at_20": 0.82,
    "recall_at_3": 0.4,
    "recall_at_5": 0.58
  }
}