{
  "dataset_revision": "6e346642246bfb4928c560ee08640dc84d074e8c",
  "mteb_dataset_name": "LEMBPasskeyRetrieval",
  "mteb_version": "1.6.23",
  "test": {
    "evaluation_time": 54.65,
    "map_at_1": 0.06,
    "map_at_10": 0.07139,
    "map_at_100": 0.09582,
    "map_at_1000": 0.09582,
    "map_at_20": 0.08329,
    "map_at_3": 0.06667,
    "map_at_5": 0.06667,
    "mrr_at_1": 0.06,
    "mrr_at_10": 0.07139,
    "mrr_at_100": 0.09586,
    "mrr_at_1000": 0.09586,
    "mrr_at_20": 0.08329,
    "mrr_at_3": 0.06667,
    "mrr_at_5": 0.06667,
    "ndcg_at_1": 0.06,
    "ndcg_at_10": 0.08233,
    "ndcg_at_100": 0.24573,
    "ndcg_at_1000": 0.24573,
    "ndcg_at_20": 0.1271,
    "ndcg_at_3": 0.07,
    "ndcg_at_5": 0.07,
    "precision_at_1": 0.06,
    "precision_at_10": 0.012,
    "precision_at_100": 0.01,
    "precision_at_1000": 0.001,
    "precision_at_20": 0.015,
    "precision_at_3": 0.02667,
    "precision_at_5": 0.016,
    "recall_at_1": 0.06,
    "recall_at_10": 0.12,
    "recall_at_100": 1.0,
    "recall_at_1000": 1.0,
    "recall_at_20": 0.3,
    "recall_at_3": 0.08,
    "recall_at_5": 0.08
  }
}