{
  "dataset_revision": "6e346642246bfb4928c560ee08640dc84d074e8c",
  "mteb_dataset_name": "LEMBNeedleRetrieval",
  "mteb_version": "1.6.23",
  "test": {
    "evaluation_time": 54.69,
    "map_at_1": 0.0,
    "map_at_10": 0.0225,
    "map_at_100": 0.04657,
    "map_at_1000": 0.04657,
    "map_at_20": 0.03158,
    "map_at_3": 0.0,
    "map_at_5": 0.018,
    "mrr_at_1": 0.0,
    "mrr_at_10": 0.0225,
    "mrr_at_100": 0.0464,
    "mrr_at_1000": 0.0464,
    "mrr_at_20": 0.0314,
    "mrr_at_3": 0.0,
    "mrr_at_5": 0.018,
    "ndcg_at_1": 0.0,
    "ndcg_at_10": 0.04479,
    "ndcg_at_100": 0.20825,
    "ndcg_at_1000": 0.20825,
    "ndcg_at_20": 0.07938,
    "ndcg_at_3": 0.0,
    "ndcg_at_5": 0.0327,
    "precision_at_1": 0.0,
    "precision_at_10": 0.012,
    "precision_at_100": 0.01,
    "precision_at_1000": 0.001,
    "precision_at_20": 0.013,
    "precision_at_3": 0.0,
    "precision_at_5": 0.016,
    "recall_at_1": 0.0,
    "recall_at_10": 0.12,
    "recall_at_100": 1.0,
    "recall_at_1000": 1.0,
    "recall_at_20": 0.26,
    "recall_at_3": 0.0,
    "recall_at_5": 0.08
  }
}