{
  "dataset_revision": "6e346642246bfb4928c560ee08640dc84d074e8c",
  "mteb_dataset_name": "LEMBNeedleRetrieval",
  "mteb_version": "1.6.23",
  "test": {
    "evaluation_time": 23.63,
    "map_at_1": 0.0,
    "map_at_10": 0.02456,
    "map_at_100": 0.04576,
    "map_at_1000": 0.04576,
    "map_at_20": 0.03086,
    "map_at_3": 0.01,
    "map_at_5": 0.019,
    "mrr_at_1": 0.02,
    "mrr_at_10": 0.04533,
    "mrr_at_100": 0.07118,
    "mrr_at_1000": 0.07118,
    "mrr_at_20": 0.05495,
    "mrr_at_3": 0.04333,
    "mrr_at_5": 0.04333,
    "ndcg_at_1": 0.0,
    "ndcg_at_10": 0.04211,
    "ndcg_at_100": 0.2038,
    "ndcg_at_1000": 0.2038,
    "ndcg_at_20": 0.06663,
    "ndcg_at_3": 0.01262,
    "ndcg_at_5": 0.02897,
    "precision_at_1": 0.0,
    "precision_at_10": 0.01,
    "precision_at_100": 0.01,
    "precision_at_1000": 0.001,
    "precision_at_20": 0.01,
    "precision_at_3": 0.00667,
    "precision_at_5": 0.012,
    "recall_at_1": 0.0,
    "recall_at_10": 0.1,
    "recall_at_100": 1.0,
    "recall_at_1000": 1.0,
    "recall_at_20": 0.2,
    "recall_at_3": 0.02,
    "recall_at_5": 0.06
  }
}