{
  "dataset_revision": "6e346642246bfb4928c560ee08640dc84d074e8c",
  "mteb_dataset_name": "LEMBNeedleRetrieval",
  "mteb_version": "1.6.23",
  "test": {
    "evaluation_time": 0.05,
    "map_at_1": 0.04,
    "map_at_10": 0.05386,
    "map_at_100": 0.10147,
    "map_at_1000": 0.10147,
    "map_at_20": 0.09261,
    "map_at_3": 0.04,
    "map_at_5": 0.049,
    "mrr_at_1": 0.04,
    "mrr_at_10": 0.05386,
    "mrr_at_100": 0.10147,
    "mrr_at_1000": 0.10147,
    "mrr_at_20": 0.09261,
    "mrr_at_3": 0.04,
    "mrr_at_5": 0.049,
    "ndcg_at_1": 0.04,
    "ndcg_at_10": 0.0688,
    "ndcg_at_100": 0.27037,
    "ndcg_at_1000": 0.27037,
    "ndcg_at_20": 0.20701,
    "ndcg_at_3": 0.04,
    "ndcg_at_5": 0.05635,
    "precision_at_1": 0.04,
    "precision_at_10": 0.012,
    "precision_at_100": 0.01,
    "precision_at_1000": 0.001,
    "precision_at_20": 0.033,
    "precision_at_3": 0.01333,
    "precision_at_5": 0.016,
    "recall_at_1": 0.04,
    "recall_at_10": 0.12,
    "recall_at_100": 1.0,
    "recall_at_1000": 1.0,
    "recall_at_20": 0.66,
    "recall_at_3": 0.04,
    "recall_at_5": 0.08
  }
}