{
  "dataset_revision": "6e346642246bfb4928c560ee08640dc84d074e8c",
  "mteb_dataset_name": "LEMBPasskeyRetrieval",
  "mteb_version": "1.6.23",
  "test": {
    "evaluation_time": 185.05,
    "map_at_1": 0.14,
    "map_at_10": 0.19167,
    "map_at_100": 0.21097,
    "map_at_1000": 0.21097,
    "map_at_20": 0.19771,
    "map_at_3": 0.18333,
    "map_at_5": 0.18833,
    "mrr_at_1": 0.14,
    "mrr_at_10": 0.19167,
    "mrr_at_100": 0.21097,
    "mrr_at_1000": 0.21097,
    "mrr_at_20": 0.19771,
    "mrr_at_3": 0.18333,
    "mrr_at_5": 0.18833,
    "ndcg_at_1": 0.14,
    "ndcg_at_10": 0.21359,
    "ndcg_at_100": 0.34716,
    "ndcg_at_1000": 0.34716,
    "ndcg_at_20": 0.23776,
    "ndcg_at_3": 0.19786,
    "ndcg_at_5": 0.20647,
    "precision_at_1": 0.14,
    "precision_at_10": 0.028,
    "precision_at_100": 0.01,
    "precision_at_1000": 0.001,
    "precision_at_20": 0.019,
    "precision_at_3": 0.08,
    "precision_at_5": 0.052,
    "recall_at_1": 0.14,
    "recall_at_10": 0.28,
    "recall_at_100": 1.0,
    "recall_at_1000": 1.0,
    "recall_at_20": 0.38,
    "recall_at_3": 0.24,
    "recall_at_5": 0.26
  }
}