{
  "dataset_revision": "6e346642246bfb4928c560ee08640dc84d074e8c",
  "mteb_dataset_name": "LEMBNeedleRetrieval",
  "mteb_version": "1.6.23",
  "test": {
    "evaluation_time": 8.43,
    "map_at_1": 0.08,
    "map_at_10": 0.11958,
    "map_at_100": 0.14697,
    "map_at_1000": 0.14697,
    "map_at_20": 0.13406,
    "map_at_3": 0.10667,
    "map_at_5": 0.10667,
    "mrr_at_1": 0.08,
    "mrr_at_10": 0.11958,
    "mrr_at_100": 0.14697,
    "mrr_at_1000": 0.14697,
    "mrr_at_20": 0.13406,
    "mrr_at_3": 0.10667,
    "mrr_at_5": 0.10667,
    "ndcg_at_1": 0.08,
    "ndcg_at_10": 0.14714,
    "ndcg_at_100": 0.2995,
    "ndcg_at_1000": 0.2995,
    "ndcg_at_20": 0.19841,
    "ndcg_at_3": 0.11524,
    "ndcg_at_5": 0.11524,
    "precision_at_1": 0.08,
    "precision_at_10": 0.024,
    "precision_at_100": 0.01,
    "precision_at_1000": 0.001,
    "precision_at_20": 0.022,
    "precision_at_3": 0.04667,
    "precision_at_5": 0.028,
    "recall_at_1": 0.08,
    "recall_at_10": 0.24,
    "recall_at_100": 1.0,
    "recall_at_1000": 1.0,
    "recall_at_20": 0.44,
    "recall_at_3": 0.14,
    "recall_at_5": 0.14
  }
}