{
  "dataset_revision": "6e346642246bfb4928c560ee08640dc84d074e8c",
  "mteb_dataset_name": "LEMBPasskeyRetrieval",
  "mteb_version": "1.6.23",
  "test": {
    "evaluation_time": 7.89,
    "map_at_1": 0.02,
    "map_at_10": 0.063,
    "map_at_100": 0.08996,
    "map_at_1000": 0.08996,
    "map_at_20": 0.07353,
    "map_at_3": 0.04,
    "map_at_5": 0.053,
    "mrr_at_1": 0.02,
    "mrr_at_10": 0.063,
    "mrr_at_100": 0.08996,
    "mrr_at_1000": 0.08996,
    "mrr_at_20": 0.07353,
    "mrr_at_3": 0.04,
    "mrr_at_5": 0.053,
    "ndcg_at_1": 0.02,
    "ndcg_at_10": 0.0907,
    "ndcg_at_100": 0.25154,
    "ndcg_at_1000": 0.25154,
    "ndcg_at_20": 0.12709,
    "ndcg_at_3": 0.04524,
    "ndcg_at_5": 0.06932,
    "precision_at_1": 0.02,
    "precision_at_10": 0.018,
    "precision_at_100": 0.01,
    "precision_at_1000": 0.001,
    "precision_at_20": 0.016,
    "precision_at_3": 0.02,
    "precision_at_5": 0.024,
    "recall_at_1": 0.02,
    "recall_at_10": 0.18,
    "recall_at_100": 1.0,
    "recall_at_1000": 1.0,
    "recall_at_20": 0.32,
    "recall_at_3": 0.06,
    "recall_at_5": 0.12
  }
}