{
  "dataset_revision": "6e346642246bfb4928c560ee08640dc84d074e8c",
  "mteb_dataset_name": "LEMBNeedleRetrieval",
  "mteb_version": "1.6.23",
  "test": {
    "evaluation_time": 17.65,
    "map_at_1": 0.1,
    "map_at_10": 0.1631,
    "map_at_100": 0.18529,
    "map_at_1000": 0.18529,
    "map_at_20": 0.17431,
    "map_at_3": 0.14,
    "map_at_5": 0.144,
    "mrr_at_1": 0.1,
    "mrr_at_10": 0.1631,
    "mrr_at_100": 0.18529,
    "mrr_at_1000": 0.18529,
    "mrr_at_20": 0.17431,
    "mrr_at_3": 0.14,
    "mrr_at_5": 0.144,
    "ndcg_at_1": 0.1,
    "ndcg_at_10": 0.20867,
    "ndcg_at_100": 0.33612,
    "ndcg_at_1000": 0.33612,
    "ndcg_at_20": 0.24928,
    "ndcg_at_3": 0.15524,
    "ndcg_at_5": 0.16297,
    "precision_at_1": 0.1,
    "precision_at_10": 0.036,
    "precision_at_100": 0.01,
    "precision_at_1000": 0.001,
    "precision_at_20": 0.026,
    "precision_at_3": 0.06667,
    "precision_at_5": 0.044,
    "recall_at_1": 0.1,
    "recall_at_10": 0.36,
    "recall_at_100": 1.0,
    "recall_at_1000": 1.0,
    "recall_at_20": 0.52,
    "recall_at_3": 0.2,
    "recall_at_5": 0.22
  }
}