{
  "dataset_revision": "6e346642246bfb4928c560ee08640dc84d074e8c",
  "mteb_dataset_name": "LEMBPasskeyRetrieval",
  "mteb_version": "1.6.23",
  "test": {
    "evaluation_time": 17.89,
    "map_at_1": 0.0,
    "map_at_10": 0.03519,
    "map_at_100": 0.0582,
    "map_at_1000": 0.0582,
    "map_at_20": 0.04009,
    "map_at_3": 0.01333,
    "map_at_5": 0.02733,
    "mrr_at_1": 0.0,
    "mrr_at_10": 0.03519,
    "mrr_at_100": 0.0582,
    "mrr_at_1000": 0.0582,
    "mrr_at_20": 0.04009,
    "mrr_at_3": 0.01333,
    "mrr_at_5": 0.02733,
    "ndcg_at_1": 0.0,
    "ndcg_at_10": 0.06425,
    "ndcg_at_100": 0.22199,
    "ndcg_at_1000": 0.22199,
    "ndcg_at_20": 0.08366,
    "ndcg_at_3": 0.02,
    "ndcg_at_5": 0.04496,
    "precision_at_1": 0.0,
    "precision_at_10": 0.016,
    "precision_at_100": 0.01,
    "precision_at_1000": 0.001,
    "precision_at_20": 0.012,
    "precision_at_3": 0.01333,
    "precision_at_5": 0.02,
    "recall_at_1": 0.0,
    "recall_at_10": 0.16,
    "recall_at_100": 1.0,
    "recall_at_1000": 1.0,
    "recall_at_20": 0.24,
    "recall_at_3": 0.04,
    "recall_at_5": 0.1
  }
}