{
  "dataset_revision": "6e346642246bfb4928c560ee08640dc84d074e8c",
  "mteb_dataset_name": "LEMBPasskeyRetrieval",
  "mteb_version": "1.6.23",
  "test": {
    "evaluation_time": 9.89,
    "map_at_1": 0.24,
    "map_at_10": 0.28841,
    "map_at_100": 0.29811,
    "map_at_1000": 0.29811,
    "map_at_20": 0.28841,
    "map_at_3": 0.28,
    "map_at_5": 0.28,
    "mrr_at_1": 0.24,
    "mrr_at_10": 0.28841,
    "mrr_at_100": 0.2979,
    "mrr_at_1000": 0.2979,
    "mrr_at_20": 0.28841,
    "mrr_at_3": 0.28,
    "mrr_at_5": 0.28,
    "ndcg_at_1": 0.24,
    "ndcg_at_10": 0.31029,
    "ndcg_at_100": 0.41277,
    "ndcg_at_1000": 0.41277,
    "ndcg_at_20": 0.31029,
    "ndcg_at_3": 0.29047,
    "ndcg_at_5": 0.29047,
    "precision_at_1": 0.24,
    "precision_at_10": 0.038,
    "precision_at_100": 0.01,
    "precision_at_1000": 0.001,
    "precision_at_20": 0.019,
    "precision_at_3": 0.10667,
    "precision_at_5": 0.064,
    "recall_at_1": 0.24,
    "recall_at_10": 0.38,
    "recall_at_100": 1.0,
    "recall_at_1000": 1.0,
    "recall_at_20": 0.38,
    "recall_at_3": 0.32,
    "recall_at_5": 0.32
  }
}