{
  "dataset_revision": "6e346642246bfb4928c560ee08640dc84d074e8c",
  "mteb_dataset_name": "LEMBNeedleRetrieval",
  "mteb_version": "1.6.23",
  "test": {
    "evaluation_time": 7.37,
    "map_at_1": 0.26,
    "map_at_10": 0.35017,
    "map_at_100": 0.3614,
    "map_at_1000": 0.3614,
    "map_at_20": 0.3538,
    "map_at_3": 0.32333,
    "map_at_5": 0.34233,
    "mrr_at_1": 0.26,
    "mrr_at_10": 0.35017,
    "mrr_at_100": 0.36138,
    "mrr_at_1000": 0.36138,
    "mrr_at_20": 0.3538,
    "mrr_at_3": 0.32333,
    "mrr_at_5": 0.34233,
    "ndcg_at_1": 0.26,
    "ndcg_at_10": 0.39589,
    "ndcg_at_100": 0.47838,
    "ndcg_at_1000": 0.47838,
    "ndcg_at_20": 0.40704,
    "ndcg_at_3": 0.34309,
    "ndcg_at_5": 0.37667,
    "precision_at_1": 0.26,
    "precision_at_10": 0.054,
    "precision_at_100": 0.01,
    "precision_at_1000": 0.001,
    "precision_at_20": 0.029,
    "precision_at_3": 0.13333,
    "precision_at_5": 0.096,
    "recall_at_1": 0.26,
    "recall_at_10": 0.54,
    "recall_at_100": 1.0,
    "recall_at_1000": 1.0,
    "recall_at_20": 0.58,
    "recall_at_3": 0.4,
    "recall_at_5": 0.48
  }
}