{
  "dataset_revision": "6e346642246bfb4928c560ee08640dc84d074e8c",
  "mteb_dataset_name": "LEMBNeedleRetrieval",
  "mteb_version": "1.6.23",
  "test": {
    "evaluation_time": 15.37,
    "map_at_1": 0.02,
    "map_at_10": 0.024,
    "map_at_100": 0.04819,
    "map_at_1000": 0.04819,
    "map_at_20": 0.03102,
    "map_at_3": 0.02,
    "map_at_5": 0.024,
    "mrr_at_1": 0.02,
    "mrr_at_10": 0.04425,
    "mrr_at_100": 0.06714,
    "mrr_at_1000": 0.06714,
    "mrr_at_20": 0.05182,
    "mrr_at_3": 0.03667,
    "mrr_at_5": 0.03667,
    "ndcg_at_1": 0.02,
    "ndcg_at_10": 0.02774,
    "ndcg_at_100": 0.20254,
    "ndcg_at_1000": 0.20254,
    "ndcg_at_20": 0.05314,
    "ndcg_at_3": 0.02,
    "ndcg_at_5": 0.02774,
    "precision_at_1": 0.02,
    "precision_at_10": 0.004,
    "precision_at_100": 0.01,
    "precision_at_1000": 0.001,
    "precision_at_20": 0.007,
    "precision_at_3": 0.00667,
    "precision_at_5": 0.008,
    "recall_at_1": 0.02,
    "recall_at_10": 0.04,
    "recall_at_100": 1.0,
    "recall_at_1000": 1.0,
    "recall_at_20": 0.14,
    "recall_at_3": 0.02,
    "recall_at_5": 0.04
  }
}