{
  "dataset_revision": "6e346642246bfb4928c560ee08640dc84d074e8c",
  "mteb_dataset_name": "LEMBPasskeyRetrieval",
  "mteb_version": "1.6.23",
  "test": {
    "evaluation_time": 31.74,
    "map_at_1": 0.08,
    "map_at_10": 0.08,
    "map_at_100": 0.1057,
    "map_at_1000": 0.1057,
    "map_at_20": 0.08955,
    "map_at_3": 0.08,
    "map_at_5": 0.08,
    "mrr_at_1": 0.08,
    "mrr_at_10": 0.08,
    "mrr_at_100": 0.1013,
    "mrr_at_1000": 0.1013,
    "mrr_at_20": 0.08411,
    "mrr_at_3": 0.08,
    "mrr_at_5": 0.08,
    "ndcg_at_1": 0.08,
    "ndcg_at_10": 0.08,
    "ndcg_at_100": 0.25199,
    "ndcg_at_1000": 0.25199,
    "ndcg_at_20": 0.11518,
    "ndcg_at_3": 0.08,
    "ndcg_at_5": 0.08,
    "precision_at_1": 0.08,
    "precision_at_10": 0.008,
    "precision_at_100": 0.01,
    "precision_at_1000": 0.001,
    "precision_at_20": 0.011,
    "precision_at_3": 0.02667,
    "precision_at_5": 0.016,
    "recall_at_1": 0.08,
    "recall_at_10": 0.08,
    "recall_at_100": 1.0,
    "recall_at_1000": 1.0,
    "recall_at_20": 0.22,
    "recall_at_3": 0.08,
    "recall_at_5": 0.08
  }
}