{
  "dataset_revision": "6e346642246bfb4928c560ee08640dc84d074e8c",
  "mteb_dataset_name": "LEMBNeedleRetrieval",
  "mteb_version": "1.6.23",
  "test": {
    "evaluation_time": 60.92,
    "map_at_1": 0.16,
    "map_at_10": 0.25789,
    "map_at_100": 0.28054,
    "map_at_1000": 0.28054,
    "map_at_20": 0.2728,
    "map_at_3": 0.23333,
    "map_at_5": 0.25233,
    "mrr_at_1": 0.16,
    "mrr_at_10": 0.25789,
    "mrr_at_100": 0.28054,
    "mrr_at_1000": 0.28054,
    "mrr_at_20": 0.2728,
    "mrr_at_3": 0.23333,
    "mrr_at_5": 0.25233,
    "ndcg_at_1": 0.16,
    "ndcg_at_10": 0.3072,
    "ndcg_at_100": 0.42137,
    "ndcg_at_1000": 0.42137,
    "ndcg_at_20": 0.3657,
    "ndcg_at_3": 0.26047,
    "ndcg_at_5": 0.29405,
    "precision_at_1": 0.16,
    "precision_at_10": 0.046,
    "precision_at_100": 0.01,
    "precision_at_1000": 0.001,
    "precision_at_20": 0.035,
    "precision_at_3": 0.11333,
    "precision_at_5": 0.084,
    "recall_at_1": 0.16,
    "recall_at_10": 0.46,
    "recall_at_100": 1.0,
    "recall_at_1000": 1.0,
    "recall_at_20": 0.7,
    "recall_at_3": 0.34,
    "recall_at_5": 0.42
  }
}