{
  "dataset_revision": "6e346642246bfb4928c560ee08640dc84d074e8c",
  "mteb_dataset_name": "LEMBPasskeyRetrieval",
  "mteb_version": "1.6.23",
  "test": {
    "evaluation_time": 60.89,
    "map_at_1": 0.46,
    "map_at_10": 0.6094,
    "map_at_100": 0.60998,
    "map_at_1000": 0.60998,
    "map_at_20": 0.6094,
    "map_at_3": 0.55333,
    "map_at_5": 0.59133,
    "mrr_at_1": 0.46,
    "mrr_at_10": 0.6094,
    "mrr_at_100": 0.60998,
    "mrr_at_1000": 0.60998,
    "mrr_at_20": 0.6094,
    "mrr_at_3": 0.55333,
    "mrr_at_5": 0.59133,
    "ndcg_at_1": 0.46,
    "ndcg_at_10": 0.69758,
    "ndcg_at_100": 0.70144,
    "ndcg_at_1000": 0.70144,
    "ndcg_at_20": 0.69758,
    "ndcg_at_3": 0.58571,
    "ndcg_at_5": 0.65287,
    "precision_at_1": 0.46,
    "precision_at_10": 0.098,
    "precision_at_100": 0.01,
    "precision_at_1000": 0.001,
    "precision_at_20": 0.049,
    "precision_at_3": 0.22667,
    "precision_at_5": 0.168,
    "recall_at_1": 0.46,
    "recall_at_10": 0.98,
    "recall_at_100": 1.0,
    "recall_at_1000": 1.0,
    "recall_at_20": 0.98,
    "recall_at_3": 0.68,
    "recall_at_5": 0.84
  }
}