{
  "dataset_revision": "6e346642246bfb4928c560ee08640dc84d074e8c",
  "mteb_dataset_name": "LEMBNeedleRetrieval",
  "mteb_version": "1.6.23",
  "test": {
    "evaluation_time": 15.17,
    "map_at_1": 0.24,
    "map_at_10": 0.35399,
    "map_at_100": 0.37256,
    "map_at_1000": 0.37256,
    "map_at_20": 0.3687,
    "map_at_3": 0.30333,
    "map_at_5": 0.33133,
    "mrr_at_1": 0.24,
    "mrr_at_10": 0.35399,
    "mrr_at_100": 0.37256,
    "mrr_at_1000": 0.37256,
    "mrr_at_20": 0.3687,
    "mrr_at_3": 0.30333,
    "mrr_at_5": 0.33133,
    "ndcg_at_1": 0.24,
    "ndcg_at_10": 0.43031,
    "ndcg_at_100": 0.50575,
    "ndcg_at_1000": 0.50575,
    "ndcg_at_20": 0.48187,
    "ndcg_at_3": 0.32309,
    "ndcg_at_5": 0.37725,
    "precision_at_1": 0.24,
    "precision_at_10": 0.068,
    "precision_at_100": 0.01,
    "precision_at_1000": 0.001,
    "precision_at_20": 0.044,
    "precision_at_3": 0.12667,
    "precision_at_5": 0.104,
    "recall_at_1": 0.24,
    "recall_at_10": 0.68,
    "recall_at_100": 1.0,
    "recall_at_1000": 1.0,
    "recall_at_20": 0.88,
    "recall_at_3": 0.38,
    "recall_at_5": 0.52
  }
}