{
  "dataset_revision": "6e346642246bfb4928c560ee08640dc84d074e8c",
  "mteb_dataset_name": "LEMBPasskeyRetrieval",
  "mteb_version": "1.6.23",
  "test": {
    "evaluation_time": 15.57,
    "map_at_1": 0.02,
    "map_at_10": 0.05191,
    "map_at_100": 0.07245,
    "map_at_1000": 0.07245,
    "map_at_20": 0.0572,
    "map_at_3": 0.03333,
    "map_at_5": 0.04233,
    "mrr_at_1": 0.02,
    "mrr_at_10": 0.05191,
    "mrr_at_100": 0.07245,
    "mrr_at_1000": 0.07245,
    "mrr_at_20": 0.0572,
    "mrr_at_3": 0.03333,
    "mrr_at_5": 0.04233,
    "ndcg_at_1": 0.02,
    "ndcg_at_10": 0.08113,
    "ndcg_at_100": 0.23034,
    "ndcg_at_1000": 0.23034,
    "ndcg_at_20": 0.10104,
    "ndcg_at_3": 0.04,
    "ndcg_at_5": 0.05635,
    "precision_at_1": 0.02,
    "precision_at_10": 0.018,
    "precision_at_100": 0.01,
    "precision_at_1000": 0.001,
    "precision_at_20": 0.013,
    "precision_at_3": 0.02,
    "precision_at_5": 0.02,
    "recall_at_1": 0.02,
    "recall_at_10": 0.18,
    "recall_at_100": 1.0,
    "recall_at_1000": 1.0,
    "recall_at_20": 0.26,
    "recall_at_3": 0.06,
    "recall_at_5": 0.1
  }
}