{
  "dataset_revision": "6e346642246bfb4928c560ee08640dc84d074e8c",
  "mteb_dataset_name": "LEMBNeedleRetrieval",
  "mteb_version": "1.6.23",
  "test": {
    "evaluation_time": 33.27,
    "map_at_1": 0.08,
    "map_at_10": 0.13083,
    "map_at_100": 0.1529,
    "map_at_1000": 0.1529,
    "map_at_20": 0.13762,
    "map_at_3": 0.11,
    "map_at_5": 0.123,
    "mrr_at_1": 0.08,
    "mrr_at_10": 0.115,
    "mrr_at_100": 0.13825,
    "mrr_at_1000": 0.13825,
    "mrr_at_20": 0.12247,
    "mrr_at_3": 0.11,
    "mrr_at_5": 0.115,
    "ndcg_at_1": 0.08,
    "ndcg_at_10": 0.16592,
    "ndcg_at_100": 0.30496,
    "ndcg_at_1000": 0.30496,
    "ndcg_at_20": 0.19105,
    "ndcg_at_3": 0.12262,
    "ndcg_at_5": 0.14671,
    "precision_at_1": 0.08,
    "precision_at_10": 0.028,
    "precision_at_100": 0.01,
    "precision_at_1000": 0.001,
    "precision_at_20": 0.019,
    "precision_at_3": 0.05333,
    "precision_at_5": 0.044,
    "recall_at_1": 0.08,
    "recall_at_10": 0.28,
    "recall_at_100": 1.0,
    "recall_at_1000": 1.0,
    "recall_at_20": 0.38,
    "recall_at_3": 0.16,
    "recall_at_5": 0.22
  }
}