{
  "dataset_revision": "6e346642246bfb4928c560ee08640dc84d074e8c",
  "mteb_dataset_name": "LEMBNeedleRetrieval",
  "mteb_version": "1.6.23",
  "test": {
    "evaluation_time": 2.51,
    "map_at_1": 0.88,
    "map_at_10": 0.93667,
    "map_at_100": 0.93667,
    "map_at_1000": 0.93667,
    "map_at_20": 0.93667,
    "map_at_3": 0.93667,
    "map_at_5": 0.93667,
    "mrr_at_1": 0.88,
    "mrr_at_10": 0.93667,
    "mrr_at_100": 0.93667,
    "mrr_at_1000": 0.93667,
    "mrr_at_20": 0.93667,
    "mrr_at_3": 0.93667,
    "mrr_at_5": 0.93667,
    "ndcg_at_1": 0.88,
    "ndcg_at_10": 0.95309,
    "ndcg_at_100": 0.95309,
    "ndcg_at_1000": 0.95309,
    "ndcg_at_20": 0.95309,
    "ndcg_at_3": 0.95309,
    "ndcg_at_5": 0.95309,
    "precision_at_1": 0.88,
    "precision_at_10": 0.1,
    "precision_at_100": 0.01,
    "precision_at_1000": 0.001,
    "precision_at_20": 0.05,
    "precision_at_3": 0.33333,
    "precision_at_5": 0.2,
    "recall_at_1": 0.88,
    "recall_at_10": 1.0,
    "recall_at_100": 1.0,
    "recall_at_1000": 1.0,
    "recall_at_20": 1.0,
    "recall_at_3": 1.0,
    "recall_at_5": 1.0
  }
}