{
  "dataset_revision": "6e346642246bfb4928c560ee08640dc84d074e8c",
  "mteb_dataset_name": "LEMBNeedleRetrieval",
  "mteb_version": "1.6.23",
  "test": {
    "evaluation_time": 100.99,
    "map_at_1": 0.0,
    "map_at_10": 0.02386,
    "map_at_100": 0.0468,
    "map_at_1000": 0.0468,
    "map_at_20": 0.03059,
    "map_at_3": 0.00667,
    "map_at_5": 0.01567,
    "mrr_at_1": 0.0,
    "mrr_at_10": 0.02147,
    "mrr_at_100": 0.04083,
    "mrr_at_1000": 0.04083,
    "mrr_at_20": 0.02501,
    "mrr_at_3": 0.00667,
    "mrr_at_5": 0.01167,
    "ndcg_at_1": 0.0,
    "ndcg_at_10": 0.04592,
    "ndcg_at_100": 0.20793,
    "ndcg_at_1000": 0.20793,
    "ndcg_at_20": 0.07097,
    "ndcg_at_3": 0.01,
    "ndcg_at_5": 0.02635,
    "precision_at_1": 0.0,
    "precision_at_10": 0.012,
    "precision_at_100": 0.01,
    "precision_at_1000": 0.001,
    "precision_at_20": 0.011,
    "precision_at_3": 0.00667,
    "precision_at_5": 0.012,
    "recall_at_1": 0.0,
    "recall_at_10": 0.12,
    "recall_at_100": 1.0,
    "recall_at_1000": 1.0,
    "recall_at_20": 0.22,
    "recall_at_3": 0.02,
    "recall_at_5": 0.06
  }
}