{
  "dataset_revision": "6e346642246bfb4928c560ee08640dc84d074e8c",
  "mteb_dataset_name": "LEMBNeedleRetrieval",
  "mteb_version": "1.6.23",
  "test": {
    "evaluation_time": 114.32,
    "map_at_1": 0.02,
    "map_at_10": 0.04625,
    "map_at_100": 0.06813,
    "map_at_1000": 0.06813,
    "map_at_20": 0.05291,
    "map_at_3": 0.03667,
    "map_at_5": 0.03667,
    "mrr_at_1": 0.02,
    "mrr_at_10": 0.03617,
    "mrr_at_100": 0.05991,
    "mrr_at_1000": 0.05991,
    "mrr_at_20": 0.04337,
    "mrr_at_3": 0.02667,
    "mrr_at_5": 0.03167,
    "ndcg_at_1": 0.02,
    "ndcg_at_10": 0.0674,
    "ndcg_at_100": 0.22464,
    "ndcg_at_1000": 0.22464,
    "ndcg_at_20": 0.09232,
    "ndcg_at_3": 0.04262,
    "ndcg_at_5": 0.04262,
    "precision_at_1": 0.02,
    "precision_at_10": 0.014,
    "precision_at_100": 0.01,
    "precision_at_1000": 0.001,
    "precision_at_20": 0.012,
    "precision_at_3": 0.02,
    "precision_at_5": 0.012,
    "recall_at_1": 0.02,
    "recall_at_10": 0.14,
    "recall_at_100": 1.0,
    "recall_at_1000": 1.0,
    "recall_at_20": 0.24,
    "recall_at_3": 0.06,
    "recall_at_5": 0.06
  }
}