{
  "dataset_revision": "6e346642246bfb4928c560ee08640dc84d074e8c",
  "mteb_dataset_name": "LEMBNeedleRetrieval",
  "mteb_version": "1.6.23",
  "test": {
    "evaluation_time": 3.82,
    "map_at_1": 0.06,
    "map_at_10": 0.07952,
    "map_at_100": 0.11126,
    "map_at_1000": 0.11126,
    "map_at_20": 0.09419,
    "map_at_3": 0.06667,
    "map_at_5": 0.06667,
    "mrr_at_1": 0.06,
    "mrr_at_10": 0.08216,
    "mrr_at_100": 0.11203,
    "mrr_at_1000": 0.11203,
    "mrr_at_20": 0.09488,
    "mrr_at_3": 0.06667,
    "mrr_at_5": 0.06667,
    "ndcg_at_1": 0.06,
    "ndcg_at_10": 0.10185,
    "ndcg_at_100": 0.27221,
    "ndcg_at_1000": 0.27221,
    "ndcg_at_20": 0.1567,
    "ndcg_at_3": 0.07,
    "ndcg_at_5": 0.07,
    "precision_at_1": 0.06,
    "precision_at_10": 0.018,
    "precision_at_100": 0.01,
    "precision_at_1000": 0.001,
    "precision_at_20": 0.02,
    "precision_at_3": 0.02667,
    "precision_at_5": 0.016,
    "recall_at_1": 0.06,
    "recall_at_10": 0.18,
    "recall_at_100": 1.0,
    "recall_at_1000": 1.0,
    "recall_at_20": 0.4,
    "recall_at_3": 0.08,
    "recall_at_5": 0.08
  }
}