{
  "dataset_revision": "6e346642246bfb4928c560ee08640dc84d074e8c",
  "mteb_dataset_name": "LEMBPasskeyRetrieval",
  "mteb_version": "1.6.23",
  "test": {
    "evaluation_time": 4.19,
    "map_at_1": 0.0,
    "map_at_10": 0.0419,
    "map_at_100": 0.07164,
    "map_at_1000": 0.07164,
    "map_at_20": 0.05447,
    "map_at_3": 0.01333,
    "map_at_5": 0.02333,
    "mrr_at_1": 0.0,
    "mrr_at_10": 0.0419,
    "mrr_at_100": 0.07176,
    "mrr_at_1000": 0.07176,
    "mrr_at_20": 0.05447,
    "mrr_at_3": 0.01333,
    "mrr_at_5": 0.02333,
    "ndcg_at_1": 0.0,
    "ndcg_at_10": 0.08241,
    "ndcg_at_100": 0.24417,
    "ndcg_at_1000": 0.24417,
    "ndcg_at_20": 0.13131,
    "ndcg_at_3": 0.02,
    "ndcg_at_5": 0.03723,
    "precision_at_1": 0.0,
    "precision_at_10": 0.022,
    "precision_at_100": 0.01,
    "precision_at_1000": 0.001,
    "precision_at_20": 0.021,
    "precision_at_3": 0.01333,
    "precision_at_5": 0.016,
    "recall_at_1": 0.0,
    "recall_at_10": 0.22,
    "recall_at_100": 1.0,
    "recall_at_1000": 1.0,
    "recall_at_20": 0.42,
    "recall_at_3": 0.04,
    "recall_at_5": 0.08
  }
}