{
  "dataset_revision": "6e346642246bfb4928c560ee08640dc84d074e8c",
  "mteb_dataset_name": "LEMBNeedleRetrieval",
  "mteb_version": "1.6.23",
  "test": {
    "evaluation_time": 11.95,
    "map_at_1": 0.04,
    "map_at_10": 0.16638,
    "map_at_100": 0.17449,
    "map_at_1000": 0.17449,
    "map_at_20": 0.1692,
    "map_at_3": 0.04,
    "map_at_5": 0.135,
    "mrr_at_1": 0.04,
    "mrr_at_10": 0.16638,
    "mrr_at_100": 0.17449,
    "mrr_at_1000": 0.17449,
    "mrr_at_20": 0.1692,
    "mrr_at_3": 0.04,
    "mrr_at_5": 0.135,
    "ndcg_at_1": 0.04,
    "ndcg_at_10": 0.2933,
    "ndcg_at_100": 0.34619,
    "ndcg_at_1000": 0.34619,
    "ndcg_at_20": 0.30343,
    "ndcg_at_3": 0.04,
    "ndcg_at_5": 0.21635,
    "precision_at_1": 0.04,
    "precision_at_10": 0.072,
    "precision_at_100": 0.01,
    "precision_at_1000": 0.001,
    "precision_at_20": 0.038,
    "precision_at_3": 0.01333,
    "precision_at_5": 0.096,
    "recall_at_1": 0.04,
    "recall_at_10": 0.72,
    "recall_at_100": 1.0,
    "recall_at_1000": 1.0,
    "recall_at_20": 0.76,
    "recall_at_3": 0.04,
    "recall_at_5": 0.48
  }
}