{
  "dataset_revision": "6e346642246bfb4928c560ee08640dc84d074e8c",
  "mteb_dataset_name": "LEMBPasskeyRetrieval",
  "mteb_version": "1.6.23",
  "test": {
    "evaluation_time": 12.86,
    "map_at_1": 0.2,
    "map_at_10": 0.31106,
    "map_at_100": 0.32726,
    "map_at_1000": 0.32726,
    "map_at_20": 0.31851,
    "map_at_3": 0.27,
    "map_at_5": 0.288,
    "mrr_at_1": 0.2,
    "mrr_at_10": 0.31106,
    "mrr_at_100": 0.32726,
    "mrr_at_1000": 0.32726,
    "mrr_at_20": 0.31851,
    "mrr_at_3": 0.27,
    "mrr_at_5": 0.288,
    "ndcg_at_1": 0.2,
    "ndcg_at_10": 0.38305,
    "ndcg_at_100": 0.46391,
    "ndcg_at_1000": 0.46391,
    "ndcg_at_20": 0.409,
    "ndcg_at_3": 0.29309,
    "ndcg_at_5": 0.32579,
    "precision_at_1": 0.2,
    "precision_at_10": 0.062,
    "precision_at_100": 0.01,
    "precision_at_1000": 0.001,
    "precision_at_20": 0.036,
    "precision_at_3": 0.12,
    "precision_at_5": 0.088,
    "recall_at_1": 0.2,
    "recall_at_10": 0.62,
    "recall_at_100": 1.0,
    "recall_at_1000": 1.0,
    "recall_at_20": 0.72,
    "recall_at_3": 0.36,
    "recall_at_5": 0.44
  }
}