{
  "dataset_revision": "6e346642246bfb4928c560ee08640dc84d074e8c",
  "mteb_dataset_name": "LEMBPasskeyRetrieval",
  "mteb_version": "1.6.23",
  "test": {
    "evaluation_time": 6.47,
    "map_at_1": 0.02,
    "map_at_10": 0.03456,
    "map_at_100": 0.06048,
    "map_at_1000": 0.06048,
    "map_at_20": 0.04545,
    "map_at_3": 0.02,
    "map_at_5": 0.029,
    "mrr_at_1": 0.02,
    "mrr_at_10": 0.0325,
    "mrr_at_100": 0.05602,
    "mrr_at_1000": 0.05602,
    "mrr_at_20": 0.03877,
    "mrr_at_3": 0.03,
    "mrr_at_5": 0.03,
    "ndcg_at_1": 0.02,
    "ndcg_at_10": 0.0495,
    "ndcg_at_100": 0.21892,
    "ndcg_at_1000": 0.21892,
    "ndcg_at_20": 0.08968,
    "ndcg_at_3": 0.02,
    "ndcg_at_5": 0.03635,
    "precision_at_1": 0.02,
    "precision_at_10": 0.01,
    "precision_at_100": 0.01,
    "precision_at_1000": 0.001,
    "precision_at_20": 0.013,
    "precision_at_3": 0.00667,
    "precision_at_5": 0.012,
    "recall_at_1": 0.02,
    "recall_at_10": 0.1,
    "recall_at_100": 1.0,
    "recall_at_1000": 1.0,
    "recall_at_20": 0.26,
    "recall_at_3": 0.02,
    "recall_at_5": 0.06
  }
}