{
  "dataset_revision": "6e346642246bfb4928c560ee08640dc84d074e8c",
  "mteb_dataset_name": "LEMBNeedleRetrieval",
  "mteb_version": "1.6.23",
  "test": {
    "evaluation_time": 7.18,
    "map_at_1": 0.02,
    "map_at_10": 0.032,
    "map_at_100": 0.05479,
    "map_at_1000": 0.05479,
    "map_at_20": 0.0393,
    "map_at_3": 0.03,
    "map_at_5": 0.03,
    "mrr_at_1": 0.02,
    "mrr_at_10": 0.03786,
    "mrr_at_100": 0.05958,
    "mrr_at_1000": 0.05958,
    "mrr_at_20": 0.04357,
    "mrr_at_3": 0.03,
    "mrr_at_5": 0.035,
    "ndcg_at_1": 0.02,
    "ndcg_at_10": 0.0384,
    "ndcg_at_100": 0.20813,
    "ndcg_at_1000": 0.20813,
    "ndcg_at_20": 0.06413,
    "ndcg_at_3": 0.03262,
    "ndcg_at_5": 0.03262,
    "precision_at_1": 0.02,
    "precision_at_10": 0.006,
    "precision_at_100": 0.01,
    "precision_at_1000": 0.001,
    "precision_at_20": 0.008,
    "precision_at_3": 0.01333,
    "precision_at_5": 0.008,
    "recall_at_1": 0.02,
    "recall_at_10": 0.06,
    "recall_at_100": 1.0,
    "recall_at_1000": 1.0,
    "recall_at_20": 0.16,
    "recall_at_3": 0.04,
    "recall_at_5": 0.04
  }
}