{
  "dataset_revision": "6e346642246bfb4928c560ee08640dc84d074e8c",
  "mteb_dataset_name": "LEMBPasskeyRetrieval",
  "mteb_version": "1.6.23",
  "test": {
    "evaluation_time": 24.56,
    "map_at_1": 0.02,
    "map_at_10": 0.11952,
    "map_at_100": 0.1369,
    "map_at_1000": 0.1369,
    "map_at_20": 0.1258,
    "map_at_3": 0.08,
    "map_at_5": 0.098,
    "mrr_at_1": 0.02,
    "mrr_at_10": 0.11952,
    "mrr_at_100": 0.1369,
    "mrr_at_1000": 0.1369,
    "mrr_at_20": 0.1258,
    "mrr_at_3": 0.08,
    "mrr_at_5": 0.098,
    "ndcg_at_1": 0.02,
    "ndcg_at_10": 0.18511,
    "ndcg_at_100": 0.29926,
    "ndcg_at_1000": 0.29926,
    "ndcg_at_20": 0.20958,
    "ndcg_at_3": 0.10047,
    "ndcg_at_5": 0.13318,
    "precision_at_1": 0.02,
    "precision_at_10": 0.04,
    "precision_at_100": 0.01,
    "precision_at_1000": 0.001,
    "precision_at_20": 0.025,
    "precision_at_3": 0.05333,
    "precision_at_5": 0.048,
    "recall_at_1": 0.02,
    "recall_at_10": 0.4,
    "recall_at_100": 1.0,
    "recall_at_1000": 1.0,
    "recall_at_20": 0.5,
    "recall_at_3": 0.16,
    "recall_at_5": 0.24
  }
}