{
  "dataset_revision": "6e346642246bfb4928c560ee08640dc84d074e8c",
  "mteb_dataset_name": "LEMBNeedleRetrieval",
  "mteb_version": "1.6.23",
  "test": {
    "evaluation_time": 22.9,
    "map_at_1": 0.08,
    "map_at_10": 0.14768,
    "map_at_100": 0.17274,
    "map_at_1000": 0.17274,
    "map_at_20": 0.16256,
    "map_at_3": 0.09667,
    "map_at_5": 0.12267,
    "mrr_at_1": 0.08,
    "mrr_at_10": 0.14768,
    "mrr_at_100": 0.17274,
    "mrr_at_1000": 0.17274,
    "mrr_at_20": 0.16256,
    "mrr_at_3": 0.09667,
    "mrr_at_5": 0.12267,
    "ndcg_at_1": 0.08,
    "ndcg_at_10": 0.20999,
    "ndcg_at_100": 0.33402,
    "ndcg_at_1000": 0.33402,
    "ndcg_at_20": 0.26516,
    "ndcg_at_3": 0.10262,
    "ndcg_at_5": 0.15079,
    "precision_at_1": 0.08,
    "precision_at_10": 0.042,
    "precision_at_100": 0.01,
    "precision_at_1000": 0.001,
    "precision_at_20": 0.032,
    "precision_at_3": 0.04,
    "precision_at_5": 0.048,
    "recall_at_1": 0.08,
    "recall_at_10": 0.42,
    "recall_at_100": 1.0,
    "recall_at_1000": 1.0,
    "recall_at_20": 0.64,
    "recall_at_3": 0.12,
    "recall_at_5": 0.24
  }
}