{
  "dataset_revision": "6e346642246bfb4928c560ee08640dc84d074e8c",
  "mteb_dataset_name": "LEMBNeedleRetrieval",
  "mteb_version": "1.6.23",
  "test": {
    "evaluation_time": 0.02,
    "map_at_1": 0.68,
    "map_at_10": 0.75883,
    "map_at_100": 0.76063,
    "map_at_1000": 0.76063,
    "map_at_20": 0.75994,
    "map_at_3": 0.73,
    "map_at_5": 0.749,
    "mrr_at_1": 0.68,
    "mrr_at_10": 0.75883,
    "mrr_at_100": 0.76063,
    "mrr_at_1000": 0.76063,
    "mrr_at_20": 0.75994,
    "mrr_at_3": 0.73,
    "mrr_at_5": 0.749,
    "ndcg_at_1": 0.68,
    "ndcg_at_10": 0.80643,
    "ndcg_at_100": 0.81521,
    "ndcg_at_1000": 0.81521,
    "ndcg_at_20": 0.81114,
    "ndcg_at_3": 0.74786,
    "ndcg_at_5": 0.78143,
    "precision_at_1": 0.68,
    "precision_at_10": 0.096,
    "precision_at_100": 0.01,
    "precision_at_1000": 0.001,
    "precision_at_20": 0.049,
    "precision_at_3": 0.26667,
    "precision_at_5": 0.176,
    "recall_at_1": 0.68,
    "recall_at_10": 0.96,
    "recall_at_100": 1.0,
    "recall_at_1000": 1.0,
    "recall_at_20": 0.98,
    "recall_at_3": 0.8,
    "recall_at_5": 0.88
  }
}