{
  "dataset_revision": "6e346642246bfb4928c560ee08640dc84d074e8c",
  "mteb_dataset_name": "LEMBNeedleRetrieval",
  "mteb_version": "1.6.23",
  "test": {
    "evaluation_time": 7.01,
    "map_at_1": 0.74,
    "map_at_10": 0.82008,
    "map_at_100": 0.82008,
    "map_at_1000": 0.82008,
    "map_at_20": 0.82008,
    "map_at_3": 0.80333,
    "map_at_5": 0.80333,
    "mrr_at_1": 0.74,
    "mrr_at_10": 0.82008,
    "mrr_at_100": 0.82008,
    "mrr_at_1000": 0.82008,
    "mrr_at_20": 0.82008,
    "mrr_at_3": 0.80333,
    "mrr_at_5": 0.80333,
    "ndcg_at_1": 0.74,
    "ndcg_at_10": 0.86265,
    "ndcg_at_100": 0.86265,
    "ndcg_at_1000": 0.86265,
    "ndcg_at_20": 0.86265,
    "ndcg_at_3": 0.82309,
    "ndcg_at_5": 0.82309,
    "precision_at_1": 0.74,
    "precision_at_10": 0.1,
    "precision_at_100": 0.01,
    "precision_at_1000": 0.001,
    "precision_at_20": 0.05,
    "precision_at_3": 0.29333,
    "precision_at_5": 0.176,
    "recall_at_1": 0.74,
    "recall_at_10": 1.0,
    "recall_at_100": 1.0,
    "recall_at_1000": 1.0,
    "recall_at_20": 1.0,
    "recall_at_3": 0.88,
    "recall_at_5": 0.88
  }
}