{
  "dataset_revision": "6e346642246bfb4928c560ee08640dc84d074e8c",
  "mteb_dataset_name": "LEMBNeedleRetrieval",
  "mteb_version": "1.6.23",
  "test": {
    "evaluation_time": 35.6,
    "map_at_1": 0.12,
    "map_at_10": 0.24444,
    "map_at_100": 0.26718,
    "map_at_1000": 0.26718,
    "map_at_20": 0.26029,
    "map_at_3": 0.20333,
    "map_at_5": 0.22833,
    "mrr_at_1": 0.12,
    "mrr_at_10": 0.24444,
    "mrr_at_100": 0.26718,
    "mrr_at_1000": 0.26718,
    "mrr_at_20": 0.26029,
    "mrr_at_3": 0.20333,
    "mrr_at_5": 0.22833,
    "ndcg_at_1": 0.12,
    "ndcg_at_10": 0.3193,
    "ndcg_at_100": 0.4195,
    "ndcg_at_1000": 0.4195,
    "ndcg_at_20": 0.37901,
    "ndcg_at_3": 0.23309,
    "ndcg_at_5": 0.28039,
    "precision_at_1": 0.12,
    "precision_at_10": 0.056,
    "precision_at_100": 0.01,
    "precision_at_1000": 0.001,
    "precision_at_20": 0.04,
    "precision_at_3": 0.10667,
    "precision_at_5": 0.088,
    "recall_at_1": 0.12,
    "recall_at_10": 0.56,
    "recall_at_100": 1.0,
    "recall_at_1000": 1.0,
    "recall_at_20": 0.8,
    "recall_at_3": 0.32,
    "recall_at_5": 0.44
  }
}