{
  "dataset_revision": "6e346642246bfb4928c560ee08640dc84d074e8c",
  "mteb_dataset_name": "LEMBPasskeyRetrieval",
  "mteb_version": "1.6.23",
  "test": {
    "evaluation_time": 2.32,
    "map_at_1": 0.02,
    "map_at_10": 0.05763,
    "map_at_100": 0.09028,
    "map_at_1000": 0.09028,
    "map_at_20": 0.07326,
    "map_at_3": 0.03667,
    "map_at_5": 0.04167,
    "mrr_at_1": 0.02,
    "mrr_at_10": 0.05963,
    "mrr_at_100": 0.09023,
    "mrr_at_1000": 0.09023,
    "mrr_at_20": 0.07321,
    "mrr_at_3": 0.03667,
    "mrr_at_5": 0.04167,
    "ndcg_at_1": 0.02,
    "ndcg_at_10": 0.08997,
    "ndcg_at_100": 0.2586,
    "ndcg_at_1000": 0.2586,
    "ndcg_at_20": 0.14603,
    "ndcg_at_3": 0.04262,
    "ndcg_at_5": 0.05123,
    "precision_at_1": 0.02,
    "precision_at_10": 0.02,
    "precision_at_100": 0.01,
    "precision_at_1000": 0.001,
    "precision_at_20": 0.021,
    "precision_at_3": 0.02,
    "precision_at_5": 0.016,
    "recall_at_1": 0.02,
    "recall_at_10": 0.2,
    "recall_at_100": 1.0,
    "recall_at_1000": 1.0,
    "recall_at_20": 0.42,
    "recall_at_3": 0.06,
    "recall_at_5": 0.08
  }
}