{
  "dataset_revision": "6e346642246bfb4928c560ee08640dc84d074e8c",
  "mteb_dataset_name": "LEMBNeedleRetrieval",
  "mteb_version": "1.6.23",
  "test": {
    "evaluation_time": 5.06,
    "map_at_1": 0.78,
    "map_at_10": 0.83852,
    "map_at_100": 0.84277,
    "map_at_1000": 0.84277,
    "map_at_20": 0.84277,
    "map_at_3": 0.82667,
    "map_at_5": 0.83567,
    "mrr_at_1": 0.78,
    "mrr_at_10": 0.83852,
    "mrr_at_100": 0.84277,
    "mrr_at_1000": 0.84277,
    "mrr_at_20": 0.84277,
    "mrr_at_3": 0.82667,
    "mrr_at_5": 0.83567,
    "ndcg_at_1": 0.78,
    "ndcg_at_10": 0.86349,
    "ndcg_at_100": 0.87879,
    "ndcg_at_1000": 0.87879,
    "ndcg_at_20": 0.87879,
    "ndcg_at_3": 0.84047,
    "ndcg_at_5": 0.85682,
    "precision_at_1": 0.78,
    "precision_at_10": 0.094,
    "precision_at_100": 0.01,
    "precision_at_1000": 0.001,
    "precision_at_20": 0.05,
    "precision_at_3": 0.29333,
    "precision_at_5": 0.184,
    "recall_at_1": 0.78,
    "recall_at_10": 0.94,
    "recall_at_100": 1.0,
    "recall_at_1000": 1.0,
    "recall_at_20": 1.0,
    "recall_at_3": 0.88,
    "recall_at_5": 0.92
  }
}