{
  "dataset_revision": "6e346642246bfb4928c560ee08640dc84d074e8c",
  "mteb_dataset_name": "LEMBPasskeyRetrieval",
  "mteb_version": "1.6.23",
  "test": {
    "evaluation_time": 48.99,
    "map_at_1": 0.06,
    "map_at_10": 0.10756,
    "map_at_100": 0.13896,
    "map_at_1000": 0.13896,
    "map_at_20": 0.12135,
    "map_at_3": 0.08667,
    "map_at_5": 0.09867,
    "mrr_at_1": 0.06,
    "mrr_at_10": 0.10756,
    "mrr_at_100": 0.13896,
    "mrr_at_1000": 0.13896,
    "mrr_at_20": 0.12135,
    "mrr_at_3": 0.08667,
    "mrr_at_5": 0.09867,
    "ndcg_at_1": 0.06,
    "ndcg_at_10": 0.13872,
    "ndcg_at_100": 0.29981,
    "ndcg_at_1000": 0.29981,
    "ndcg_at_20": 0.18919,
    "ndcg_at_3": 0.09524,
    "ndcg_at_5": 0.11845,
    "precision_at_1": 0.06,
    "precision_at_10": 0.024,
    "precision_at_100": 0.01,
    "precision_at_1000": 0.001,
    "precision_at_20": 0.022,
    "precision_at_3": 0.04,
    "precision_at_5": 0.036,
    "recall_at_1": 0.06,
    "recall_at_10": 0.24,
    "recall_at_100": 1.0,
    "recall_at_1000": 1.0,
    "recall_at_20": 0.44,
    "recall_at_3": 0.12,
    "recall_at_5": 0.18
  }
}