{
  "dataset_revision": "6e346642246bfb4928c560ee08640dc84d074e8c",
  "mteb_dataset_name": "LEMBNeedleRetrieval",
  "mteb_version": "1.6.23",
  "test": {
    "evaluation_time": 48.87,
    "map_at_1": 0.2,
    "map_at_10": 0.37041,
    "map_at_100": 0.38274,
    "map_at_1000": 0.38274,
    "map_at_20": 0.37888,
    "map_at_3": 0.30333,
    "map_at_5": 0.35033,
    "mrr_at_1": 0.2,
    "mrr_at_10": 0.37041,
    "mrr_at_100": 0.38274,
    "mrr_at_1000": 0.38274,
    "mrr_at_20": 0.37888,
    "mrr_at_3": 0.30333,
    "mrr_at_5": 0.35033,
    "ndcg_at_1": 0.2,
    "ndcg_at_10": 0.46851,
    "ndcg_at_100": 0.52,
    "ndcg_at_1000": 0.52,
    "ndcg_at_20": 0.49903,
    "ndcg_at_3": 0.33833,
    "ndcg_at_5": 0.42184,
    "precision_at_1": 0.2,
    "precision_at_10": 0.078,
    "precision_at_100": 0.01,
    "precision_at_1000": 0.001,
    "precision_at_20": 0.045,
    "precision_at_3": 0.14667,
    "precision_at_5": 0.128,
    "recall_at_1": 0.2,
    "recall_at_10": 0.78,
    "recall_at_100": 1.0,
    "recall_at_1000": 1.0,
    "recall_at_20": 0.9,
    "recall_at_3": 0.44,
    "recall_at_5": 0.64
  }
}