{
  "dataset_revision": "6e346642246bfb4928c560ee08640dc84d074e8c",
  "mteb_dataset_name": "LEMBNeedleRetrieval",
  "mteb_version": "1.6.23",
  "test": {
    "evaluation_time": 5.76,
    "map_at_1": 0.54,
    "map_at_10": 0.67483,
    "map_at_100": 0.68052,
    "map_at_1000": 0.68052,
    "map_at_20": 0.67965,
    "map_at_3": 0.64333,
    "map_at_5": 0.67233,
    "mrr_at_1": 0.54,
    "mrr_at_10": 0.67483,
    "mrr_at_100": 0.68052,
    "mrr_at_1000": 0.68052,
    "mrr_at_20": 0.67965,
    "mrr_at_3": 0.64333,
    "mrr_at_5": 0.67233,
    "ndcg_at_1": 0.54,
    "ndcg_at_10": 0.73491,
    "ndcg_at_100": 0.75526,
    "ndcg_at_1000": 0.75526,
    "ndcg_at_20": 0.7509,
    "ndcg_at_3": 0.67357,
    "ndcg_at_5": 0.7286,
    "precision_at_1": 0.54,
    "precision_at_10": 0.092,
    "precision_at_100": 0.01,
    "precision_at_1000": 0.001,
    "precision_at_20": 0.049,
    "precision_at_3": 0.25333,
    "precision_at_5": 0.18,
    "recall_at_1": 0.54,
    "recall_at_10": 0.92,
    "recall_at_100": 1.0,
    "recall_at_1000": 1.0,
    "recall_at_20": 0.98,
    "recall_at_3": 0.76,
    "recall_at_5": 0.9
  }
}