{
  "dataset_revision": "6e346642246bfb4928c560ee08640dc84d074e8c",
  "mteb_dataset_name": "LEMBNeedleRetrieval",
  "mteb_version": "1.6.23",
  "test": {
    "evaluation_time": 0.01,
    "map_at_1": 0.04,
    "map_at_10": 0.06386,
    "map_at_100": 0.08438,
    "map_at_1000": 0.08438,
    "map_at_20": 0.06804,
    "map_at_3": 0.04,
    "map_at_5": 0.059,
    "mrr_at_1": 0.02,
    "mrr_at_10": 0.05783,
    "mrr_at_100": 0.07839,
    "mrr_at_1000": 0.07839,
    "mrr_at_20": 0.06189,
    "mrr_at_3": 0.04333,
    "mrr_at_5": 0.05333,
    "ndcg_at_1": 0.04,
    "ndcg_at_10": 0.08603,
    "ndcg_at_100": 0.23776,
    "ndcg_at_1000": 0.23776,
    "ndcg_at_20": 0.10121,
    "ndcg_at_3": 0.04,
    "ndcg_at_5": 0.07358,
    "precision_at_1": 0.04,
    "precision_at_10": 0.016,
    "precision_at_100": 0.01,
    "precision_at_1000": 0.001,
    "precision_at_20": 0.011,
    "precision_at_3": 0.01333,
    "precision_at_5": 0.024,
    "recall_at_1": 0.04,
    "recall_at_10": 0.16,
    "recall_at_100": 1.0,
    "recall_at_1000": 1.0,
    "recall_at_20": 0.22,
    "recall_at_3": 0.04,
    "recall_at_5": 0.12
  }
}