{
  "dataset_revision": "6e346642246bfb4928c560ee08640dc84d074e8c",
  "mteb_dataset_name": "LEMBPasskeyRetrieval",
  "mteb_version": "1.6.23",
  "test": {
    "evaluation_time": 0.01,
    "map_at_1": 0.04,
    "map_at_10": 0.05183,
    "map_at_100": 0.07562,
    "map_at_1000": 0.07562,
    "map_at_20": 0.06033,
    "map_at_3": 0.04,
    "map_at_5": 0.044,
    "mrr_at_1": 0.04,
    "mrr_at_10": 0.05089,
    "mrr_at_100": 0.07344,
    "mrr_at_1000": 0.07344,
    "mrr_at_20": 0.05716,
    "mrr_at_3": 0.04,
    "mrr_at_5": 0.04,
    "ndcg_at_1": 0.04,
    "ndcg_at_10": 0.06695,
    "ndcg_at_100": 0.23017,
    "ndcg_at_1000": 0.23017,
    "ndcg_at_20": 0.09751,
    "ndcg_at_3": 0.04,
    "ndcg_at_5": 0.04774,
    "precision_at_1": 0.04,
    "precision_at_10": 0.012,
    "precision_at_100": 0.01,
    "precision_at_1000": 0.001,
    "precision_at_20": 0.012,
    "precision_at_3": 0.01333,
    "precision_at_5": 0.012,
    "recall_at_1": 0.04,
    "recall_at_10": 0.12,
    "recall_at_100": 1.0,
    "recall_at_1000": 1.0,
    "recall_at_20": 0.24,
    "recall_at_3": 0.04,
    "recall_at_5": 0.06
  }
}