{
  "dataset_revision": "6e346642246bfb4928c560ee08640dc84d074e8c",
  "mteb_dataset_name": "LEMBNeedleRetrieval",
  "mteb_version": "1.6.23",
  "test": {
    "evaluation_time": 0.04,
    "map_at_1": 0.0,
    "map_at_10": 0.0248,
    "map_at_100": 0.04818,
    "map_at_1000": 0.04818,
    "map_at_20": 0.03205,
    "map_at_3": 0.01,
    "map_at_5": 0.015,
    "mrr_at_1": 0.0,
    "mrr_at_10": 0.01944,
    "mrr_at_100": 0.04133,
    "mrr_at_1000": 0.04133,
    "mrr_at_20": 0.02513,
    "mrr_at_3": 0.01,
    "mrr_at_5": 0.015,
    "ndcg_at_1": 0.0,
    "ndcg_at_10": 0.04625,
    "ndcg_at_100": 0.20889,
    "ndcg_at_1000": 0.20889,
    "ndcg_at_20": 0.07192,
    "ndcg_at_3": 0.01262,
    "ndcg_at_5": 0.02123,
    "precision_at_1": 0.0,
    "precision_at_10": 0.012,
    "precision_at_100": 0.01,
    "precision_at_1000": 0.001,
    "precision_at_20": 0.011,
    "precision_at_3": 0.00667,
    "precision_at_5": 0.008,
    "recall_at_1": 0.0,
    "recall_at_10": 0.12,
    "recall_at_100": 1.0,
    "recall_at_1000": 1.0,
    "recall_at_20": 0.22,
    "recall_at_3": 0.02,
    "recall_at_5": 0.04
  }
}