{
  "dataset_revision": "6e346642246bfb4928c560ee08640dc84d074e8c",
  "mteb_dataset_name": "LEMBPasskeyRetrieval",
  "mteb_version": "1.6.23",
  "test": {
    "evaluation_time": 2.42,
    "map_at_1": 0.0,
    "map_at_10": 0.03163,
    "map_at_100": 0.06601,
    "map_at_1000": 0.06601,
    "map_at_20": 0.04905,
    "map_at_3": 0.01333,
    "map_at_5": 0.02233,
    "mrr_at_1": 0.0,
    "mrr_at_10": 0.03163,
    "mrr_at_100": 0.06601,
    "mrr_at_1000": 0.06601,
    "mrr_at_20": 0.04905,
    "mrr_at_3": 0.01333,
    "mrr_at_5": 0.02233,
    "ndcg_at_1": 0.0,
    "ndcg_at_10": 0.06084,
    "ndcg_at_100": 0.23633,
    "ndcg_at_1000": 0.23633,
    "ndcg_at_20": 0.12247,
    "ndcg_at_3": 0.02,
    "ndcg_at_5": 0.03635,
    "precision_at_1": 0.0,
    "precision_at_10": 0.016,
    "precision_at_100": 0.01,
    "precision_at_1000": 0.001,
    "precision_at_20": 0.02,
    "precision_at_3": 0.01333,
    "precision_at_5": 0.016,
    "recall_at_1": 0.0,
    "recall_at_10": 0.16,
    "recall_at_100": 1.0,
    "recall_at_1000": 1.0,
    "recall_at_20": 0.4,
    "recall_at_3": 0.04,
    "recall_at_5": 0.08
  }
}