{
  "dataset_revision": "6e346642246bfb4928c560ee08640dc84d074e8c",
  "mteb_dataset_name": "LEMBNeedleRetrieval",
  "mteb_version": "1.6.23",
  "test": {
    "evaluation_time": 2.58,
    "map_at_1": 0.04,
    "map_at_10": 0.20204,
    "map_at_100": 0.21148,
    "map_at_1000": 0.21148,
    "map_at_20": 0.20977,
    "map_at_3": 0.07333,
    "map_at_5": 0.15533,
    "mrr_at_1": 0.04,
    "mrr_at_10": 0.20204,
    "mrr_at_100": 0.21148,
    "mrr_at_1000": 0.21148,
    "mrr_at_20": 0.20977,
    "mrr_at_3": 0.07333,
    "mrr_at_5": 0.15533,
    "ndcg_at_1": 0.04,
    "ndcg_at_10": 0.34554,
    "ndcg_at_100": 0.38661,
    "ndcg_at_1000": 0.38661,
    "ndcg_at_20": 0.3751,
    "ndcg_at_3": 0.09,
    "ndcg_at_5": 0.23803,
    "precision_at_1": 0.04,
    "precision_at_10": 0.082,
    "precision_at_100": 0.01,
    "precision_at_1000": 0.001,
    "precision_at_20": 0.047,
    "precision_at_3": 0.04667,
    "precision_at_5": 0.1,
    "recall_at_1": 0.04,
    "recall_at_10": 0.82,
    "recall_at_100": 1.0,
    "recall_at_1000": 1.0,
    "recall_at_20": 0.94,
    "recall_at_3": 0.14,
    "recall_at_5": 0.5
  }
}