{
  "dataset_revision": "6e346642246bfb4928c560ee08640dc84d074e8c",
  "mteb_dataset_name": "LEMBNeedleRetrieval",
  "mteb_version": "1.6.23",
  "test": {
    "evaluation_time": 0.01,
    "map_at_1": 0.68,
    "map_at_10": 0.74633,
    "map_at_100": 0.74997,
    "map_at_1000": 0.74997,
    "map_at_20": 0.74901,
    "map_at_3": 0.72,
    "map_at_5": 0.743,
    "mrr_at_1": 0.68,
    "mrr_at_10": 0.74633,
    "mrr_at_100": 0.74997,
    "mrr_at_1000": 0.74997,
    "mrr_at_20": 0.74901,
    "mrr_at_3": 0.72,
    "mrr_at_5": 0.743,
    "ndcg_at_1": 0.68,
    "ndcg_at_10": 0.78368,
    "ndcg_at_100": 0.80359,
    "ndcg_at_1000": 0.80359,
    "ndcg_at_20": 0.79369,
    "ndcg_at_3": 0.73524,
    "ndcg_at_5": 0.77655,
    "precision_at_1": 0.68,
    "precision_at_10": 0.09,
    "precision_at_100": 0.01,
    "precision_at_1000": 0.001,
    "precision_at_20": 0.047,
    "precision_at_3": 0.26,
    "precision_at_5": 0.176,
    "recall_at_1": 0.68,
    "recall_at_10": 0.9,
    "recall_at_100": 1.0,
    "recall_at_1000": 1.0,
    "recall_at_20": 0.94,
    "recall_at_3": 0.78,
    "recall_at_5": 0.88
  }
}