{
  "dataset_revision": "6e346642246bfb4928c560ee08640dc84d074e8c",
  "mteb_dataset_name": "LEMBPasskeyRetrieval",
  "mteb_version": "1.6.23",
  "test": {
    "evaluation_time": 0.03,
    "map_at_1": 0.44,
    "map_at_10": 0.45456,
    "map_at_100": 0.47445,
    "map_at_1000": 0.47445,
    "map_at_20": 0.46426,
    "map_at_3": 0.44,
    "map_at_5": 0.449,
    "mrr_at_1": 0.44,
    "mrr_at_10": 0.45456,
    "mrr_at_100": 0.47445,
    "mrr_at_1000": 0.47445,
    "mrr_at_20": 0.46426,
    "mrr_at_3": 0.44,
    "mrr_at_5": 0.449,
    "ndcg_at_1": 0.44,
    "ndcg_at_10": 0.4695,
    "ndcg_at_100": 0.5711,
    "ndcg_at_1000": 0.5711,
    "ndcg_at_20": 0.5049,
    "ndcg_at_3": 0.44,
    "ndcg_at_5": 0.45635,
    "precision_at_1": 0.44,
    "precision_at_10": 0.052,
    "precision_at_100": 0.01,
    "precision_at_1000": 0.001,
    "precision_at_20": 0.033,
    "precision_at_3": 0.14667,
    "precision_at_5": 0.096,
    "recall_at_1": 0.44,
    "recall_at_10": 0.52,
    "recall_at_100": 1.0,
    "recall_at_1000": 1.0,
    "recall_at_20": 0.66,
    "recall_at_3": 0.44,
    "recall_at_5": 0.48
  }
}