{
  "dataset_revision": "6e346642246bfb4928c560ee08640dc84d074e8c",
  "mteb_dataset_name": "LEMBPasskeyRetrieval",
  "mteb_version": "1.6.23",
  "test": {
    "evaluation_time": 0.01,
    "map_at_1": 0.18,
    "map_at_10": 0.359,
    "map_at_100": 0.36605,
    "map_at_1000": 0.36605,
    "map_at_20": 0.36116,
    "map_at_3": 0.35,
    "map_at_5": 0.359,
    "mrr_at_1": 0.18,
    "mrr_at_10": 0.359,
    "mrr_at_100": 0.36604,
    "mrr_at_1000": 0.36604,
    "mrr_at_20": 0.36116,
    "mrr_at_3": 0.35,
    "mrr_at_5": 0.359,
    "ndcg_at_1": 0.18,
    "ndcg_at_10": 0.41563,
    "ndcg_at_100": 0.48519,
    "ndcg_at_1000": 0.48519,
    "ndcg_at_20": 0.42497,
    "ndcg_at_3": 0.39928,
    "ndcg_at_5": 0.41563,
    "precision_at_1": 0.18,
    "precision_at_10": 0.058,
    "precision_at_100": 0.01,
    "precision_at_1000": 0.001,
    "precision_at_20": 0.031,
    "precision_at_3": 0.18,
    "precision_at_5": 0.116,
    "recall_at_1": 0.18,
    "recall_at_10": 0.58,
    "recall_at_100": 1.0,
    "recall_at_1000": 1.0,
    "recall_at_20": 0.62,
    "recall_at_3": 0.54,
    "recall_at_5": 0.58
  }
}