{
  "dataset_revision": "6e346642246bfb4928c560ee08640dc84d074e8c",
  "mteb_dataset_name": "LEMBNeedleRetrieval",
  "mteb_version": "1.6.23",
  "test": {
    "evaluation_time": 2.8,
    "map_at_1": 0.04,
    "map_at_10": 0.19737,
    "map_at_100": 0.20871,
    "map_at_1000": 0.20871,
    "map_at_20": 0.20696,
    "map_at_3": 0.07333,
    "map_at_5": 0.15533,
    "mrr_at_1": 0.04,
    "mrr_at_10": 0.19737,
    "mrr_at_100": 0.20871,
    "mrr_at_1000": 0.20871,
    "mrr_at_20": 0.20696,
    "mrr_at_3": 0.07333,
    "mrr_at_5": 0.15533,
    "ndcg_at_1": 0.04,
    "ndcg_at_10": 0.33707,
    "ndcg_at_100": 0.38383,
    "ndcg_at_1000": 0.38383,
    "ndcg_at_20": 0.37228,
    "ndcg_at_3": 0.09,
    "ndcg_at_5": 0.23803,
    "precision_at_1": 0.04,
    "precision_at_10": 0.08,
    "precision_at_100": 0.01,
    "precision_at_1000": 0.001,
    "precision_at_20": 0.047,
    "precision_at_3": 0.04667,
    "precision_at_5": 0.1,
    "recall_at_1": 0.04,
    "recall_at_10": 0.8,
    "recall_at_100": 1.0,
    "recall_at_1000": 1.0,
    "recall_at_20": 0.94,
    "recall_at_3": 0.14,
    "recall_at_5": 0.5
  }
}