{
  "dataset_revision": "6e346642246bfb4928c560ee08640dc84d074e8c",
  "mteb_dataset_name": "LEMBNeedleRetrieval",
  "mteb_version": "1.6.23",
  "test": {
    "evaluation_time": 19.47,
    "map_at_1": 0.02,
    "map_at_10": 0.0315,
    "map_at_100": 0.05098,
    "map_at_1000": 0.05098,
    "map_at_20": 0.03609,
    "map_at_3": 0.02,
    "map_at_5": 0.029,
    "mrr_at_1": 0.02,
    "mrr_at_10": 0.03186,
    "mrr_at_100": 0.05136,
    "mrr_at_1000": 0.05136,
    "mrr_at_20": 0.03303,
    "mrr_at_3": 0.02,
    "mrr_at_5": 0.029,
    "ndcg_at_1": 0.02,
    "ndcg_at_10": 0.04266,
    "ndcg_at_100": 0.20384,
    "ndcg_at_1000": 0.20384,
    "ndcg_at_20": 0.06166,
    "ndcg_at_3": 0.02,
    "ndcg_at_5": 0.03635,
    "precision_at_1": 0.02,
    "precision_at_10": 0.008,
    "precision_at_100": 0.01,
    "precision_at_1000": 0.001,
    "precision_at_20": 0.008,
    "precision_at_3": 0.00667,
    "precision_at_5": 0.012,
    "recall_at_1": 0.02,
    "recall_at_10": 0.08,
    "recall_at_100": 1.0,
    "recall_at_1000": 1.0,
    "recall_at_20": 0.16,
    "recall_at_3": 0.02,
    "recall_at_5": 0.06
  }
}