{
  "dataset_revision": "6e346642246bfb4928c560ee08640dc84d074e8c",
  "mteb_dataset_name": "LEMBPasskeyRetrieval",
  "mteb_version": "1.6.23",
  "test": {
    "evaluation_time": 19.04,
    "map_at_1": 0.0,
    "map_at_10": 0.024,
    "map_at_100": 0.04626,
    "map_at_1000": 0.04626,
    "map_at_20": 0.03107,
    "map_at_3": 0.01667,
    "map_at_5": 0.02067,
    "mrr_at_1": 0.0,
    "mrr_at_10": 0.024,
    "mrr_at_100": 0.04629,
    "mrr_at_1000": 0.04629,
    "mrr_at_20": 0.03107,
    "mrr_at_3": 0.01667,
    "mrr_at_5": 0.02067,
    "ndcg_at_1": 0.0,
    "ndcg_at_10": 0.03748,
    "ndcg_at_100": 0.20308,
    "ndcg_at_1000": 0.20308,
    "ndcg_at_20": 0.06295,
    "ndcg_at_3": 0.02262,
    "ndcg_at_5": 0.03036,
    "precision_at_1": 0.0,
    "precision_at_10": 0.008,
    "precision_at_100": 0.01,
    "precision_at_1000": 0.001,
    "precision_at_20": 0.009,
    "precision_at_3": 0.01333,
    "precision_at_5": 0.012,
    "recall_at_1": 0.0,
    "recall_at_10": 0.08,
    "recall_at_100": 1.0,
    "recall_at_1000": 1.0,
    "recall_at_20": 0.18,
    "recall_at_3": 0.04,
    "recall_at_5": 0.06
  }
}