{
  "dataset_revision": "6e346642246bfb4928c560ee08640dc84d074e8c",
  "mteb_dataset_name": "LEMBPasskeyRetrieval",
  "mteb_version": "1.6.23",
  "test": {
    "evaluation_time": 27.76,
    "map_at_1": 0.02,
    "map_at_10": 0.03917,
    "map_at_100": 0.06135,
    "map_at_1000": 0.06135,
    "map_at_20": 0.04493,
    "map_at_3": 0.03667,
    "map_at_5": 0.03667,
    "mrr_at_1": 0.02,
    "mrr_at_10": 0.03972,
    "mrr_at_100": 0.06065,
    "mrr_at_1000": 0.06065,
    "mrr_at_20": 0.04365,
    "mrr_at_3": 0.03,
    "mrr_at_5": 0.035,
    "ndcg_at_1": 0.02,
    "ndcg_at_10": 0.04893,
    "ndcg_at_100": 0.21491,
    "ndcg_at_1000": 0.21491,
    "ndcg_at_20": 0.06943,
    "ndcg_at_3": 0.04262,
    "ndcg_at_5": 0.04262,
    "precision_at_1": 0.02,
    "precision_at_10": 0.008,
    "precision_at_100": 0.01,
    "precision_at_1000": 0.001,
    "precision_at_20": 0.008,
    "precision_at_3": 0.02,
    "precision_at_5": 0.012,
    "recall_at_1": 0.02,
    "recall_at_10": 0.08,
    "recall_at_100": 1.0,
    "recall_at_1000": 1.0,
    "recall_at_20": 0.16,
    "recall_at_3": 0.06,
    "recall_at_5": 0.06
  }
}