{
  "dataset_revision": "6e346642246bfb4928c560ee08640dc84d074e8c",
  "mteb_dataset_name": "LEMBNeedleRetrieval",
  "mteb_version": "1.6.23",
  "test": {
    "evaluation_time": 32.2,
    "map_at_1": 0.02,
    "map_at_10": 0.04852,
    "map_at_100": 0.0716,
    "map_at_1000": 0.0716,
    "map_at_20": 0.05593,
    "map_at_3": 0.03667,
    "map_at_5": 0.04567,
    "mrr_at_1": 0.02,
    "mrr_at_10": 0.045,
    "mrr_at_100": 0.0698,
    "mrr_at_1000": 0.0698,
    "mrr_at_20": 0.05407,
    "mrr_at_3": 0.03667,
    "mrr_at_5": 0.04167,
    "ndcg_at_1": 0.02,
    "ndcg_at_10": 0.06564,
    "ndcg_at_100": 0.22794,
    "ndcg_at_1000": 0.22794,
    "ndcg_at_20": 0.09486,
    "ndcg_at_3": 0.04262,
    "ndcg_at_5": 0.05897,
    "precision_at_1": 0.02,
    "precision_at_10": 0.012,
    "precision_at_100": 0.01,
    "precision_at_1000": 0.001,
    "precision_at_20": 0.012,
    "precision_at_3": 0.02,
    "precision_at_5": 0.02,
    "recall_at_1": 0.02,
    "recall_at_10": 0.12,
    "recall_at_100": 1.0,
    "recall_at_1000": 1.0,
    "recall_at_20": 0.24,
    "recall_at_3": 0.06,
    "recall_at_5": 0.1
  }
}