{
  "dataset_revision": "6e346642246bfb4928c560ee08640dc84d074e8c",
  "mteb_dataset_name": "LEMBNeedleRetrieval",
  "mteb_version": "1.6.23",
  "test": {
    "evaluation_time": 0.01,
    "map_at_1": 0.24,
    "map_at_10": 0.36019,
    "map_at_100": 0.37036,
    "map_at_1000": 0.37036,
    "map_at_20": 0.36235,
    "map_at_3": 0.34,
    "map_at_5": 0.354,
    "mrr_at_1": 0.24,
    "mrr_at_10": 0.36019,
    "mrr_at_100": 0.37039,
    "mrr_at_1000": 0.37039,
    "mrr_at_20": 0.3633,
    "mrr_at_3": 0.34,
    "mrr_at_5": 0.354,
    "ndcg_at_1": 0.24,
    "ndcg_at_10": 0.4097,
    "ndcg_at_100": 0.48826,
    "ndcg_at_1000": 0.48826,
    "ndcg_at_20": 0.41904,
    "ndcg_at_3": 0.37095,
    "ndcg_at_5": 0.39591,
    "precision_at_1": 0.24,
    "precision_at_10": 0.056,
    "precision_at_100": 0.01,
    "precision_at_1000": 0.001,
    "precision_at_20": 0.03,
    "precision_at_3": 0.15333,
    "precision_at_5": 0.104,
    "recall_at_1": 0.24,
    "recall_at_10": 0.56,
    "recall_at_100": 1.0,
    "recall_at_1000": 1.0,
    "recall_at_20": 0.6,
    "recall_at_3": 0.46,
    "recall_at_5": 0.52
  }
}