{
  "dataset_revision": "6e346642246bfb4928c560ee08640dc84d074e8c",
  "mteb_dataset_name": "LEMBNeedleRetrieval",
  "mteb_version": "1.6.23",
  "test": {
    "evaluation_time": 1.51,
    "map_at_1": 0.68,
    "map_at_10": 0.77102,
    "map_at_100": 0.77227,
    "map_at_1000": 0.77227,
    "map_at_20": 0.77227,
    "map_at_3": 0.74667,
    "map_at_5": 0.76367,
    "mrr_at_1": 0.68,
    "mrr_at_10": 0.77102,
    "mrr_at_100": 0.77227,
    "mrr_at_1000": 0.77227,
    "mrr_at_20": 0.77227,
    "mrr_at_3": 0.74667,
    "mrr_at_5": 0.76367,
    "ndcg_at_1": 0.68,
    "ndcg_at_10": 0.82106,
    "ndcg_at_100": 0.82595,
    "ndcg_at_1000": 0.82595,
    "ndcg_at_20": 0.82595,
    "ndcg_at_3": 0.77047,
    "ndcg_at_5": 0.8023,
    "precision_at_1": 0.68,
    "precision_at_10": 0.098,
    "precision_at_100": 0.01,
    "precision_at_1000": 0.001,
    "precision_at_20": 0.05,
    "precision_at_3": 0.28,
    "precision_at_5": 0.184,
    "recall_at_1": 0.68,
    "recall_at_10": 0.98,
    "recall_at_100": 1.0,
    "recall_at_1000": 1.0,
    "recall_at_20": 1.0,
    "recall_at_3": 0.84,
    "recall_at_5": 0.92
  }
}