{
  "dataset_revision": "6e346642246bfb4928c560ee08640dc84d074e8c",
  "mteb_dataset_name": "LEMBNeedleRetrieval",
  "mteb_version": "1.6.23",
  "test": {
    "evaluation_time": 32.06,
    "map_at_1": 0.02,
    "map_at_10": 0.04289,
    "map_at_100": 0.06461,
    "map_at_1000": 0.06461,
    "map_at_20": 0.04901,
    "map_at_3": 0.03667,
    "map_at_5": 0.03667,
    "mrr_at_1": 0.02,
    "mrr_at_10": 0.0325,
    "mrr_at_100": 0.05837,
    "mrr_at_1000": 0.05837,
    "mrr_at_20": 0.04139,
    "mrr_at_3": 0.03,
    "mrr_at_5": 0.03,
    "ndcg_at_1": 0.02,
    "ndcg_at_10": 0.0602,
    "ndcg_at_100": 0.21938,
    "ndcg_at_1000": 0.21938,
    "ndcg_at_20": 0.08111,
    "ndcg_at_3": 0.04262,
    "ndcg_at_5": 0.04262,
    "precision_at_1": 0.02,
    "precision_at_10": 0.012,
    "precision_at_100": 0.01,
    "precision_at_1000": 0.001,
    "precision_at_20": 0.01,
    "precision_at_3": 0.02,
    "precision_at_5": 0.012,
    "recall_at_1": 0.02,
    "recall_at_10": 0.12,
    "recall_at_100": 1.0,
    "recall_at_1000": 1.0,
    "recall_at_20": 0.2,
    "recall_at_3": 0.06,
    "recall_at_5": 0.06
  }
}