{
  "dataset_revision": "6e346642246bfb4928c560ee08640dc84d074e8c",
  "mteb_dataset_name": "LEMBPasskeyRetrieval",
  "mteb_version": "1.6.23",
  "test": {
    "evaluation_time": 0.01,
    "map_at_1": 0.08,
    "map_at_10": 0.12602,
    "map_at_100": 0.14969,
    "map_at_1000": 0.14969,
    "map_at_20": 0.13778,
    "map_at_3": 0.09667,
    "map_at_5": 0.11067,
    "mrr_at_1": 0.08,
    "mrr_at_10": 0.12602,
    "mrr_at_100": 0.14969,
    "mrr_at_1000": 0.14969,
    "mrr_at_20": 0.13778,
    "mrr_at_3": 0.09667,
    "mrr_at_5": 0.11067,
    "ndcg_at_1": 0.08,
    "ndcg_at_10": 0.16193,
    "ndcg_at_100": 0.30252,
    "ndcg_at_1000": 0.30252,
    "ndcg_at_20": 0.20321,
    "ndcg_at_3": 0.10262,
    "ndcg_at_5": 0.12758,
    "precision_at_1": 0.08,
    "precision_at_10": 0.028,
    "precision_at_100": 0.01,
    "precision_at_1000": 0.001,
    "precision_at_20": 0.022,
    "precision_at_3": 0.04,
    "precision_at_5": 0.036,
    "recall_at_1": 0.08,
    "recall_at_10": 0.28,
    "recall_at_100": 1.0,
    "recall_at_1000": 1.0,
    "recall_at_20": 0.44,
    "recall_at_3": 0.12,
    "recall_at_5": 0.18
  }
}