{
  "dataset_revision": "6e346642246bfb4928c560ee08640dc84d074e8c",
  "mteb_dataset_name": "LEMBNeedleRetrieval",
  "mteb_version": "1.6.23",
  "test": {
    "evaluation_time": 0.03,
    "map_at_1": 0.58,
    "map_at_10": 0.69658,
    "map_at_100": 0.70109,
    "map_at_1000": 0.70109,
    "map_at_20": 0.70026,
    "map_at_3": 0.67,
    "map_at_5": 0.689,
    "mrr_at_1": 0.58,
    "mrr_at_10": 0.69658,
    "mrr_at_100": 0.70109,
    "mrr_at_1000": 0.70109,
    "mrr_at_20": 0.70026,
    "mrr_at_3": 0.67,
    "mrr_at_5": 0.689,
    "ndcg_at_1": 0.58,
    "ndcg_at_10": 0.7509,
    "ndcg_at_100": 0.76978,
    "ndcg_at_1000": 0.76978,
    "ndcg_at_20": 0.76547,
    "ndcg_at_3": 0.69833,
    "ndcg_at_5": 0.73191,
    "precision_at_1": 0.58,
    "precision_at_10": 0.092,
    "precision_at_100": 0.01,
    "precision_at_1000": 0.001,
    "precision_at_20": 0.049,
    "precision_at_3": 0.26,
    "precision_at_5": 0.172,
    "recall_at_1": 0.58,
    "recall_at_10": 0.92,
    "recall_at_100": 1.0,
    "recall_at_1000": 1.0,
    "recall_at_20": 0.98,
    "recall_at_3": 0.78,
    "recall_at_5": 0.86
  }
}