{
  "dataset_revision": "6e346642246bfb4928c560ee08640dc84d074e8c",
  "mteb_dataset_name": "LEMBPasskeyRetrieval",
  "mteb_version": "1.6.23",
  "test": {
    "evaluation_time": 16.93,
    "map_at_1": 0.12,
    "map_at_10": 0.15836,
    "map_at_100": 0.17175,
    "map_at_1000": 0.17175,
    "map_at_20": 0.15836,
    "map_at_3": 0.14,
    "map_at_5": 0.153,
    "mrr_at_1": 0.12,
    "mrr_at_10": 0.15836,
    "mrr_at_100": 0.1719,
    "mrr_at_1000": 0.1719,
    "mrr_at_20": 0.15836,
    "mrr_at_3": 0.14,
    "mrr_at_5": 0.153,
    "ndcg_at_1": 0.12,
    "ndcg_at_10": 0.18706,
    "ndcg_at_100": 0.31029,
    "ndcg_at_1000": 0.31029,
    "ndcg_at_20": 0.18706,
    "ndcg_at_3": 0.15,
    "ndcg_at_5": 0.17409,
    "precision_at_1": 0.12,
    "precision_at_10": 0.028,
    "precision_at_100": 0.01,
    "precision_at_1000": 0.001,
    "precision_at_20": 0.014,
    "precision_at_3": 0.06,
    "precision_at_5": 0.048,
    "recall_at_1": 0.12,
    "recall_at_10": 0.28,
    "recall_at_100": 1.0,
    "recall_at_1000": 1.0,
    "recall_at_20": 0.28,
    "recall_at_3": 0.18,
    "recall_at_5": 0.24
  }
}