{
  "dataset_revision": "6e346642246bfb4928c560ee08640dc84d074e8c",
  "mteb_dataset_name": "LEMBNeedleRetrieval",
  "mteb_version": "1.6.23",
  "test": {
    "evaluation_time": 17.0,
    "map_at_1": 0.0,
    "map_at_10": 0.00833,
    "map_at_100": 0.03361,
    "map_at_1000": 0.03361,
    "map_at_20": 0.01738,
    "map_at_3": 0.0,
    "map_at_5": 0.0,
    "mrr_at_1": 0.0,
    "mrr_at_10": 0.01305,
    "mrr_at_100": 0.03614,
    "mrr_at_1000": 0.03614,
    "mrr_at_20": 0.01901,
    "mrr_at_3": 0.0,
    "mrr_at_5": 0.004,
    "ndcg_at_1": 0.0,
    "ndcg_at_10": 0.01974,
    "ndcg_at_100": 0.19315,
    "ndcg_at_1000": 0.19315,
    "ndcg_at_20": 0.05098,
    "ndcg_at_3": 0.0,
    "ndcg_at_5": 0.0,
    "precision_at_1": 0.0,
    "precision_at_10": 0.006,
    "precision_at_100": 0.01,
    "precision_at_1000": 0.001,
    "precision_at_20": 0.009,
    "precision_at_3": 0.0,
    "precision_at_5": 0.0,
    "recall_at_1": 0.0,
    "recall_at_10": 0.06,
    "recall_at_100": 1.0,
    "recall_at_1000": 1.0,
    "recall_at_20": 0.18,
    "recall_at_3": 0.0,
    "recall_at_5": 0.0
  }
}