{
  "dataset_revision": "6e346642246bfb4928c560ee08640dc84d074e8c",
  "mteb_dataset_name": "LEMBNeedleRetrieval",
  "mteb_version": "1.6.23",
  "test": {
    "evaluation_time": 10.98,
    "map_at_1": 0.04,
    "map_at_10": 0.12024,
    "map_at_100": 0.13784,
    "map_at_1000": 0.13784,
    "map_at_20": 0.12792,
    "map_at_3": 0.04,
    "map_at_5": 0.098,
    "mrr_at_1": 0.04,
    "mrr_at_10": 0.12024,
    "mrr_at_100": 0.13784,
    "mrr_at_1000": 0.13784,
    "mrr_at_20": 0.12792,
    "mrr_at_3": 0.04,
    "mrr_at_5": 0.098,
    "ndcg_at_1": 0.04,
    "ndcg_at_10": 0.19849,
    "ndcg_at_100": 0.30412,
    "ndcg_at_1000": 0.30412,
    "ndcg_at_20": 0.22801,
    "ndcg_at_3": 0.04,
    "ndcg_at_5": 0.14584,
    "precision_at_1": 0.04,
    "precision_at_10": 0.046,
    "precision_at_100": 0.01,
    "precision_at_1000": 0.001,
    "precision_at_20": 0.029,
    "precision_at_3": 0.01333,
    "precision_at_5": 0.06,
    "recall_at_1": 0.04,
    "recall_at_10": 0.46,
    "recall_at_100": 1.0,
    "recall_at_1000": 1.0,
    "recall_at_20": 0.58,
    "recall_at_3": 0.04,
    "recall_at_5": 0.3
  }
}