{
  "dataset_revision": "6e346642246bfb4928c560ee08640dc84d074e8c",
  "mteb_dataset_name": "LEMBPasskeyRetrieval",
  "mteb_version": "1.6.23",
  "test": {
    "evaluation_time": 10.85,
    "map_at_1": 0.14,
    "map_at_10": 0.23822,
    "map_at_100": 0.26202,
    "map_at_1000": 0.26202,
    "map_at_20": 0.25457,
    "map_at_3": 0.20667,
    "map_at_5": 0.22667,
    "mrr_at_1": 0.14,
    "mrr_at_10": 0.23822,
    "mrr_at_100": 0.26202,
    "mrr_at_1000": 0.26202,
    "mrr_at_20": 0.25457,
    "mrr_at_3": 0.20667,
    "mrr_at_5": 0.22667,
    "ndcg_at_1": 0.14,
    "ndcg_at_10": 0.29542,
    "ndcg_at_100": 0.40814,
    "ndcg_at_1000": 0.40814,
    "ndcg_at_20": 0.35575,
    "ndcg_at_3": 0.23047,
    "ndcg_at_5": 0.26493,
    "precision_at_1": 0.14,
    "precision_at_10": 0.048,
    "precision_at_100": 0.01,
    "precision_at_1000": 0.001,
    "precision_at_20": 0.036,
    "precision_at_3": 0.1,
    "precision_at_5": 0.076,
    "recall_at_1": 0.14,
    "recall_at_10": 0.48,
    "recall_at_100": 1.0,
    "recall_at_1000": 1.0,
    "recall_at_20": 0.72,
    "recall_at_3": 0.3,
    "recall_at_5": 0.38
  }
}