{
  "dataset_revision": "6e346642246bfb4928c560ee08640dc84d074e8c",
  "mteb_dataset_name": "LEMBNeedleRetrieval",
  "mteb_version": "1.6.23",
  "test": {
    "evaluation_time": 70.52,
    "map_at_1": 0.78,
    "map_at_10": 0.869,
    "map_at_100": 0.869,
    "map_at_1000": 0.869,
    "map_at_20": 0.869,
    "map_at_3": 0.85667,
    "map_at_5": 0.86567,
    "mrr_at_1": 0.78,
    "mrr_at_10": 0.869,
    "mrr_at_100": 0.869,
    "mrr_at_1000": 0.869,
    "mrr_at_20": 0.869,
    "mrr_at_3": 0.85667,
    "mrr_at_5": 0.86567,
    "ndcg_at_1": 0.78,
    "ndcg_at_10": 0.9018,
    "ndcg_at_100": 0.9018,
    "ndcg_at_1000": 0.9018,
    "ndcg_at_20": 0.9018,
    "ndcg_at_3": 0.87833,
    "ndcg_at_5": 0.89468,
    "precision_at_1": 0.78,
    "precision_at_10": 0.1,
    "precision_at_100": 0.01,
    "precision_at_1000": 0.001,
    "precision_at_20": 0.05,
    "precision_at_3": 0.31333,
    "precision_at_5": 0.196,
    "recall_at_1": 0.78,
    "recall_at_10": 1.0,
    "recall_at_100": 1.0,
    "recall_at_1000": 1.0,
    "recall_at_20": 1.0,
    "recall_at_3": 0.94,
    "recall_at_5": 0.98
  }
}