{
  "dataset_revision": "6e346642246bfb4928c560ee08640dc84d074e8c",
  "mteb_dataset_name": "LEMBNeedleRetrieval",
  "mteb_version": "1.6.23",
  "test": {
    "evaluation_time": 5.46,
    "map_at_1": 0.1,
    "map_at_10": 0.11222,
    "map_at_100": 0.13236,
    "map_at_1000": 0.13236,
    "map_at_20": 0.11734,
    "map_at_3": 0.11,
    "map_at_5": 0.11,
    "mrr_at_1": 0.1,
    "mrr_at_10": 0.11286,
    "mrr_at_100": 0.13752,
    "mrr_at_1000": 0.13752,
    "mrr_at_20": 0.1203,
    "mrr_at_3": 0.11,
    "mrr_at_5": 0.11,
    "ndcg_at_1": 0.1,
    "ndcg_at_10": 0.11864,
    "ndcg_at_100": 0.2727,
    "ndcg_at_1000": 0.2727,
    "ndcg_at_20": 0.13829,
    "ndcg_at_3": 0.11262,
    "ndcg_at_5": 0.11262,
    "precision_at_1": 0.1,
    "precision_at_10": 0.014,
    "precision_at_100": 0.01,
    "precision_at_1000": 0.001,
    "precision_at_20": 0.011,
    "precision_at_3": 0.04,
    "precision_at_5": 0.024,
    "recall_at_1": 0.1,
    "recall_at_10": 0.14,
    "recall_at_100": 1.0,
    "recall_at_1000": 1.0,
    "recall_at_20": 0.22,
    "recall_at_3": 0.12,
    "recall_at_5": 0.12
  }
}