{
  "dataset_revision": "6e346642246bfb4928c560ee08640dc84d074e8c",
  "mteb_dataset_name": "LEMBPasskeyRetrieval",
  "mteb_version": "1.6.23",
  "test": {
    "evaluation_time": 4.61,
    "map_at_1": 0.62,
    "map_at_10": 0.62,
    "map_at_100": 0.62488,
    "map_at_1000": 0.62488,
    "map_at_20": 0.62,
    "map_at_3": 0.62,
    "map_at_5": 0.62,
    "mrr_at_1": 0.62,
    "mrr_at_10": 0.62,
    "mrr_at_100": 0.6248,
    "mrr_at_1000": 0.6248,
    "mrr_at_20": 0.62,
    "mrr_at_3": 0.62,
    "mrr_at_5": 0.62,
    "ndcg_at_1": 0.62,
    "ndcg_at_10": 0.62,
    "ndcg_at_100": 0.68022,
    "ndcg_at_1000": 0.68022,
    "ndcg_at_20": 0.62,
    "ndcg_at_3": 0.62,
    "ndcg_at_5": 0.62,
    "precision_at_1": 0.62,
    "precision_at_10": 0.062,
    "precision_at_100": 0.01,
    "precision_at_1000": 0.001,
    "precision_at_20": 0.031,
    "precision_at_3": 0.20667,
    "precision_at_5": 0.124,
    "recall_at_1": 0.62,
    "recall_at_10": 0.62,
    "recall_at_100": 1.0,
    "recall_at_1000": 1.0,
    "recall_at_20": 0.62,
    "recall_at_3": 0.62,
    "recall_at_5": 0.62
  }
}