{
  "dataset_revision": "6e346642246bfb4928c560ee08640dc84d074e8c",
  "mteb_dataset_name": "LEMBPasskeyRetrieval",
  "mteb_version": "1.6.23",
  "test": {
    "evaluation_time": 4.0,
    "map_at_1": 0.08,
    "map_at_10": 0.14019,
    "map_at_100": 0.15556,
    "map_at_1000": 0.15556,
    "map_at_20": 0.14519,
    "map_at_3": 0.12,
    "map_at_5": 0.13,
    "mrr_at_1": 0.08,
    "mrr_at_10": 0.14019,
    "mrr_at_100": 0.15556,
    "mrr_at_1000": 0.15556,
    "mrr_at_20": 0.14519,
    "mrr_at_3": 0.12,
    "mrr_at_5": 0.13,
    "ndcg_at_1": 0.08,
    "ndcg_at_10": 0.17782,
    "ndcg_at_100": 0.30139,
    "ndcg_at_1000": 0.30139,
    "ndcg_at_20": 0.19733,
    "ndcg_at_3": 0.13524,
    "ndcg_at_5": 0.15246,
    "precision_at_1": 0.08,
    "precision_at_10": 0.03,
    "precision_at_100": 0.01,
    "precision_at_1000": 0.001,
    "precision_at_20": 0.019,
    "precision_at_3": 0.06,
    "precision_at_5": 0.044,
    "recall_at_1": 0.08,
    "recall_at_10": 0.3,
    "recall_at_100": 1.0,
    "recall_at_1000": 1.0,
    "recall_at_20": 0.38,
    "recall_at_3": 0.18,
    "recall_at_5": 0.22
  }
}