{
  "dataset_revision": "6e346642246bfb4928c560ee08640dc84d074e8c",
  "mteb_dataset_name": "LEMBNeedleRetrieval",
  "mteb_version": "1.6.23",
  "test": {
    "evaluation_time": 3.91,
    "map_at_1": 0.42,
    "map_at_10": 0.58396,
    "map_at_100": 0.58563,
    "map_at_1000": 0.58563,
    "map_at_20": 0.58563,
    "map_at_3": 0.52667,
    "map_at_5": 0.55867,
    "mrr_at_1": 0.42,
    "mrr_at_10": 0.58396,
    "mrr_at_100": 0.58563,
    "mrr_at_1000": 0.58563,
    "mrr_at_20": 0.58563,
    "mrr_at_3": 0.52667,
    "mrr_at_5": 0.55867,
    "ndcg_at_1": 0.42,
    "ndcg_at_10": 0.6781,
    "ndcg_at_100": 0.6835,
    "ndcg_at_1000": 0.6835,
    "ndcg_at_20": 0.6835,
    "ndcg_at_3": 0.56095,
    "ndcg_at_5": 0.61861,
    "precision_at_1": 0.42,
    "precision_at_10": 0.098,
    "precision_at_100": 0.01,
    "precision_at_1000": 0.001,
    "precision_at_20": 0.05,
    "precision_at_3": 0.22,
    "precision_at_5": 0.16,
    "recall_at_1": 0.42,
    "recall_at_10": 0.98,
    "recall_at_100": 1.0,
    "recall_at_1000": 1.0,
    "recall_at_20": 1.0,
    "recall_at_3": 0.66,
    "recall_at_5": 0.8
  }
}