{
  "dataset_revision": "6e346642246bfb4928c560ee08640dc84d074e8c",
  "mteb_dataset_name": "LEMBNeedleRetrieval",
  "mteb_version": "1.6.23",
  "test": {
    "evaluation_time": 48.69,
    "map_at_1": 0.02,
    "map_at_10": 0.2899,
    "map_at_100": 0.29507,
    "map_at_1000": 0.29507,
    "map_at_20": 0.29315,
    "map_at_3": 0.21667,
    "map_at_5": 0.26267,
    "mrr_at_1": 0.02,
    "mrr_at_10": 0.2899,
    "mrr_at_100": 0.29507,
    "mrr_at_1000": 0.29507,
    "mrr_at_20": 0.29315,
    "mrr_at_3": 0.21667,
    "mrr_at_5": 0.26267,
    "ndcg_at_1": 0.02,
    "ndcg_at_10": 0.43194,
    "ndcg_at_100": 0.45728,
    "ndcg_at_1000": 0.45728,
    "ndcg_at_20": 0.44264,
    "ndcg_at_3": 0.28404,
    "ndcg_at_5": 0.36667,
    "precision_at_1": 0.02,
    "precision_at_10": 0.088,
    "precision_at_100": 0.01,
    "precision_at_1000": 0.001,
    "precision_at_20": 0.046,
    "precision_at_3": 0.16,
    "precision_at_5": 0.136,
    "recall_at_1": 0.02,
    "recall_at_10": 0.88,
    "recall_at_100": 1.0,
    "recall_at_1000": 1.0,
    "recall_at_20": 0.92,
    "recall_at_3": 0.48,
    "recall_at_5": 0.68
  }
}