{
  "dataset_revision": "6e346642246bfb4928c560ee08640dc84d074e8c",
  "mteb_dataset_name": "LEMBPasskeyRetrieval",
  "mteb_version": "1.6.23",
  "test": {
    "evaluation_time": 54.69,
    "map_at_1": 0.04,
    "map_at_10": 0.06456,
    "map_at_100": 0.09133,
    "map_at_1000": 0.09133,
    "map_at_20": 0.07614,
    "map_at_3": 0.05,
    "map_at_5": 0.059,
    "mrr_at_1": 0.04,
    "mrr_at_10": 0.06456,
    "mrr_at_100": 0.09133,
    "mrr_at_1000": 0.09133,
    "mrr_at_20": 0.07614,
    "mrr_at_3": 0.05,
    "mrr_at_5": 0.059,
    "ndcg_at_1": 0.04,
    "ndcg_at_10": 0.08211,
    "ndcg_at_100": 0.24709,
    "ndcg_at_1000": 0.24709,
    "ndcg_at_20": 0.12318,
    "ndcg_at_3": 0.05262,
    "ndcg_at_5": 0.06897,
    "precision_at_1": 0.04,
    "precision_at_10": 0.014,
    "precision_at_100": 0.01,
    "precision_at_1000": 0.001,
    "precision_at_20": 0.015,
    "precision_at_3": 0.02,
    "precision_at_5": 0.02,
    "recall_at_1": 0.04,
    "recall_at_10": 0.14,
    "recall_at_100": 1.0,
    "recall_at_1000": 1.0,
    "recall_at_20": 0.3,
    "recall_at_3": 0.06,
    "recall_at_5": 0.1
  }
}