{
  "dataset_revision": "6e346642246bfb4928c560ee08640dc84d074e8c",
  "mteb_dataset_name": "LEMBNeedleRetrieval",
  "mteb_version": "1.6.23",
  "test": {
    "evaluation_time": 23.45,
    "map_at_1": 0.08,
    "map_at_10": 0.23568,
    "map_at_100": 0.24718,
    "map_at_1000": 0.24718,
    "map_at_20": 0.2416,
    "map_at_3": 0.16,
    "map_at_5": 0.212,
    "mrr_at_1": 0.08,
    "mrr_at_10": 0.23568,
    "mrr_at_100": 0.24718,
    "mrr_at_1000": 0.24718,
    "mrr_at_20": 0.2416,
    "mrr_at_3": 0.16,
    "mrr_at_5": 0.212,
    "ndcg_at_1": 0.08,
    "ndcg_at_10": 0.34944,
    "ndcg_at_100": 0.40823,
    "ndcg_at_1000": 0.40823,
    "ndcg_at_20": 0.37015,
    "ndcg_at_3": 0.19524,
    "ndcg_at_5": 0.29159,
    "precision_at_1": 0.08,
    "precision_at_10": 0.072,
    "precision_at_100": 0.01,
    "precision_at_1000": 0.001,
    "precision_at_20": 0.04,
    "precision_at_3": 0.1,
    "precision_at_5": 0.108,
    "recall_at_1": 0.08,
    "recall_at_10": 0.72,
    "recall_at_100": 1.0,
    "recall_at_1000": 1.0,
    "recall_at_20": 0.8,
    "recall_at_3": 0.3,
    "recall_at_5": 0.54
  }
}