{
  "dataset_revision": "6e346642246bfb4928c560ee08640dc84d074e8c",
  "mteb_dataset_name": "LEMBPasskeyRetrieval",
  "mteb_version": "1.6.23",
  "test": {
    "evaluation_time": 25.37,
    "map_at_1": 0.02,
    "map_at_10": 0.17475,
    "map_at_100": 0.19279,
    "map_at_1000": 0.19279,
    "map_at_20": 0.18568,
    "map_at_3": 0.13333,
    "map_at_5": 0.15133,
    "mrr_at_1": 0.02,
    "mrr_at_10": 0.17475,
    "mrr_at_100": 0.19279,
    "mrr_at_1000": 0.19279,
    "mrr_at_20": 0.18568,
    "mrr_at_3": 0.13333,
    "mrr_at_5": 0.15133,
    "ndcg_at_1": 0.02,
    "ndcg_at_10": 0.26022,
    "ndcg_at_100": 0.35474,
    "ndcg_at_1000": 0.35474,
    "ndcg_at_20": 0.30052,
    "ndcg_at_3": 0.16619,
    "ndcg_at_5": 0.19889,
    "precision_at_1": 0.02,
    "precision_at_10": 0.054,
    "precision_at_100": 0.01,
    "precision_at_1000": 0.001,
    "precision_at_20": 0.035,
    "precision_at_3": 0.08667,
    "precision_at_5": 0.068,
    "recall_at_1": 0.02,
    "recall_at_10": 0.54,
    "recall_at_100": 1.0,
    "recall_at_1000": 1.0,
    "recall_at_20": 0.7,
    "recall_at_3": 0.26,
    "recall_at_5": 0.34
  }
}