{
  "dataset_revision": "6e346642246bfb4928c560ee08640dc84d074e8c",
  "mteb_dataset_name": "LEMBNeedleRetrieval",
  "mteb_version": "1.6.23",
  "test": {
    "evaluation_time": 25.19,
    "map_at_1": 0.26,
    "map_at_10": 0.46336,
    "map_at_100": 0.4699,
    "map_at_1000": 0.4699,
    "map_at_20": 0.46785,
    "map_at_3": 0.41333,
    "map_at_5": 0.44633,
    "mrr_at_1": 0.26,
    "mrr_at_10": 0.46336,
    "mrr_at_100": 0.4699,
    "mrr_at_1000": 0.4699,
    "mrr_at_20": 0.46785,
    "mrr_at_3": 0.41333,
    "mrr_at_5": 0.44633,
    "ndcg_at_1": 0.26,
    "ndcg_at_10": 0.56457,
    "ndcg_at_100": 0.59227,
    "ndcg_at_1000": 0.59227,
    "ndcg_at_20": 0.58016,
    "ndcg_at_3": 0.46619,
    "ndcg_at_5": 0.52473,
    "precision_at_1": 0.26,
    "precision_at_10": 0.088,
    "precision_at_100": 0.01,
    "precision_at_1000": 0.001,
    "precision_at_20": 0.047,
    "precision_at_3": 0.20667,
    "precision_at_5": 0.152,
    "recall_at_1": 0.26,
    "recall_at_10": 0.88,
    "recall_at_100": 1.0,
    "recall_at_1000": 1.0,
    "recall_at_20": 0.94,
    "recall_at_3": 0.62,
    "recall_at_5": 0.76
  }
}