{
  "dataset_revision": "6e346642246bfb4928c560ee08640dc84d074e8c",
  "mteb_dataset_name": "LEMBNeedleRetrieval",
  "mteb_version": "1.6.23",
  "test": {
    "evaluation_time": 11.31,
    "map_at_1": 0.38,
    "map_at_10": 0.5836,
    "map_at_100": 0.58737,
    "map_at_1000": 0.58737,
    "map_at_20": 0.58668,
    "map_at_3": 0.53667,
    "map_at_5": 0.56567,
    "mrr_at_1": 0.38,
    "mrr_at_10": 0.5836,
    "mrr_at_100": 0.58737,
    "mrr_at_1000": 0.58737,
    "mrr_at_20": 0.58668,
    "mrr_at_3": 0.53667,
    "mrr_at_5": 0.56567,
    "ndcg_at_1": 0.38,
    "ndcg_at_10": 0.67081,
    "ndcg_at_100": 0.68539,
    "ndcg_at_1000": 0.68539,
    "ndcg_at_20": 0.68132,
    "ndcg_at_3": 0.57928,
    "ndcg_at_5": 0.63008,
    "precision_at_1": 0.38,
    "precision_at_10": 0.094,
    "precision_at_100": 0.01,
    "precision_at_1000": 0.001,
    "precision_at_20": 0.049,
    "precision_at_3": 0.23333,
    "precision_at_5": 0.164,
    "recall_at_1": 0.38,
    "recall_at_10": 0.94,
    "recall_at_100": 1.0,
    "recall_at_1000": 1.0,
    "recall_at_20": 0.98,
    "recall_at_3": 0.7,
    "recall_at_5": 0.82
  }
}