{
  "dataset_revision": "6e346642246bfb4928c560ee08640dc84d074e8c",
  "mteb_dataset_name": "LEMBNeedleRetrieval",
  "mteb_version": "1.6.23",
  "test": {
    "evaluation_time": 0.04,
    "map_at_1": 0.06,
    "map_at_10": 0.07919,
    "map_at_100": 0.10007,
    "map_at_1000": 0.10007,
    "map_at_20": 0.08695,
    "map_at_3": 0.06,
    "map_at_5": 0.073,
    "mrr_at_1": 0.06,
    "mrr_at_10": 0.08238,
    "mrr_at_100": 0.10286,
    "mrr_at_1000": 0.10286,
    "mrr_at_20": 0.08826,
    "mrr_at_3": 0.07333,
    "mrr_at_5": 0.07333,
    "ndcg_at_1": 0.06,
    "ndcg_at_10": 0.09788,
    "ndcg_at_100": 0.25103,
    "ndcg_at_1000": 0.25103,
    "ndcg_at_20": 0.13075,
    "ndcg_at_3": 0.06,
    "ndcg_at_5": 0.08409,
    "precision_at_1": 0.06,
    "precision_at_10": 0.016,
    "precision_at_100": 0.01,
    "precision_at_1000": 0.001,
    "precision_at_20": 0.015,
    "precision_at_3": 0.02,
    "precision_at_5": 0.024,
    "recall_at_1": 0.06,
    "recall_at_10": 0.16,
    "recall_at_100": 1.0,
    "recall_at_1000": 1.0,
    "recall_at_20": 0.3,
    "recall_at_3": 0.06,
    "recall_at_5": 0.12
  }
}