{
  "dataset_revision": "6e346642246bfb4928c560ee08640dc84d074e8c",
  "mteb_dataset_name": "LEMBPasskeyRetrieval",
  "mteb_version": "1.6.23",
  "test": {
    "evaluation_time": 0.02,
    "map_at_1": 0.0,
    "map_at_10": 0.00986,
    "map_at_100": 0.03597,
    "map_at_1000": 0.03597,
    "map_at_20": 0.0202,
    "map_at_3": 0.0,
    "map_at_5": 0.005,
    "mrr_at_1": 0.0,
    "mrr_at_10": 0.015,
    "mrr_at_100": 0.0391,
    "mrr_at_1000": 0.0391,
    "mrr_at_20": 0.02173,
    "mrr_at_3": 0.00667,
    "mrr_at_5": 0.01167,
    "ndcg_at_1": 0.0,
    "ndcg_at_10": 0.02106,
    "ndcg_at_100": 0.19612,
    "ndcg_at_1000": 0.19612,
    "ndcg_at_20": 0.05726,
    "ndcg_at_3": 0.0,
    "ndcg_at_5": 0.00861,
    "precision_at_1": 0.0,
    "precision_at_10": 0.006,
    "precision_at_100": 0.01,
    "precision_at_1000": 0.001,
    "precision_at_20": 0.01,
    "precision_at_3": 0.0,
    "precision_at_5": 0.004,
    "recall_at_1": 0.0,
    "recall_at_10": 0.06,
    "recall_at_100": 1.0,
    "recall_at_1000": 1.0,
    "recall_at_20": 0.2,
    "recall_at_3": 0.0,
    "recall_at_5": 0.02
  }
}