{
  "dataset_revision": "6e346642246bfb4928c560ee08640dc84d074e8c",
  "mteb_dataset_name": "LEMBNeedleRetrieval",
  "mteb_version": "1.6.23",
  "test": {
    "evaluation_time": 6.25,
    "map_at_1": 0.06,
    "map_at_10": 0.33936,
    "map_at_100": 0.34337,
    "map_at_1000": 0.34337,
    "map_at_20": 0.34243,
    "map_at_3": 0.27333,
    "map_at_5": 0.32733,
    "mrr_at_1": 0.06,
    "mrr_at_10": 0.33936,
    "mrr_at_100": 0.34337,
    "mrr_at_1000": 0.34337,
    "mrr_at_20": 0.34243,
    "mrr_at_3": 0.27333,
    "mrr_at_5": 0.32733,
    "ndcg_at_1": 0.06,
    "ndcg_at_10": 0.48151,
    "ndcg_at_100": 0.49935,
    "ndcg_at_1000": 0.49935,
    "ndcg_at_20": 0.49202,
    "ndcg_at_3": 0.35619,
    "ndcg_at_5": 0.45429,
    "precision_at_1": 0.06,
    "precision_at_10": 0.092,
    "precision_at_100": 0.01,
    "precision_at_1000": 0.001,
    "precision_at_20": 0.048,
    "precision_at_3": 0.2,
    "precision_at_5": 0.168,
    "recall_at_1": 0.06,
    "recall_at_10": 0.92,
    "recall_at_100": 1.0,
    "recall_at_1000": 1.0,
    "recall_at_20": 0.96,
    "recall_at_3": 0.6,
    "recall_at_5": 0.84
  }
}