{
  "dataset_revision": "6e346642246bfb4928c560ee08640dc84d074e8c",
  "mteb_dataset_name": "LEMBPasskeyRetrieval",
  "mteb_version": "1.6.23",
  "test": {
    "evaluation_time": 7.78,
    "map_at_1": 0.1,
    "map_at_10": 0.12633,
    "map_at_100": 0.14733,
    "map_at_1000": 0.14733,
    "map_at_20": 0.13198,
    "map_at_3": 0.11,
    "map_at_5": 0.123,
    "mrr_at_1": 0.1,
    "mrr_at_10": 0.12633,
    "mrr_at_100": 0.14733,
    "mrr_at_1000": 0.14733,
    "mrr_at_20": 0.13198,
    "mrr_at_3": 0.11,
    "mrr_at_5": 0.123,
    "ndcg_at_1": 0.1,
    "ndcg_at_10": 0.14383,
    "ndcg_at_100": 0.29154,
    "ndcg_at_1000": 0.29154,
    "ndcg_at_20": 0.16417,
    "ndcg_at_3": 0.11262,
    "ndcg_at_5": 0.13671,
    "precision_at_1": 0.1,
    "precision_at_10": 0.02,
    "precision_at_100": 0.01,
    "precision_at_1000": 0.001,
    "precision_at_20": 0.014,
    "precision_at_3": 0.04,
    "precision_at_5": 0.036,
    "recall_at_1": 0.1,
    "recall_at_10": 0.2,
    "recall_at_100": 1.0,
    "recall_at_1000": 1.0,
    "recall_at_20": 0.28,
    "recall_at_3": 0.12,
    "recall_at_5": 0.18
  }
}