{
  "dataset_revision": "6e346642246bfb4928c560ee08640dc84d074e8c",
  "mteb_dataset_name": "LEMBPasskeyRetrieval",
  "mteb_version": "1.6.23",
  "test": {
    "evaluation_time": 24.25,
    "map_at_1": 0.08,
    "map_at_10": 0.13,
    "map_at_100": 0.15188,
    "map_at_1000": 0.15188,
    "map_at_20": 0.13756,
    "map_at_3": 0.11667,
    "map_at_5": 0.12667,
    "mrr_at_1": 0.08,
    "mrr_at_10": 0.12952,
    "mrr_at_100": 0.15173,
    "mrr_at_1000": 0.15173,
    "mrr_at_20": 0.13848,
    "mrr_at_3": 0.11667,
    "mrr_at_5": 0.12667,
    "ndcg_at_1": 0.08,
    "ndcg_at_10": 0.15221,
    "ndcg_at_100": 0.29878,
    "ndcg_at_1000": 0.29878,
    "ndcg_at_20": 0.18155,
    "ndcg_at_3": 0.12786,
    "ndcg_at_5": 0.14508,
    "precision_at_1": 0.08,
    "precision_at_10": 0.022,
    "precision_at_100": 0.01,
    "precision_at_1000": 0.001,
    "precision_at_20": 0.017,
    "precision_at_3": 0.05333,
    "precision_at_5": 0.04,
    "recall_at_1": 0.08,
    "recall_at_10": 0.22,
    "recall_at_100": 1.0,
    "recall_at_1000": 1.0,
    "recall_at_20": 0.34,
    "recall_at_3": 0.16,
    "recall_at_5": 0.2
  }
}