{
  "dataset_revision": "6e346642246bfb4928c560ee08640dc84d074e8c",
  "mteb_dataset_name": "LEMBPasskeyRetrieval",
  "mteb_version": "1.6.23",
  "test": {
    "evaluation_time": 0.02,
    "map_at_1": 0.0,
    "map_at_10": 0.16989,
    "map_at_100": 0.18163,
    "map_at_1000": 0.18163,
    "map_at_20": 0.17631,
    "map_at_3": 0.10667,
    "map_at_5": 0.14867,
    "mrr_at_1": 0.0,
    "mrr_at_10": 0.16989,
    "mrr_at_100": 0.18163,
    "mrr_at_1000": 0.18163,
    "mrr_at_20": 0.17631,
    "mrr_at_3": 0.10667,
    "mrr_at_5": 0.14867,
    "ndcg_at_1": 0.0,
    "ndcg_at_10": 0.26265,
    "ndcg_at_100": 0.34345,
    "ndcg_at_1000": 0.34345,
    "ndcg_at_20": 0.28725,
    "ndcg_at_3": 0.13619,
    "ndcg_at_5": 0.21108,
    "precision_at_1": 0.0,
    "precision_at_10": 0.056,
    "precision_at_100": 0.01,
    "precision_at_1000": 0.001,
    "precision_at_20": 0.033,
    "precision_at_3": 0.07333,
    "precision_at_5": 0.08,
    "recall_at_1": 0.0,
    "recall_at_10": 0.56,
    "recall_at_100": 1.0,
    "recall_at_1000": 1.0,
    "recall_at_20": 0.66,
    "recall_at_3": 0.22,
    "recall_at_5": 0.4
  }
}