{
  "dataset_revision": "6e346642246bfb4928c560ee08640dc84d074e8c",
  "mteb_dataset_name": "LEMBNeedleRetrieval",
  "mteb_version": "1.6.23",
  "test": {
    "evaluation_time": 0.03,
    "map_at_1": 0.28,
    "map_at_10": 0.41466,
    "map_at_100": 0.42793,
    "map_at_1000": 0.42793,
    "map_at_20": 0.42409,
    "map_at_3": 0.37,
    "map_at_5": 0.402,
    "mrr_at_1": 0.28,
    "mrr_at_10": 0.41466,
    "mrr_at_100": 0.42793,
    "mrr_at_1000": 0.42793,
    "mrr_at_20": 0.42409,
    "mrr_at_3": 0.37,
    "mrr_at_5": 0.402,
    "ndcg_at_1": 0.28,
    "ndcg_at_10": 0.49244,
    "ndcg_at_100": 0.55135,
    "ndcg_at_1000": 0.55135,
    "ndcg_at_20": 0.52748,
    "ndcg_at_3": 0.40309,
    "ndcg_at_5": 0.46076,
    "precision_at_1": 0.28,
    "precision_at_10": 0.074,
    "precision_at_100": 0.01,
    "precision_at_1000": 0.001,
    "precision_at_20": 0.044,
    "precision_at_3": 0.16667,
    "precision_at_5": 0.128,
    "recall_at_1": 0.28,
    "recall_at_10": 0.74,
    "recall_at_100": 1.0,
    "recall_at_1000": 1.0,
    "recall_at_20": 0.88,
    "recall_at_3": 0.5,
    "recall_at_5": 0.64
  }
}