{
  "dataset_revision": "6e346642246bfb4928c560ee08640dc84d074e8c",
  "mteb_dataset_name": "LEMBNeedleRetrieval",
  "mteb_version": "1.6.23",
  "test": {
    "evaluation_time": 0.01,
    "map_at_1": 0.56,
    "map_at_10": 0.621,
    "map_at_100": 0.62531,
    "map_at_1000": 0.62531,
    "map_at_20": 0.62225,
    "map_at_3": 0.6,
    "map_at_5": 0.619,
    "mrr_at_1": 0.56,
    "mrr_at_10": 0.621,
    "mrr_at_100": 0.6254,
    "mrr_at_1000": 0.6254,
    "mrr_at_20": 0.62233,
    "mrr_at_3": 0.6,
    "mrr_at_5": 0.619,
    "ndcg_at_1": 0.56,
    "ndcg_at_10": 0.64983,
    "ndcg_at_100": 0.69255,
    "ndcg_at_1000": 0.69255,
    "ndcg_at_20": 0.65473,
    "ndcg_at_3": 0.61047,
    "ndcg_at_5": 0.64405,
    "precision_at_1": 0.56,
    "precision_at_10": 0.074,
    "precision_at_100": 0.01,
    "precision_at_1000": 0.001,
    "precision_at_20": 0.038,
    "precision_at_3": 0.21333,
    "precision_at_5": 0.144,
    "recall_at_1": 0.56,
    "recall_at_10": 0.74,
    "recall_at_100": 1.0,
    "recall_at_1000": 1.0,
    "recall_at_20": 0.76,
    "recall_at_3": 0.64,
    "recall_at_5": 0.72
  }
}