{
  "dataset_revision": "6e346642246bfb4928c560ee08640dc84d074e8c",
  "mteb_dataset_name": "LEMBPasskeyRetrieval",
  "mteb_version": "1.6.23",
  "test": {
    "evaluation_time": 33.88,
    "map_at_1": 0.0,
    "map_at_10": 0.01658,
    "map_at_100": 0.04107,
    "map_at_1000": 0.04107,
    "map_at_20": 0.025,
    "map_at_3": 0.0,
    "map_at_5": 0.009,
    "mrr_at_1": 0.0,
    "mrr_at_10": 0.00722,
    "mrr_at_100": 0.03212,
    "mrr_at_1000": 0.03212,
    "mrr_at_20": 0.01639,
    "mrr_at_3": 0.0,
    "mrr_at_5": 0.005,
    "ndcg_at_1": 0.0,
    "ndcg_at_10": 0.03535,
    "ndcg_at_100": 0.20243,
    "ndcg_at_1000": 0.20243,
    "ndcg_at_20": 0.0658,
    "ndcg_at_3": 0.0,
    "ndcg_at_5": 0.01635,
    "precision_at_1": 0.0,
    "precision_at_10": 0.01,
    "precision_at_100": 0.01,
    "precision_at_1000": 0.001,
    "precision_at_20": 0.011,
    "precision_at_3": 0.0,
    "precision_at_5": 0.008,
    "recall_at_1": 0.0,
    "recall_at_10": 0.1,
    "recall_at_100": 1.0,
    "recall_at_1000": 1.0,
    "recall_at_20": 0.22,
    "recall_at_3": 0.0,
    "recall_at_5": 0.04
  }
}