{
  "dataset_revision": "6e346642246bfb4928c560ee08640dc84d074e8c",
  "mteb_dataset_name": "LEMBPasskeyRetrieval",
  "mteb_version": "1.6.23",
  "test": {
    "evaluation_time": 59.14,
    "map_at_1": 0.02,
    "map_at_10": 0.04,
    "map_at_100": 0.0613,
    "map_at_1000": 0.0613,
    "map_at_20": 0.04425,
    "map_at_3": 0.03,
    "map_at_5": 0.038,
    "mrr_at_1": 0.02,
    "mrr_at_10": 0.04,
    "mrr_at_100": 0.06096,
    "mrr_at_1000": 0.06096,
    "mrr_at_20": 0.04516,
    "mrr_at_3": 0.03,
    "mrr_at_5": 0.038,
    "ndcg_at_1": 0.02,
    "ndcg_at_10": 0.05387,
    "ndcg_at_100": 0.21562,
    "ndcg_at_1000": 0.21562,
    "ndcg_at_20": 0.06913,
    "ndcg_at_3": 0.03262,
    "ndcg_at_5": 0.04809,
    "precision_at_1": 0.02,
    "precision_at_10": 0.01,
    "precision_at_100": 0.01,
    "precision_at_1000": 0.001,
    "precision_at_20": 0.008,
    "precision_at_3": 0.01333,
    "precision_at_5": 0.016,
    "recall_at_1": 0.02,
    "recall_at_10": 0.1,
    "recall_at_100": 1.0,
    "recall_at_1000": 1.0,
    "recall_at_20": 0.16,
    "recall_at_3": 0.04,
    "recall_at_5": 0.08
  }
}