{
  "dataset_revision": "6e346642246bfb4928c560ee08640dc84d074e8c",
  "mteb_dataset_name": "LEMBNeedleRetrieval",
  "mteb_version": "1.6.23",
  "test": {
    "evaluation_time": 60.56,
    "map_at_1": 0.0,
    "map_at_10": 0.02367,
    "map_at_100": 0.05097,
    "map_at_1000": 0.05097,
    "map_at_20": 0.03566,
    "map_at_3": 0.01667,
    "map_at_5": 0.02167,
    "mrr_at_1": 0.0,
    "mrr_at_10": 0.02833,
    "mrr_at_100": 0.05448,
    "mrr_at_1000": 0.05448,
    "mrr_at_20": 0.0402,
    "mrr_at_3": 0.02333,
    "mrr_at_5": 0.02333,
    "ndcg_at_1": 0.0,
    "ndcg_at_10": 0.03701,
    "ndcg_at_100": 0.21083,
    "ndcg_at_1000": 0.21083,
    "ndcg_at_20": 0.07853,
    "ndcg_at_3": 0.02262,
    "ndcg_at_5": 0.03123,
    "precision_at_1": 0.0,
    "precision_at_10": 0.008,
    "precision_at_100": 0.01,
    "precision_at_1000": 0.001,
    "precision_at_20": 0.012,
    "precision_at_3": 0.01333,
    "precision_at_5": 0.012,
    "recall_at_1": 0.0,
    "recall_at_10": 0.08,
    "recall_at_100": 1.0,
    "recall_at_1000": 1.0,
    "recall_at_20": 0.24,
    "recall_at_3": 0.04,
    "recall_at_5": 0.06
  }
}