{
  "dataset_revision": "6e346642246bfb4928c560ee08640dc84d074e8c",
  "mteb_dataset_name": "LEMBNeedleRetrieval",
  "mteb_version": "1.6.23",
  "test": {
    "evaluation_time": 14.03,
    "map_at_1": 0.52,
    "map_at_10": 0.5849,
    "map_at_100": 0.59451,
    "map_at_1000": 0.59451,
    "map_at_20": 0.59059,
    "map_at_3": 0.55,
    "map_at_5": 0.563,
    "mrr_at_1": 0.52,
    "mrr_at_10": 0.5849,
    "mrr_at_100": 0.59451,
    "mrr_at_1000": 0.59451,
    "mrr_at_20": 0.59059,
    "mrr_at_3": 0.55,
    "mrr_at_5": 0.563,
    "ndcg_at_1": 0.52,
    "ndcg_at_10": 0.6352,
    "ndcg_at_100": 0.67937,
    "ndcg_at_1000": 0.67937,
    "ndcg_at_20": 0.65559,
    "ndcg_at_3": 0.56262,
    "ndcg_at_5": 0.58671,
    "precision_at_1": 0.52,
    "precision_at_10": 0.08,
    "precision_at_100": 0.01,
    "precision_at_1000": 0.001,
    "precision_at_20": 0.044,
    "precision_at_3": 0.2,
    "precision_at_5": 0.132,
    "recall_at_1": 0.52,
    "recall_at_10": 0.8,
    "recall_at_100": 1.0,
    "recall_at_1000": 1.0,
    "recall_at_20": 0.88,
    "recall_at_3": 0.6,
    "recall_at_5": 0.66
  }
}