{
  "dataset_revision": "6e346642246bfb4928c560ee08640dc84d074e8c",
  "mteb_dataset_name": "LEMBPasskeyRetrieval",
  "mteb_version": "1.6.23",
  "test": {
    "evaluation_time": 5.91,
    "map_at_1": 0.04,
    "map_at_10": 0.15647,
    "map_at_100": 0.17083,
    "map_at_1000": 0.17083,
    "map_at_20": 0.16333,
    "map_at_3": 0.08667,
    "map_at_5": 0.14067,
    "mrr_at_1": 0.04,
    "mrr_at_10": 0.15647,
    "mrr_at_100": 0.17083,
    "mrr_at_1000": 0.17083,
    "mrr_at_20": 0.16333,
    "mrr_at_3": 0.08667,
    "mrr_at_5": 0.14067,
    "ndcg_at_1": 0.04,
    "ndcg_at_10": 0.24623,
    "ndcg_at_100": 0.3345,
    "ndcg_at_1000": 0.3345,
    "ndcg_at_20": 0.27141,
    "ndcg_at_3": 0.11,
    "ndcg_at_5": 0.20387,
    "precision_at_1": 0.04,
    "precision_at_10": 0.054,
    "precision_at_100": 0.01,
    "precision_at_1000": 0.001,
    "precision_at_20": 0.032,
    "precision_at_3": 0.06,
    "precision_at_5": 0.08,
    "recall_at_1": 0.04,
    "recall_at_10": 0.54,
    "recall_at_100": 1.0,
    "recall_at_1000": 1.0,
    "recall_at_20": 0.64,
    "recall_at_3": 0.18,
    "recall_at_5": 0.4
  }
}