{
  "dataset_revision": "6e346642246bfb4928c560ee08640dc84d074e8c",
  "mteb_dataset_name": "LEMBNeedleRetrieval",
  "mteb_version": "1.6.23",
  "test": {
    "evaluation_time": 3.96,
    "map_at_1": 0.0,
    "map_at_10": 0.01489,
    "map_at_100": 0.03782,
    "map_at_1000": 0.03782,
    "map_at_20": 0.02312,
    "map_at_3": 0.00667,
    "map_at_5": 0.01067,
    "mrr_at_1": 0.0,
    "mrr_at_10": 0.0295,
    "mrr_at_100": 0.05205,
    "mrr_at_1000": 0.05205,
    "mrr_at_20": 0.03525,
    "mrr_at_3": 0.01667,
    "mrr_at_5": 0.02167,
    "ndcg_at_1": 0.0,
    "ndcg_at_10": 0.02954,
    "ndcg_at_100": 0.19661,
    "ndcg_at_1000": 0.19661,
    "ndcg_at_20": 0.05977,
    "ndcg_at_3": 0.01,
    "ndcg_at_5": 0.01774,
    "precision_at_1": 0.0,
    "precision_at_10": 0.008,
    "precision_at_100": 0.01,
    "precision_at_1000": 0.001,
    "precision_at_20": 0.01,
    "precision_at_3": 0.00667,
    "precision_at_5": 0.008,
    "recall_at_1": 0.0,
    "recall_at_10": 0.08,
    "recall_at_100": 1.0,
    "recall_at_1000": 1.0,
    "recall_at_20": 0.2,
    "recall_at_3": 0.02,
    "recall_at_5": 0.04
  }
}