{
  "dataset_revision": "6e346642246bfb4928c560ee08640dc84d074e8c",
  "mteb_dataset_name": "LEMBPasskeyRetrieval",
  "mteb_version": "1.6.23",
  "test": {
    "evaluation_time": 14.54,
    "map_at_1": 0.4,
    "map_at_10": 0.51902,
    "map_at_100": 0.52949,
    "map_at_1000": 0.52949,
    "map_at_20": 0.5263,
    "map_at_3": 0.47333,
    "map_at_5": 0.51033,
    "mrr_at_1": 0.4,
    "mrr_at_10": 0.51902,
    "mrr_at_100": 0.52949,
    "mrr_at_1000": 0.52949,
    "mrr_at_20": 0.5263,
    "mrr_at_3": 0.47333,
    "mrr_at_5": 0.51033,
    "ndcg_at_1": 0.4,
    "ndcg_at_10": 0.58209,
    "ndcg_at_100": 0.63025,
    "ndcg_at_1000": 0.63025,
    "ndcg_at_20": 0.60779,
    "ndcg_at_3": 0.49571,
    "ndcg_at_5": 0.56199,
    "precision_at_1": 0.4,
    "precision_at_10": 0.078,
    "precision_at_100": 0.01,
    "precision_at_1000": 0.001,
    "precision_at_20": 0.044,
    "precision_at_3": 0.18667,
    "precision_at_5": 0.144,
    "recall_at_1": 0.4,
    "recall_at_10": 0.78,
    "recall_at_100": 1.0,
    "recall_at_1000": 1.0,
    "recall_at_20": 0.88,
    "recall_at_3": 0.56,
    "recall_at_5": 0.72
  }
}