{
  "dataset_revision": "6e346642246bfb4928c560ee08640dc84d074e8c",
  "mteb_dataset_name": "LEMBNeedleRetrieval",
  "mteb_version": "1.6.23",
  "test": {
    "evaluation_time": 17.51,
    "map_at_1": 0.18,
    "map_at_10": 0.35436,
    "map_at_100": 0.36485,
    "map_at_1000": 0.36485,
    "map_at_20": 0.35941,
    "map_at_3": 0.32,
    "map_at_5": 0.337,
    "mrr_at_1": 0.18,
    "mrr_at_10": 0.35436,
    "mrr_at_100": 0.36485,
    "mrr_at_1000": 0.36485,
    "mrr_at_20": 0.35941,
    "mrr_at_3": 0.32,
    "mrr_at_5": 0.337,
    "ndcg_at_1": 0.18,
    "ndcg_at_10": 0.44672,
    "ndcg_at_100": 0.50132,
    "ndcg_at_1000": 0.50132,
    "ndcg_at_20": 0.46634,
    "ndcg_at_3": 0.37095,
    "ndcg_at_5": 0.40277,
    "precision_at_1": 0.18,
    "precision_at_10": 0.074,
    "precision_at_100": 0.01,
    "precision_at_1000": 0.001,
    "precision_at_20": 0.041,
    "precision_at_3": 0.17333,
    "precision_at_5": 0.12,
    "recall_at_1": 0.18,
    "recall_at_10": 0.74,
    "recall_at_100": 1.0,
    "recall_at_1000": 1.0,
    "recall_at_20": 0.82,
    "recall_at_3": 0.52,
    "recall_at_5": 0.6
  }
}