{
  "dataset_revision": "6e346642246bfb4928c560ee08640dc84d074e8c",
  "mteb_dataset_name": "LEMBPasskeyRetrieval",
  "mteb_version": "1.6.23",
  "test": {
    "evaluation_time": 1.2,
    "map_at_1": 0.0,
    "map_at_10": 0.01319,
    "map_at_100": 0.03627,
    "map_at_1000": 0.03627,
    "map_at_20": 0.01896,
    "map_at_3": 0.0,
    "map_at_5": 0.005,
    "mrr_at_1": 0.0,
    "mrr_at_10": 0.01591,
    "mrr_at_100": 0.04036,
    "mrr_at_1000": 0.04036,
    "mrr_at_20": 0.02678,
    "mrr_at_3": 0.0,
    "mrr_at_5": 0.005,
    "ndcg_at_1": 0.0,
    "ndcg_at_10": 0.02819,
    "ndcg_at_100": 0.19578,
    "ndcg_at_1000": 0.19578,
    "ndcg_at_20": 0.04867,
    "ndcg_at_3": 0.0,
    "ndcg_at_5": 0.00861,
    "precision_at_1": 0.0,
    "precision_at_10": 0.008,
    "precision_at_100": 0.01,
    "precision_at_1000": 0.001,
    "precision_at_20": 0.008,
    "precision_at_3": 0.0,
    "precision_at_5": 0.004,
    "recall_at_1": 0.0,
    "recall_at_10": 0.08,
    "recall_at_100": 1.0,
    "recall_at_1000": 1.0,
    "recall_at_20": 0.16,
    "recall_at_3": 0.0,
    "recall_at_5": 0.02
  }
}