{
  "dataset_revision": "6e346642246bfb4928c560ee08640dc84d074e8c",
  "mteb_dataset_name": "LEMBPasskeyRetrieval",
  "mteb_version": "1.6.23",
  "test": {
    "evaluation_time": 19.78,
    "map_at_1": 0.02,
    "map_at_10": 0.05817,
    "map_at_100": 0.08148,
    "map_at_1000": 0.08148,
    "map_at_20": 0.0667,
    "map_at_3": 0.04667,
    "map_at_5": 0.05567,
    "mrr_at_1": 0.02,
    "mrr_at_10": 0.05817,
    "mrr_at_100": 0.08164,
    "mrr_at_1000": 0.08164,
    "mrr_at_20": 0.0667,
    "mrr_at_3": 0.04667,
    "mrr_at_5": 0.05567,
    "ndcg_at_1": 0.02,
    "ndcg_at_10": 0.0779,
    "ndcg_at_100": 0.23718,
    "ndcg_at_1000": 0.23718,
    "ndcg_at_20": 0.1085,
    "ndcg_at_3": 0.05524,
    "ndcg_at_5": 0.07159,
    "precision_at_1": 0.02,
    "precision_at_10": 0.014,
    "precision_at_100": 0.01,
    "precision_at_1000": 0.001,
    "precision_at_20": 0.013,
    "precision_at_3": 0.02667,
    "precision_at_5": 0.024,
    "recall_at_1": 0.02,
    "recall_at_10": 0.14,
    "recall_at_100": 1.0,
    "recall_at_1000": 1.0,
    "recall_at_20": 0.26,
    "recall_at_3": 0.08,
    "recall_at_5": 0.12
  }
}