{
  "dataset_revision": "6e346642246bfb4928c560ee08640dc84d074e8c",
  "mteb_dataset_name": "LEMBPasskeyRetrieval",
  "mteb_version": "1.6.23",
  "test": {
    "evaluation_time": 1.99,
    "map_at_1": 0.04,
    "map_at_10": 0.18104,
    "map_at_100": 0.19894,
    "map_at_1000": 0.19894,
    "map_at_20": 0.19459,
    "map_at_3": 0.11333,
    "map_at_5": 0.14733,
    "mrr_at_1": 0.04,
    "mrr_at_10": 0.18104,
    "mrr_at_100": 0.19894,
    "mrr_at_1000": 0.19894,
    "mrr_at_20": 0.19459,
    "mrr_at_3": 0.11333,
    "mrr_at_5": 0.14733,
    "ndcg_at_1": 0.04,
    "ndcg_at_10": 0.28871,
    "ndcg_at_100": 0.36864,
    "ndcg_at_1000": 0.36864,
    "ndcg_at_20": 0.33557,
    "ndcg_at_3": 0.15,
    "ndcg_at_5": 0.20942,
    "precision_at_1": 0.04,
    "precision_at_10": 0.064,
    "precision_at_100": 0.01,
    "precision_at_1000": 0.001,
    "precision_at_20": 0.041,
    "precision_at_3": 0.08667,
    "precision_at_5": 0.08,
    "recall_at_1": 0.04,
    "recall_at_10": 0.64,
    "recall_at_100": 1.0,
    "recall_at_1000": 1.0,
    "recall_at_20": 0.82,
    "recall_at_3": 0.26,
    "recall_at_5": 0.4
  }
}