{
  "dataset_revision": "6e346642246bfb4928c560ee08640dc84d074e8c",
  "mteb_dataset_name": "LEMBPasskeyRetrieval",
  "mteb_version": "1.6.23",
  "test": {
    "evaluation_time": 15.68,
    "map_at_1": 0.12,
    "map_at_10": 0.14833,
    "map_at_100": 0.16477,
    "map_at_1000": 0.16477,
    "map_at_20": 0.15181,
    "map_at_3": 0.13667,
    "map_at_5": 0.14167,
    "mrr_at_1": 0.12,
    "mrr_at_10": 0.14833,
    "mrr_at_100": 0.16435,
    "mrr_at_1000": 0.16435,
    "mrr_at_20": 0.15181,
    "mrr_at_3": 0.13667,
    "mrr_at_5": 0.14167,
    "ndcg_at_1": 0.12,
    "ndcg_at_10": 0.16548,
    "ndcg_at_100": 0.30201,
    "ndcg_at_1000": 0.30201,
    "ndcg_at_20": 0.1798,
    "ndcg_at_3": 0.14262,
    "ndcg_at_5": 0.15123,
    "precision_at_1": 0.12,
    "precision_at_10": 0.022,
    "precision_at_100": 0.01,
    "precision_at_1000": 0.001,
    "precision_at_20": 0.014,
    "precision_at_3": 0.05333,
    "precision_at_5": 0.036,
    "recall_at_1": 0.12,
    "recall_at_10": 0.22,
    "recall_at_100": 1.0,
    "recall_at_1000": 1.0,
    "recall_at_20": 0.28,
    "recall_at_3": 0.16,
    "recall_at_5": 0.18
  }
}