{
  "dataset_revision": "6e346642246bfb4928c560ee08640dc84d074e8c",
  "mteb_dataset_name": "LEMBNeedleRetrieval",
  "mteb_version": "1.6.23",
  "test": {
    "evaluation_time": 35.07,
    "map_at_1": 0.06,
    "map_at_10": 0.08686,
    "map_at_100": 0.11023,
    "map_at_1000": 0.11023,
    "map_at_20": 0.09675,
    "map_at_3": 0.07,
    "map_at_5": 0.084,
    "mrr_at_1": 0.06,
    "mrr_at_10": 0.10013,
    "mrr_at_100": 0.12165,
    "mrr_at_1000": 0.12165,
    "mrr_at_20": 0.10805,
    "mrr_at_3": 0.08,
    "mrr_at_5": 0.084,
    "ndcg_at_1": 0.06,
    "ndcg_at_10": 0.10425,
    "ndcg_at_100": 0.26095,
    "ndcg_at_1000": 0.26095,
    "ndcg_at_20": 0.13986,
    "ndcg_at_3": 0.07262,
    "ndcg_at_5": 0.09758,
    "precision_at_1": 0.06,
    "precision_at_10": 0.016,
    "precision_at_100": 0.01,
    "precision_at_1000": 0.001,
    "precision_at_20": 0.015,
    "precision_at_3": 0.02667,
    "precision_at_5": 0.028,
    "recall_at_1": 0.06,
    "recall_at_10": 0.16,
    "recall_at_100": 1.0,
    "recall_at_1000": 1.0,
    "recall_at_20": 0.3,
    "recall_at_3": 0.08,
    "recall_at_5": 0.14
  }
}