{
  "dataset_revision": "6e346642246bfb4928c560ee08640dc84d074e8c",
  "mteb_dataset_name": "LEMBPasskeyRetrieval",
  "mteb_version": "1.6.23",
  "test": {
    "evaluation_time": 14.8,
    "map_at_1": 0.1,
    "map_at_10": 0.12939,
    "map_at_100": 0.14362,
    "map_at_1000": 0.14362,
    "map_at_20": 0.13162,
    "map_at_3": 0.11333,
    "map_at_5": 0.12133,
    "mrr_at_1": 0.1,
    "mrr_at_10": 0.12939,
    "mrr_at_100": 0.1433,
    "mrr_at_1000": 0.1433,
    "mrr_at_20": 0.13162,
    "mrr_at_3": 0.11333,
    "mrr_at_5": 0.12133,
    "ndcg_at_1": 0.1,
    "ndcg_at_10": 0.15493,
    "ndcg_at_100": 0.28456,
    "ndcg_at_1000": 0.28456,
    "ndcg_at_20": 0.16435,
    "ndcg_at_3": 0.12,
    "ndcg_at_5": 0.13547,
    "precision_at_1": 0.1,
    "precision_at_10": 0.024,
    "precision_at_100": 0.01,
    "precision_at_1000": 0.001,
    "precision_at_20": 0.014,
    "precision_at_3": 0.04667,
    "precision_at_5": 0.036,
    "recall_at_1": 0.1,
    "recall_at_10": 0.24,
    "recall_at_100": 1.0,
    "recall_at_1000": 1.0,
    "recall_at_20": 0.28,
    "recall_at_3": 0.14,
    "recall_at_5": 0.18
  }
}