{
  "dataset_revision": "6e346642246bfb4928c560ee08640dc84d074e8c",
  "mteb_dataset_name": "LEMBNeedleRetrieval",
  "mteb_version": "1.6.23",
  "test": {
    "evaluation_time": 18.63,
    "map_at_1": 0.02,
    "map_at_10": 0.03444,
    "map_at_100": 0.05549,
    "map_at_1000": 0.05549,
    "map_at_20": 0.03846,
    "map_at_3": 0.02,
    "map_at_5": 0.024,
    "mrr_at_1": 0.0,
    "mrr_at_10": 0.02719,
    "mrr_at_100": 0.04846,
    "mrr_at_1000": 0.04846,
    "mrr_at_20": 0.03144,
    "mrr_at_3": 0.01,
    "mrr_at_5": 0.019,
    "ndcg_at_1": 0.02,
    "ndcg_at_10": 0.0534,
    "ndcg_at_100": 0.21246,
    "ndcg_at_1000": 0.21246,
    "ndcg_at_20": 0.06841,
    "ndcg_at_3": 0.02,
    "ndcg_at_5": 0.02774,
    "precision_at_1": 0.02,
    "precision_at_10": 0.012,
    "precision_at_100": 0.01,
    "precision_at_1000": 0.001,
    "precision_at_20": 0.009,
    "precision_at_3": 0.00667,
    "precision_at_5": 0.008,
    "recall_at_1": 0.02,
    "recall_at_10": 0.12,
    "recall_at_100": 1.0,
    "recall_at_1000": 1.0,
    "recall_at_20": 0.18,
    "recall_at_3": 0.02,
    "recall_at_5": 0.04
  }
}