{
  "dataset_revision": "6e346642246bfb4928c560ee08640dc84d074e8c",
  "mteb_dataset_name": "LEMBNeedleRetrieval",
  "mteb_version": "1.6.23",
  "test": {
    "evaluation_time": 0.03,
    "map_at_1": 0.26,
    "map_at_10": 0.37413,
    "map_at_100": 0.38703,
    "map_at_1000": 0.38703,
    "map_at_20": 0.38025,
    "map_at_3": 0.33,
    "map_at_5": 0.357,
    "mrr_at_1": 0.26,
    "mrr_at_10": 0.37413,
    "mrr_at_100": 0.38703,
    "mrr_at_1000": 0.38703,
    "mrr_at_20": 0.38025,
    "mrr_at_3": 0.33,
    "mrr_at_5": 0.357,
    "ndcg_at_1": 0.26,
    "ndcg_at_10": 0.44585,
    "ndcg_at_100": 0.51286,
    "ndcg_at_1000": 0.51286,
    "ndcg_at_20": 0.4668,
    "ndcg_at_3": 0.35309,
    "ndcg_at_5": 0.40214,
    "precision_at_1": 0.26,
    "precision_at_10": 0.068,
    "precision_at_100": 0.01,
    "precision_at_1000": 0.001,
    "precision_at_20": 0.038,
    "precision_at_3": 0.14,
    "precision_at_5": 0.108,
    "recall_at_1": 0.26,
    "recall_at_10": 0.68,
    "recall_at_100": 1.0,
    "recall_at_1000": 1.0,
    "recall_at_20": 0.76,
    "recall_at_3": 0.42,
    "recall_at_5": 0.54
  }
}