{
  "dataset_revision": "6e346642246bfb4928c560ee08640dc84d074e8c",
  "mteb_dataset_name": "LEMBPasskeyRetrieval",
  "mteb_version": "1.6.23",
  "test": {
    "evaluation_time": 0.01,
    "map_at_1": 0.34,
    "map_at_10": 0.43067,
    "map_at_100": 0.44539,
    "map_at_1000": 0.44539,
    "map_at_20": 0.43884,
    "map_at_3": 0.39667,
    "map_at_5": 0.42367,
    "mrr_at_1": 0.34,
    "mrr_at_10": 0.43067,
    "mrr_at_100": 0.44539,
    "mrr_at_1000": 0.44539,
    "mrr_at_20": 0.43884,
    "mrr_at_3": 0.39667,
    "mrr_at_5": 0.42367,
    "ndcg_at_1": 0.34,
    "ndcg_at_10": 0.48054,
    "ndcg_at_100": 0.55613,
    "ndcg_at_1000": 0.55613,
    "ndcg_at_20": 0.51067,
    "ndcg_at_3": 0.41309,
    "ndcg_at_5": 0.46214,
    "precision_at_1": 0.34,
    "precision_at_10": 0.064,
    "precision_at_100": 0.01,
    "precision_at_1000": 0.001,
    "precision_at_20": 0.038,
    "precision_at_3": 0.15333,
    "precision_at_5": 0.116,
    "recall_at_1": 0.34,
    "recall_at_10": 0.64,
    "recall_at_100": 1.0,
    "recall_at_1000": 1.0,
    "recall_at_20": 0.76,
    "recall_at_3": 0.46,
    "recall_at_5": 0.58
  }
}