{
  "dataset_revision": "6e346642246bfb4928c560ee08640dc84d074e8c",
  "mteb_dataset_name": "LEMBNeedleRetrieval",
  "mteb_version": "1.6.23",
  "test": {
    "evaluation_time": 2.1,
    "map_at_1": 0.36,
    "map_at_10": 0.52852,
    "map_at_100": 0.54258,
    "map_at_1000": 0.54258,
    "map_at_20": 0.54163,
    "map_at_3": 0.51333,
    "map_at_5": 0.51733,
    "mrr_at_1": 0.36,
    "mrr_at_10": 0.52852,
    "mrr_at_100": 0.54258,
    "mrr_at_1000": 0.54258,
    "mrr_at_20": 0.54163,
    "mrr_at_3": 0.51333,
    "mrr_at_5": 0.51733,
    "ndcg_at_1": 0.36,
    "ndcg_at_10": 0.59557,
    "ndcg_at_100": 0.64633,
    "ndcg_at_1000": 0.64633,
    "ndcg_at_20": 0.64184,
    "ndcg_at_3": 0.56142,
    "ndcg_at_5": 0.56916,
    "precision_at_1": 0.36,
    "precision_at_10": 0.08,
    "precision_at_100": 0.01,
    "precision_at_1000": 0.001,
    "precision_at_20": 0.049,
    "precision_at_3": 0.23333,
    "precision_at_5": 0.144,
    "recall_at_1": 0.36,
    "recall_at_10": 0.8,
    "recall_at_100": 1.0,
    "recall_at_1000": 1.0,
    "recall_at_20": 0.98,
    "recall_at_3": 0.7,
    "recall_at_5": 0.72
  }
}