{
  "dataset_revision": "6e346642246bfb4928c560ee08640dc84d074e8c",
  "mteb_dataset_name": "LEMBPasskeyRetrieval",
  "mteb_version": "1.6.23",
  "test": {
    "evaluation_time": 2.28,
    "map_at_1": 0.12,
    "map_at_10": 0.22241,
    "map_at_100": 0.23441,
    "map_at_1000": 0.23441,
    "map_at_20": 0.22477,
    "map_at_3": 0.19333,
    "map_at_5": 0.21733,
    "mrr_at_1": 0.12,
    "mrr_at_10": 0.22241,
    "mrr_at_100": 0.23441,
    "mrr_at_1000": 0.23441,
    "mrr_at_20": 0.22477,
    "mrr_at_3": 0.19333,
    "mrr_at_5": 0.21733,
    "ndcg_at_1": 0.12,
    "ndcg_at_10": 0.27535,
    "ndcg_at_100": 0.37382,
    "ndcg_at_1000": 0.37382,
    "ndcg_at_20": 0.28495,
    "ndcg_at_3": 0.22047,
    "ndcg_at_5": 0.26267,
    "precision_at_1": 0.12,
    "precision_at_10": 0.044,
    "precision_at_100": 0.01,
    "precision_at_1000": 0.001,
    "precision_at_20": 0.024,
    "precision_at_3": 0.1,
    "precision_at_5": 0.08,
    "recall_at_1": 0.12,
    "recall_at_10": 0.44,
    "recall_at_100": 1.0,
    "recall_at_1000": 1.0,
    "recall_at_20": 0.48,
    "recall_at_3": 0.3,
    "recall_at_5": 0.4
  }
}