{
  "dataset_revision": "6e346642246bfb4928c560ee08640dc84d074e8c",
  "mteb_dataset_name": "LEMBNeedleRetrieval",
  "mteb_version": "1.6.23",
  "test": {
    "evaluation_time": 8.08,
    "map_at_1": 0.08,
    "map_at_10": 0.23086,
    "map_at_100": 0.25243,
    "map_at_1000": 0.25243,
    "map_at_20": 0.24613,
    "map_at_3": 0.17,
    "map_at_5": 0.203,
    "mrr_at_1": 0.08,
    "mrr_at_10": 0.23086,
    "mrr_at_100": 0.25243,
    "mrr_at_1000": 0.25243,
    "mrr_at_20": 0.24613,
    "mrr_at_3": 0.17,
    "mrr_at_5": 0.203,
    "ndcg_at_1": 0.08,
    "ndcg_at_10": 0.3189,
    "ndcg_at_100": 0.41059,
    "ndcg_at_1000": 0.41059,
    "ndcg_at_20": 0.37125,
    "ndcg_at_3": 0.19833,
    "ndcg_at_5": 0.25687,
    "precision_at_1": 0.08,
    "precision_at_10": 0.06,
    "precision_at_100": 0.01,
    "precision_at_1000": 0.001,
    "precision_at_20": 0.04,
    "precision_at_3": 0.09333,
    "precision_at_5": 0.084,
    "recall_at_1": 0.08,
    "recall_at_10": 0.6,
    "recall_at_100": 1.0,
    "recall_at_1000": 1.0,
    "recall_at_20": 0.8,
    "recall_at_3": 0.28,
    "recall_at_5": 0.42
  }
}