{
  "dataset_revision": "6e346642246bfb4928c560ee08640dc84d074e8c",
  "mteb_dataset_name": "LEMBPasskeyRetrieval",
  "mteb_version": "1.6.23",
  "test": {
    "evaluation_time": 7.1,
    "map_at_1": 0.36,
    "map_at_10": 0.49977,
    "map_at_100": 0.50708,
    "map_at_1000": 0.50708,
    "map_at_20": 0.50556,
    "map_at_3": 0.43333,
    "map_at_5": 0.47933,
    "mrr_at_1": 0.36,
    "mrr_at_10": 0.49977,
    "mrr_at_100": 0.50708,
    "mrr_at_1000": 0.50708,
    "mrr_at_20": 0.50556,
    "mrr_at_3": 0.43333,
    "mrr_at_5": 0.47933,
    "ndcg_at_1": 0.36,
    "ndcg_at_10": 0.59014,
    "ndcg_at_100": 0.61903,
    "ndcg_at_1000": 0.61903,
    "ndcg_at_20": 0.61064,
    "ndcg_at_3": 0.46047,
    "ndcg_at_5": 0.5431,
    "precision_at_1": 0.36,
    "precision_at_10": 0.088,
    "precision_at_100": 0.01,
    "precision_at_1000": 0.001,
    "precision_at_20": 0.048,
    "precision_at_3": 0.18,
    "precision_at_5": 0.148,
    "recall_at_1": 0.36,
    "recall_at_10": 0.88,
    "recall_at_100": 1.0,
    "recall_at_1000": 1.0,
    "recall_at_20": 0.96,
    "recall_at_3": 0.54,
    "recall_at_5": 0.74
  }
}