{
  "dataset_revision": "6e346642246bfb4928c560ee08640dc84d074e8c",
  "mteb_dataset_name": "LEMBNeedleRetrieval",
  "mteb_version": "1.6.23",
  "test": {
    "evaluation_time": 0.03,
    "map_at_1": 0.08,
    "map_at_10": 0.207,
    "map_at_100": 0.22606,
    "map_at_1000": 0.22606,
    "map_at_20": 0.21714,
    "map_at_3": 0.15667,
    "map_at_5": 0.19767,
    "mrr_at_1": 0.08,
    "mrr_at_10": 0.207,
    "mrr_at_100": 0.22606,
    "mrr_at_1000": 0.22606,
    "mrr_at_20": 0.21714,
    "mrr_at_3": 0.15667,
    "mrr_at_5": 0.19767,
    "ndcg_at_1": 0.08,
    "ndcg_at_10": 0.28158,
    "ndcg_at_100": 0.38123,
    "ndcg_at_1000": 0.38123,
    "ndcg_at_20": 0.31748,
    "ndcg_at_3": 0.18309,
    "ndcg_at_5": 0.25711,
    "precision_at_1": 0.08,
    "precision_at_10": 0.052,
    "precision_at_100": 0.01,
    "precision_at_1000": 0.001,
    "precision_at_20": 0.033,
    "precision_at_3": 0.08667,
    "precision_at_5": 0.088,
    "recall_at_1": 0.08,
    "recall_at_10": 0.52,
    "recall_at_100": 1.0,
    "recall_at_1000": 1.0,
    "recall_at_20": 0.66,
    "recall_at_3": 0.26,
    "recall_at_5": 0.44
  }
}