{
  "dataset_revision": "6e346642246bfb4928c560ee08640dc84d074e8c",
  "mteb_dataset_name": "LEMBNeedleRetrieval",
  "mteb_version": "1.6.23",
  "test": {
    "evaluation_time": 11.81,
    "map_at_1": 0.38,
    "map_at_10": 0.53689,
    "map_at_100": 0.54258,
    "map_at_1000": 0.54258,
    "map_at_20": 0.54152,
    "map_at_3": 0.48333,
    "map_at_5": 0.51933,
    "mrr_at_1": 0.38,
    "mrr_at_10": 0.53689,
    "mrr_at_100": 0.54258,
    "mrr_at_1000": 0.54258,
    "mrr_at_20": 0.54152,
    "mrr_at_3": 0.48333,
    "mrr_at_5": 0.51933,
    "ndcg_at_1": 0.38,
    "ndcg_at_10": 0.62313,
    "ndcg_at_100": 0.64648,
    "ndcg_at_1000": 0.64648,
    "ndcg_at_20": 0.63891,
    "ndcg_at_3": 0.51357,
    "ndcg_at_5": 0.57897,
    "precision_at_1": 0.38,
    "precision_at_10": 0.09,
    "precision_at_100": 0.01,
    "precision_at_1000": 0.001,
    "precision_at_20": 0.048,
    "precision_at_3": 0.2,
    "precision_at_5": 0.152,
    "recall_at_1": 0.38,
    "recall_at_10": 0.9,
    "recall_at_100": 1.0,
    "recall_at_1000": 1.0,
    "recall_at_20": 0.96,
    "recall_at_3": 0.6,
    "recall_at_5": 0.76
  }
}