{
  "dataset_revision": "6e346642246bfb4928c560ee08640dc84d074e8c",
  "mteb_dataset_name": "LEMBPasskeyRetrieval",
  "mteb_version": "1.6.23",
  "test": {
    "evaluation_time": 6.17,
    "map_at_1": 0.02,
    "map_at_10": 0.05036,
    "map_at_100": 0.07334,
    "map_at_1000": 0.07334,
    "map_at_20": 0.05826,
    "map_at_3": 0.03667,
    "map_at_5": 0.04167,
    "mrr_at_1": 0.02,
    "mrr_at_10": 0.02733,
    "mrr_at_100": 0.04845,
    "mrr_at_1000": 0.04845,
    "mrr_at_20": 0.03143,
    "mrr_at_3": 0.02,
    "mrr_at_5": 0.024,
    "ndcg_at_1": 0.02,
    "ndcg_at_10": 0.07133,
    "ndcg_at_100": 0.23044,
    "ndcg_at_1000": 0.23044,
    "ndcg_at_20": 0.10117,
    "ndcg_at_3": 0.04262,
    "ndcg_at_5": 0.05123,
    "precision_at_1": 0.02,
    "precision_at_10": 0.014,
    "precision_at_100": 0.01,
    "precision_at_1000": 0.001,
    "precision_at_20": 0.013,
    "precision_at_3": 0.02,
    "precision_at_5": 0.016,
    "recall_at_1": 0.02,
    "recall_at_10": 0.14,
    "recall_at_100": 1.0,
    "recall_at_1000": 1.0,
    "recall_at_20": 0.26,
    "recall_at_3": 0.06,
    "recall_at_5": 0.08
  }
}