{
  "dataset_revision": "6e346642246bfb4928c560ee08640dc84d074e8c",
  "mteb_dataset_name": "LEMBNeedleRetrieval",
  "mteb_version": "1.6.23",
  "test": {
    "evaluation_time": 7.64,
    "map_at_1": 0.02,
    "map_at_10": 0.0355,
    "map_at_100": 0.05917,
    "map_at_1000": 0.05917,
    "map_at_20": 0.0442,
    "map_at_3": 0.02,
    "map_at_5": 0.033,
    "mrr_at_1": 0.02,
    "mrr_at_10": 0.03186,
    "mrr_at_100": 0.05758,
    "mrr_at_1000": 0.05758,
    "mrr_at_20": 0.03898,
    "mrr_at_3": 0.02,
    "mrr_at_5": 0.029,
    "ndcg_at_1": 0.02,
    "ndcg_at_10": 0.0504,
    "ndcg_at_100": 0.21556,
    "ndcg_at_1000": 0.21556,
    "ndcg_at_20": 0.0812,
    "ndcg_at_3": 0.02,
    "ndcg_at_5": 0.04409,
    "precision_at_1": 0.02,
    "precision_at_10": 0.01,
    "precision_at_100": 0.01,
    "precision_at_1000": 0.001,
    "precision_at_20": 0.011,
    "precision_at_3": 0.00667,
    "precision_at_5": 0.016,
    "recall_at_1": 0.02,
    "recall_at_10": 0.1,
    "recall_at_100": 1.0,
    "recall_at_1000": 1.0,
    "recall_at_20": 0.22,
    "recall_at_3": 0.02,
    "recall_at_5": 0.08
  }
}