{
  "dataset_revision": "6e346642246bfb4928c560ee08640dc84d074e8c",
  "mteb_dataset_name": "LEMBPasskeyRetrieval",
  "mteb_version": "1.6.23",
  "test": {
    "evaluation_time": 28.12,
    "map_at_1": 0.0,
    "map_at_10": 0.01167,
    "map_at_100": 0.03533,
    "map_at_1000": 0.03533,
    "map_at_20": 0.01641,
    "map_at_3": 0.00667,
    "map_at_5": 0.01167,
    "mrr_at_1": 0.0,
    "mrr_at_10": 0.01167,
    "mrr_at_100": 0.0327,
    "mrr_at_1000": 0.0327,
    "mrr_at_20": 0.01492,
    "mrr_at_3": 0.00667,
    "mrr_at_5": 0.01167,
    "ndcg_at_1": 0.0,
    "ndcg_at_10": 0.01861,
    "ndcg_at_100": 0.19263,
    "ndcg_at_1000": 0.19263,
    "ndcg_at_20": 0.03452,
    "ndcg_at_3": 0.01,
    "ndcg_at_5": 0.01861,
    "precision_at_1": 0.0,
    "precision_at_10": 0.004,
    "precision_at_100": 0.01,
    "precision_at_1000": 0.001,
    "precision_at_20": 0.005,
    "precision_at_3": 0.00667,
    "precision_at_5": 0.008,
    "recall_at_1": 0.0,
    "recall_at_10": 0.04,
    "recall_at_100": 1.0,
    "recall_at_1000": 1.0,
    "recall_at_20": 0.1,
    "recall_at_3": 0.02,
    "recall_at_5": 0.04
  }
}