{
  "dataset_revision": "6e346642246bfb4928c560ee08640dc84d074e8c",
  "mteb_dataset_name": "LEMBNeedleRetrieval",
  "mteb_version": "1.6.23",
  "test": {
    "evaluation_time": 29.73,
    "map_at_1": 0.02,
    "map_at_10": 0.03352,
    "map_at_100": 0.0542,
    "map_at_1000": 0.0542,
    "map_at_20": 0.03879,
    "map_at_3": 0.02,
    "map_at_5": 0.02,
    "mrr_at_1": 0.02,
    "mrr_at_10": 0.03394,
    "mrr_at_100": 0.05518,
    "mrr_at_1000": 0.05518,
    "mrr_at_20": 0.0382,
    "mrr_at_3": 0.02,
    "mrr_at_5": 0.024,
    "ndcg_at_1": 0.02,
    "ndcg_at_10": 0.05248,
    "ndcg_at_100": 0.21032,
    "ndcg_at_1000": 0.21032,
    "ndcg_at_20": 0.07232,
    "ndcg_at_3": 0.02,
    "ndcg_at_5": 0.02,
    "precision_at_1": 0.02,
    "precision_at_10": 0.012,
    "precision_at_100": 0.01,
    "precision_at_1000": 0.001,
    "precision_at_20": 0.01,
    "precision_at_3": 0.00667,
    "precision_at_5": 0.004,
    "recall_at_1": 0.02,
    "recall_at_10": 0.12,
    "recall_at_100": 1.0,
    "recall_at_1000": 1.0,
    "recall_at_20": 0.2,
    "recall_at_3": 0.02,
    "recall_at_5": 0.02
  }
}