{
  "dataset_revision": "6e346642246bfb4928c560ee08640dc84d074e8c",
  "mteb_dataset_name": "LEMBPasskeyRetrieval",
  "mteb_version": "1.6.23",
  "test": {
    "evaluation_time": 56.56,
    "map_at_1": 0.04,
    "map_at_10": 0.07302,
    "map_at_100": 0.0942,
    "map_at_1000": 0.0942,
    "map_at_20": 0.08013,
    "map_at_3": 0.05667,
    "map_at_5": 0.06567,
    "mrr_at_1": 0.04,
    "mrr_at_10": 0.07302,
    "mrr_at_100": 0.09406,
    "mrr_at_1000": 0.09406,
    "mrr_at_20": 0.08013,
    "mrr_at_3": 0.05667,
    "mrr_at_5": 0.06567,
    "ndcg_at_1": 0.04,
    "ndcg_at_10": 0.09773,
    "ndcg_at_100": 0.24788,
    "ndcg_at_1000": 0.24788,
    "ndcg_at_20": 0.12323,
    "ndcg_at_3": 0.06262,
    "ndcg_at_5": 0.07897,
    "precision_at_1": 0.04,
    "precision_at_10": 0.018,
    "precision_at_100": 0.01,
    "precision_at_1000": 0.001,
    "precision_at_20": 0.014,
    "precision_at_3": 0.02667,
    "precision_at_5": 0.024,
    "recall_at_1": 0.04,
    "recall_at_10": 0.18,
    "recall_at_100": 1.0,
    "recall_at_1000": 1.0,
    "recall_at_20": 0.28,
    "recall_at_3": 0.08,
    "recall_at_5": 0.12
  }
}