{
  "dataset_revision": "6e346642246bfb4928c560ee08640dc84d074e8c",
  "mteb_dataset_name": "LEMBPasskeyRetrieval",
  "mteb_version": "1.6.23",
  "test": {
    "evaluation_time": 7.33,
    "map_at_1": 0.04,
    "map_at_10": 0.04708,
    "map_at_100": 0.07081,
    "map_at_1000": 0.07081,
    "map_at_20": 0.05544,
    "map_at_3": 0.04,
    "map_at_5": 0.04,
    "mrr_at_1": 0.04,
    "mrr_at_10": 0.0575,
    "mrr_at_100": 0.07717,
    "mrr_at_1000": 0.07717,
    "mrr_at_20": 0.06015,
    "mrr_at_3": 0.04667,
    "mrr_at_5": 0.05167,
    "ndcg_at_1": 0.04,
    "ndcg_at_10": 0.05847,
    "ndcg_at_100": 0.22416,
    "ndcg_at_1000": 0.22416,
    "ndcg_at_20": 0.08883,
    "ndcg_at_3": 0.04,
    "ndcg_at_5": 0.04,
    "precision_at_1": 0.04,
    "precision_at_10": 0.01,
    "precision_at_100": 0.01,
    "precision_at_1000": 0.001,
    "precision_at_20": 0.011,
    "precision_at_3": 0.01333,
    "precision_at_5": 0.008,
    "recall_at_1": 0.04,
    "recall_at_10": 0.1,
    "recall_at_100": 1.0,
    "recall_at_1000": 1.0,
    "recall_at_20": 0.22,
    "recall_at_3": 0.04,
    "recall_at_5": 0.04
  }
}