{
  "dataset_revision": "6e346642246bfb4928c560ee08640dc84d074e8c",
  "mteb_dataset_name": "LEMBPasskeyRetrieval",
  "mteb_version": "1.6.23",
  "test": {
    "evaluation_time": 30.57,
    "map_at_1": 0.0,
    "map_at_10": 0.02202,
    "map_at_100": 0.04747,
    "map_at_1000": 0.04747,
    "map_at_20": 0.03202,
    "map_at_3": 0.01333,
    "map_at_5": 0.01333,
    "mrr_at_1": 0.0,
    "mrr_at_10": 0.0145,
    "mrr_at_100": 0.03769,
    "mrr_at_1000": 0.03769,
    "mrr_at_20": 0.02087,
    "mrr_at_3": 0.01,
    "mrr_at_5": 0.01,
    "ndcg_at_1": 0.0,
    "ndcg_at_10": 0.0401,
    "ndcg_at_100": 0.2086,
    "ndcg_at_1000": 0.2086,
    "ndcg_at_20": 0.07582,
    "ndcg_at_3": 0.02,
    "ndcg_at_5": 0.02,
    "precision_at_1": 0.0,
    "precision_at_10": 0.01,
    "precision_at_100": 0.01,
    "precision_at_1000": 0.001,
    "precision_at_20": 0.012,
    "precision_at_3": 0.01333,
    "precision_at_5": 0.008,
    "recall_at_1": 0.0,
    "recall_at_10": 0.1,
    "recall_at_100": 1.0,
    "recall_at_1000": 1.0,
    "recall_at_20": 0.24,
    "recall_at_3": 0.04,
    "recall_at_5": 0.04
  }
}