{
  "dataset_revision": "6e346642246bfb4928c560ee08640dc84d074e8c",
  "mteb_dataset_name": "LEMBNeedleRetrieval",
  "mteb_version": "1.6.23",
  "test": {
    "evaluation_time": 30.97,
    "map_at_1": 0.0,
    "map_at_10": 0.01583,
    "map_at_100": 0.04015,
    "map_at_1000": 0.04015,
    "map_at_20": 0.02449,
    "map_at_3": 0.01333,
    "map_at_5": 0.01333,
    "mrr_at_1": 0.0,
    "mrr_at_10": 0.01333,
    "mrr_at_100": 0.03935,
    "mrr_at_1000": 0.03935,
    "mrr_at_20": 0.02121,
    "mrr_at_3": 0.01333,
    "mrr_at_5": 0.01333,
    "ndcg_at_1": 0.0,
    "ndcg_at_10": 0.02631,
    "ndcg_at_100": 0.19803,
    "ndcg_at_1000": 0.19803,
    "ndcg_at_20": 0.05704,
    "ndcg_at_3": 0.02,
    "ndcg_at_5": 0.02,
    "precision_at_1": 0.0,
    "precision_at_10": 0.006,
    "precision_at_100": 0.01,
    "precision_at_1000": 0.001,
    "precision_at_20": 0.009,
    "precision_at_3": 0.01333,
    "precision_at_5": 0.008,
    "recall_at_1": 0.0,
    "recall_at_10": 0.06,
    "recall_at_100": 1.0,
    "recall_at_1000": 1.0,
    "recall_at_20": 0.18,
    "recall_at_3": 0.04,
    "recall_at_5": 0.04
  }
}