{
  "dataset_revision": "6e346642246bfb4928c560ee08640dc84d074e8c",
  "mteb_dataset_name": "LEMBNeedleRetrieval",
  "mteb_version": "1.6.23",
  "test": {
    "evaluation_time": 28.15,
    "map_at_1": 0.04,
    "map_at_10": 0.05317,
    "map_at_100": 0.07824,
    "map_at_1000": 0.07824,
    "map_at_20": 0.06132,
    "map_at_3": 0.04667,
    "map_at_5": 0.05067,
    "mrr_at_1": 0.04,
    "mrr_at_10": 0.054,
    "mrr_at_100": 0.07712,
    "mrr_at_1000": 0.07712,
    "mrr_at_20": 0.06024,
    "mrr_at_3": 0.05,
    "mrr_at_5": 0.054,
    "ndcg_at_1": 0.04,
    "ndcg_at_10": 0.06405,
    "ndcg_at_100": 0.23245,
    "ndcg_at_1000": 0.23245,
    "ndcg_at_20": 0.09418,
    "ndcg_at_3": 0.05,
    "ndcg_at_5": 0.05774,
    "precision_at_1": 0.04,
    "precision_at_10": 0.01,
    "precision_at_100": 0.01,
    "precision_at_1000": 0.001,
    "precision_at_20": 0.011,
    "precision_at_3": 0.02,
    "precision_at_5": 0.016,
    "recall_at_1": 0.04,
    "recall_at_10": 0.1,
    "recall_at_100": 1.0,
    "recall_at_1000": 1.0,
    "recall_at_20": 0.22,
    "recall_at_3": 0.06,
    "recall_at_5": 0.08
  }
}