{
  "dataset_revision": "6e346642246bfb4928c560ee08640dc84d074e8c",
  "mteb_dataset_name": "LEMBPasskeyRetrieval",
  "mteb_version": "1.6.23",
  "test": {
    "evaluation_time": 33.67,
    "map_at_1": 0.04,
    "map_at_10": 0.06686,
    "map_at_100": 0.08912,
    "map_at_1000": 0.08912,
    "map_at_20": 0.07458,
    "map_at_3": 0.05667,
    "map_at_5": 0.06067,
    "mrr_at_1": 0.04,
    "mrr_at_10": 0.07011,
    "mrr_at_100": 0.08746,
    "mrr_at_1000": 0.08746,
    "mrr_at_20": 0.07229,
    "mrr_at_3": 0.05667,
    "mrr_at_5": 0.06567,
    "ndcg_at_1": 0.04,
    "ndcg_at_10": 0.08415,
    "ndcg_at_100": 0.24208,
    "ndcg_at_1000": 0.24208,
    "ndcg_at_20": 0.11376,
    "ndcg_at_3": 0.06262,
    "ndcg_at_5": 0.07036,
    "precision_at_1": 0.04,
    "precision_at_10": 0.014,
    "precision_at_100": 0.01,
    "precision_at_1000": 0.001,
    "precision_at_20": 0.013,
    "precision_at_3": 0.02667,
    "precision_at_5": 0.02,
    "recall_at_1": 0.04,
    "recall_at_10": 0.14,
    "recall_at_100": 1.0,
    "recall_at_1000": 1.0,
    "recall_at_20": 0.26,
    "recall_at_3": 0.08,
    "recall_at_5": 0.1
  }
}