{
  "dataset_revision": "6e346642246bfb4928c560ee08640dc84d074e8c",
  "mteb_dataset_name": "LEMBNeedleRetrieval",
  "mteb_version": "1.6.23",
  "test": {
    "evaluation_time": 0.02,
    "map_at_1": 0.04,
    "map_at_10": 0.04619,
    "map_at_100": 0.06715,
    "map_at_1000": 0.06715,
    "map_at_20": 0.05014,
    "map_at_3": 0.04,
    "map_at_5": 0.04,
    "mrr_at_1": 0.04,
    "mrr_at_10": 0.06036,
    "mrr_at_100": 0.08344,
    "mrr_at_1000": 0.08344,
    "mrr_at_20": 0.06847,
    "mrr_at_3": 0.04,
    "mrr_at_5": 0.053,
    "ndcg_at_1": 0.04,
    "ndcg_at_10": 0.05379,
    "ndcg_at_100": 0.2179,
    "ndcg_at_1000": 0.2179,
    "ndcg_at_20": 0.0687,
    "ndcg_at_3": 0.04,
    "ndcg_at_5": 0.04,
    "precision_at_1": 0.04,
    "precision_at_10": 0.008,
    "precision_at_100": 0.01,
    "precision_at_1000": 0.001,
    "precision_at_20": 0.007,
    "precision_at_3": 0.01333,
    "precision_at_5": 0.008,
    "recall_at_1": 0.04,
    "recall_at_10": 0.08,
    "recall_at_100": 1.0,
    "recall_at_1000": 1.0,
    "recall_at_20": 0.14,
    "recall_at_3": 0.04,
    "recall_at_5": 0.04
  }
}