{
  "dataset_revision": "6e346642246bfb4928c560ee08640dc84d074e8c",
  "mteb_dataset_name": "LEMBNeedleRetrieval",
  "mteb_version": "1.6.23",
  "test": {
    "evaluation_time": 0.05,
    "map_at_1": 0.52,
    "map_at_10": 0.64158,
    "map_at_100": 0.64694,
    "map_at_1000": 0.64694,
    "map_at_20": 0.64558,
    "map_at_3": 0.60667,
    "map_at_5": 0.63067,
    "mrr_at_1": 0.52,
    "mrr_at_10": 0.64158,
    "mrr_at_100": 0.64694,
    "mrr_at_1000": 0.64694,
    "mrr_at_20": 0.64558,
    "mrr_at_3": 0.60667,
    "mrr_at_5": 0.63067,
    "ndcg_at_1": 0.52,
    "ndcg_at_10": 0.69926,
    "ndcg_at_100": 0.72509,
    "ndcg_at_1000": 0.72509,
    "ndcg_at_20": 0.71422,
    "ndcg_at_3": 0.63095,
    "ndcg_at_5": 0.67314,
    "precision_at_1": 0.52,
    "precision_at_10": 0.088,
    "precision_at_100": 0.01,
    "precision_at_1000": 0.001,
    "precision_at_20": 0.047,
    "precision_at_3": 0.23333,
    "precision_at_5": 0.16,
    "recall_at_1": 0.52,
    "recall_at_10": 0.88,
    "recall_at_100": 1.0,
    "recall_at_1000": 1.0,
    "recall_at_20": 0.94,
    "recall_at_3": 0.7,
    "recall_at_5": 0.8
  }
}