{
  "dataset_revision": "6e346642246bfb4928c560ee08640dc84d074e8c",
  "mteb_dataset_name": "LEMBPasskeyRetrieval",
  "mteb_version": "1.6.23",
  "test": {
    "evaluation_time": 0.01,
    "map_at_1": 0.02,
    "map_at_10": 0.16575,
    "map_at_100": 0.18225,
    "map_at_1000": 0.18225,
    "map_at_20": 0.16978,
    "map_at_3": 0.14667,
    "map_at_5": 0.16067,
    "mrr_at_1": 0.02,
    "mrr_at_10": 0.16575,
    "mrr_at_100": 0.18225,
    "mrr_at_1000": 0.18225,
    "mrr_at_20": 0.16978,
    "mrr_at_3": 0.14667,
    "mrr_at_5": 0.16067,
    "ndcg_at_1": 0.02,
    "ndcg_at_10": 0.21907,
    "ndcg_at_100": 0.33397,
    "ndcg_at_1000": 0.33397,
    "ndcg_at_20": 0.23411,
    "ndcg_at_3": 0.18142,
    "ndcg_at_5": 0.20639,
    "precision_at_1": 0.02,
    "precision_at_10": 0.038,
    "precision_at_100": 0.01,
    "precision_at_1000": 0.001,
    "precision_at_20": 0.022,
    "precision_at_3": 0.09333,
    "precision_at_5": 0.068,
    "recall_at_1": 0.02,
    "recall_at_10": 0.38,
    "recall_at_100": 1.0,
    "recall_at_1000": 1.0,
    "recall_at_20": 0.44,
    "recall_at_3": 0.28,
    "recall_at_5": 0.34
  }
}